2026-10-03 07:47:08,369 [trainer.py] => config: /kaggle/working/imagenetr_kaggle.json
2026-10-03 07:47:08,369 [trainer.py] => prefix: imagenetr_qksr
2026-10-03 07:47:08,369 [trainer.py] => dataset: imagenetr
2026-10-03 07:47:08,369 [trainer.py] => save_checkpoints: True
2026-10-03 07:47:08,369 [trainer.py] => resume: True
2026-10-03 07:47:08,369 [trainer.py] => isolate_runs: True
2026-10-03 07:47:08,369 [trainer.py] => keep_last_checkpoint: True
2026-10-03 07:47:08,369 [trainer.py] => compact_diagonal_checkpoint: False
2026-10-03 07:47:08,369 [trainer.py] => eval_interval: 0
2026-10-03 07:47:08,369 [trainer.py] => ca_eval_interval: 0
2026-10-03 07:47:08,369 [trainer.py] => num_workers: 2
2026-10-03 07:47:08,369 [trainer.py] => stats_num_workers: 2
2026-10-03 07:47:08,369 [trainer.py] => pin_memory: True
2026-10-03 07:47:08,369 [trainer.py] => persistent_workers: True
2026-10-03 07:47:08,369 [trainer.py] => shuffle: True
2026-10-03 07:47:08,369 [trainer.py] => ssca: True
2026-10-03 07:47:08,369 [trainer.py] => ca: True
2026-10-03 07:47:08,369 [trainer.py] => init_cls: 20
2026-10-03 07:47:08,369 [trainer.py] => increment: 20
2026-10-03 07:47:08,369 [trainer.py] => model_name: adapter
2026-10-03 07:47:08,369 [trainer.py] => convnet_type: pretrained_vit_b16_224_in21k_adapter
2026-10-03 07:47:08,369 [trainer.py] => device: [device(type='cuda', index=0)]
2026-10-03 07:47:08,369 [trainer.py] => seed: 1993
2026-10-03 07:47:08,369 [trainer.py] => init_epochs: 30
2026-10-03 07:47:08,369 [trainer.py] => warmup_epoch: 4
2026-10-03 07:47:08,369 [trainer.py] => inc_epochs: 30
2026-10-03 07:47:08,369 [trainer.py] => ca_epochs: 10
2026-10-03 07:47:08,369 [trainer.py] => init_lr: 0.006734973446816302
2026-10-03 07:47:08,369 [trainer.py] => batch_size: 48
2026-10-03 07:47:08,369 [trainer.py] => weight_decay: 1.0711992196950609e-06
2026-10-03 07:47:08,369 [trainer.py] => min_lr: 0
2026-10-03 07:47:08,369 [trainer.py] => ffn_num: 64
2026-10-03 07:47:08,369 [trainer.py] => optimizer: sgd
2026-10-03 07:47:08,369 [trainer.py] => scale: 50.0
2026-10-03 07:47:08,369 [trainer.py] => margin: 0.2
2026-10-03 07:47:08,369 [trainer.py] => alpha: 1.5
2026-10-03 07:47:08,369 [trainer.py] => rs_margin: 0.4
2026-10-03 07:47:08,369 [trainer.py] => lambda_rs: 0.5
2026-10-03 07:47:08,369 [trainer.py] => beta: 3.0
2026-10-03 07:47:08,369 [trainer.py] => gamma: 1.5
2026-10-03 07:47:08,369 [trainer.py] => ae_code_dims: 384
2026-10-03 07:47:08,370 [trainer.py] => ae_init_lr: 0.00016714136601737281
2026-10-03 07:47:08,370 [trainer.py] => ae_weight_decay: 0.004098198825078632
2026-10-03 07:47:08,370 [trainer.py] => output_root: /kaggle/working/qksr_runs
2026-10-03 07:47:08,370 [trainer.py] => val_ratio: 0.0
2026-10-03 07:47:08,370 [trainer.py] => use_quantum_kernel_base: True
2026-10-03 07:47:08,370 [trainer.py] => use_quantum_kernel_inc: True
2026-10-03 07:47:08,370 [trainer.py] => q_kernel_type: pqk
2026-10-03 07:47:08,370 [trainer.py] => q_kernel_order: 1
2026-10-03 07:47:08,370 [trainer.py] => q_order2_weight: 1.0
2026-10-03 07:47:08,370 [trainer.py] => q_num_qubits: 8
2026-10-03 07:47:08,370 [trainer.py] => q_num_layers: 2
2026-10-03 07:47:08,370 [trainer.py] => q_reupload: False
2026-10-03 07:47:08,370 [trainer.py] => q_dtype: float32
2026-10-03 07:47:08,370 [trainer.py] => q_gamma_mode: bounded_learned
2026-10-03 07:47:08,370 [trainer.py] => q_calib_samples: 512
2026-10-03 07:47:08,370 [trainer.py] => q_init_seed: 1234
2026-10-03 07:47:08,370 [trainer.py] => q_metric_lr_mult: 0.1
2026-10-03 07:47:08,370 [trainer.py] => q_inc_train_mode: frozen
2026-10-03 07:47:08,370 [trainer.py] => inc_loss_mode: mean
2026-10-03 07:47:08,370 [trainer.py] => q_inc_pair: old_proj
2026-10-03 07:47:08,370 [trainer.py] => rs_margin_q: 0.5
2026-10-03 07:47:08,370 [trainer.py] => rs_margin_q_mode: fixed
2026-10-03 07:47:08,370 [trainer.py] => rs_margin_quantile: 0.9
2026-10-03 07:47:08,370 [trainer.py] => rs_margin_inc: 0.3
2026-10-03 07:47:28,990 [data_manager.py] => [168, 136, 51, 9, 183, 101, 171, 99, 42, 159, 191, 70, 16, 188, 27, 10, 175, 26, 68, 187, 98, 6, 85, 35, 112, 43, 100, 0, 103, 181, 88, 59, 4, 2, 116, 174, 94, 80, 106, 1, 147, 17, 141, 131, 72, 23, 173, 54, 197, 118, 87, 32, 79, 104, 91, 19, 135, 107, 178, 36, 11, 199, 142, 8, 122, 3, 28, 57, 153, 172, 190, 56, 49, 44, 97, 62, 151, 169, 194, 55, 192, 12, 189, 78, 66, 180, 15, 137, 109, 134, 92, 119, 126, 52, 170, 40, 148, 65, 144, 64, 138, 45, 77, 89, 154, 90, 71, 193, 74, 30, 113, 143, 96, 84, 67, 50, 186, 156, 69, 21, 18, 111, 108, 58, 125, 157, 150, 110, 182, 129, 166, 83, 81, 60, 13, 165, 14, 176, 63, 117, 5, 22, 145, 121, 38, 41, 82, 127, 114, 20, 31, 53, 37, 163, 196, 130, 152, 162, 86, 76, 24, 34, 184, 149, 33, 128, 198, 155, 146, 167, 139, 120, 140, 102, 47, 25, 158, 123, 46, 164, 61, 7, 115, 75, 133, 160, 105, 132, 179, 124, 48, 73, 93, 39, 95, 195, 29, 177, 185, 161]
2026-10-03 07:47:30,440 [RSIAT_adapter.py] => QKSR parameter counts: {'projector': 6152, 'metric': 17, 'total': 6169, 'trainable': 6169}
2026-10-03 07:47:30,440 [trainer.py] => Resume enabled but no checkpoint was found. Starting from task 0.
2026-10-03 07:47:30,441 [trainer.py] => All params: 86988288
2026-10-03 07:47:30,441 [trainer.py] => Trainable params: 1189632
2026-10-03 07:47:30,442 [RSIAT_adapter.py] => Learning on 0-20
2026-10-03 07:47:30,443 [RSIAT_adapter.py] => QKSR calibration task=0 samples=512 indices=[530, 2548, 772, 2784, 795, 1829, 376, 616, 504, 1954, 1078, 832, 820, 431, 2610, 977, 172, 2365, 316, 1591, 1633, 2669, 2377, 315, 2710, 22, 1418, 1048, 2143, 1195, 114, 2523, 690, 2460, 2341, 1400, 1538, 427, 164, 2626, 736, 548, 27, 2504, 1294, 289, 134, 2011, 753, 2077, 2684, 698, 739, 752, 2321, 2016, 1362, 1252, 1024, 1707, 2541, 1768, 157, 1519, 1098, 1336, 2566, 773, 1566, 62, 1164, 2654, 494, 320, 2498, 1354, 964, 2561, 1469, 1117, 1097, 641, 1092, 985, 1451, 973, 594, 2567, 2276, 661, 1937, 2542, 2696, 1038, 1682, 2202, 816, 835, 1785, 1370, 2443, 732, 1194, 2242, 1273, 1999, 469, 2171, 2324, 2167, 577, 2496, 1407, 747, 2096, 609, 890, 1136, 379, 472, 511, 895, 1853, 2603, 2122, 2427, 1778, 2711, 1780, 929, 2601, 1791, 2712, 1567, 999, 1431, 190, 946, 2695, 522, 886, 1924, 2553, 1662, 2115, 373, 1950, 1084, 2013, 914, 199, 2754, 574, 679, 882, 2781, 2194, 1706, 2383, 2320, 160, 1659, 1262, 565, 891, 1541, 416, 879, 2484, 1941, 478, 1015, 1435, 2065, 2429, 1966, 192, 1753, 1644, 2099, 2303, 2191, 1867, 992, 2128, 1263, 2491, 1666, 236, 1305, 193, 2330, 2565, 2155, 417, 1626, 2251, 80, 2034, 1323, 827, 646, 2440, 2422, 1701, 1917, 1264, 2022, 956, 2437, 524, 1811, 513, 226, 2530, 1703, 351, 1834, 871, 1905, 668, 2672, 23, 292, 204, 2692, 2004, 2677, 1946, 34, 975, 2070, 2144, 2662, 2296, 2081, 2227, 2451, 1962, 1071, 331, 2409, 2349, 2647, 1530, 1237, 306, 1548, 514, 2014, 327, 1943, 2298, 596, 424, 7, 1944, 2024, 1691, 2028, 2753, 1832, 896, 432, 1583, 2243, 1970, 947, 399, 445, 1369, 948, 1439, 2624, 501, 2030, 1248, 452, 643, 1449, 1974, 2114, 301, 1624, 2038, 1229, 1823, 1190, 1124, 239, 1182, 1686, 2240, 323, 97, 2124, 430, 1022, 2137, 585, 1684, 1878, 2489, 83, 1677, 587, 374, 57, 699, 1621, 1830, 1368, 2402, 1510, 980, 1531, 702, 2064, 1792, 2169, 632, 2450, 2235, 277, 492, 1828, 508, 1615, 2430, 175, 1280, 588, 1640, 162, 864, 1099, 2454, 98, 1680, 1803, 2369, 2002, 2617, 485, 2262, 401, 1419, 2370, 1180, 174, 2367, 50, 930, 2162, 2182, 1528, 657, 1315, 1030, 546, 1329, 1285, 857, 798, 885, 2606, 2424, 1806, 1801, 2722, 299, 1166, 2252, 2265, 1345, 1391, 2730, 3, 2067, 388, 2314, 1467, 995, 746, 129, 140, 1596, 2255, 1520, 1495, 1008, 654, 1424, 273, 664, 309, 520, 1033, 581, 2371, 1484, 1423, 350, 1191, 766, 1444, 1277, 872, 1822, 2313, 1606, 25, 1309, 1593, 2426, 1279, 2732, 2644, 1983, 2495, 1723, 1245, 1549, 1856, 601, 1852, 653, 304, 842, 531, 1574, 2360, 2111, 1121, 526, 257, 2179, 1972, 1000, 2708, 1404, 2264, 1170, 1463, 1135, 26, 856, 47, 1922, 496, 1128, 1986, 1120, 438, 2428, 2189, 1783, 2254, 701, 1045, 2544, 1961, 2045, 1328, 804, 1766, 1689, 2636, 1319, 202, 1604, 1261, 1789, 1295, 2502, 843, 1067, 293, 362, 671, 205, 770, 2453, 404, 1493, 2098, 1235, 295, 1833, 221, 2372, 2044, 2195, 2020, 2203, 2779, 1694, 2047, 2123, 2126, 1198, 2651, 2311, 381, 1819, 105, 282, 211, 2699, 950, 95, 2185]
2026-10-03 07:47:32,645 [RSIAT_adapter.py] => QKSR gamma calibrated at task 0: gamma0=0.47354108, mode=bounded_learned
2026-10-03 07:47:32,646 [toolkit.py] => All params: 86265625
2026-10-03 07:47:32,646 [toolkit.py] => Trainable params: 1211161
2026-10-03 07:47:39,283 [RSIAT_adapter.py] => QKSR diagnostics task=0 epoch=1 gamma=0.47354108 gradients={'gamma_param': 0.0, 'projector.linear.weight': 0.0, 'projector.linear.bias': 0.0, 'encoder.theta': 0.0} kernel={'min': 1.0, 'mean': 1.0, 'std': 0.0, 'max': 1.0, 'quantiles_05_25_50_75_95': [1.0, 1.0, 1.0, 1.0, 1.0], 'histogram_10_bins_0_1': [0, 0, 0, 0, 0, 0, 0, 0, 0, 1]}
2026-10-03 07:47:45,826 [RSIAT_adapter.py] => QKSR diagnostics task=0 epoch=2 gamma=0.43992159 gradients={'gamma_param': 0.0, 'projector.linear.weight': 0.0, 'projector.linear.bias': 0.0, 'encoder.theta': 0.0} kernel={'min': 1.0, 'mean': 1.0, 'std': 0.0, 'max': 1.0, 'quantiles_05_25_50_75_95': [1.0, 1.0, 1.0, 1.0, 1.0], 'histogram_10_bins_0_1': [0, 0, 0, 0, 0, 0, 0, 0, 0, 1]}
2026-10-03 07:47:52,133 [RSIAT_adapter.py] => QKSR diagnostics task=0 epoch=3 gamma=0.40885401 gradients={'gamma_param': 0.0, 'projector.linear.weight': 0.0, 'projector.linear.bias': 0.0, 'encoder.theta': 0.0} kernel={'min': 1.0, 'mean': 1.0, 'std': 0.0, 'max': 1.0, 'quantiles_05_25_50_75_95': [1.0, 1.0, 1.0, 1.0, 1.0], 'histogram_10_bins_0_1': [0, 0, 0, 0, 0, 0, 0, 0, 0, 1]}
2026-10-03 07:47:58,443 [RSIAT_adapter.py] => QKSR diagnostics task=0 epoch=4 gamma=0.3867074 gradients={'gamma_param': 0.0, 'projector.linear.weight': 0.0, 'projector.linear.bias': 0.0, 'encoder.theta': 0.0} kernel={'min': 1.0, 'mean': 1.0, 'std': 0.0, 'max': 1.0, 'quantiles_05_25_50_75_95': [1.0, 1.0, 1.0, 1.0, 1.0], 'histogram_10_bins_0_1': [0, 0, 0, 0, 0, 0, 0, 0, 0, 1]}
2026-10-03 07:48:04,732 [RSIAT_adapter.py] => QKSR diagnostics task=0 epoch=5 gamma=0.36132157 gradients={'gamma_param': 0.0, 'projector.linear.weight': 0.0, 'projector.linear.bias': 0.0, 'encoder.theta': 0.0} kernel={'min': 1.0, 'mean': 1.0, 'std': 0.0, 'max': 1.0, 'quantiles_05_25_50_75_95': [1.0, 1.0, 1.0, 1.0, 1.0], 'histogram_10_bins_0_1': [0, 0, 0, 0, 0, 0, 0, 0, 0, 1]}
2026-10-03 07:48:11,045 [RSIAT_adapter.py] => QKSR diagnostics task=0 epoch=6 gamma=0.33328986 gradients={'gamma_param': 0.0, 'projector.linear.weight': 0.0, 'projector.linear.bias': 0.0, 'encoder.theta': 0.0} kernel={'min': 1.0, 'mean': 1.0, 'std': 0.0, 'max': 1.0, 'quantiles_05_25_50_75_95': [1.0, 1.0, 1.0, 1.0, 1.0], 'histogram_10_bins_0_1': [0, 0, 0, 0, 0, 0, 0, 0, 0, 1]}
2026-10-03 07:48:17,372 [RSIAT_adapter.py] => QKSR diagnostics task=0 epoch=7 gamma=0.3114579 gradients={'gamma_param': 0.0, 'projector.linear.weight': 0.0, 'projector.linear.bias': 0.0, 'encoder.theta': 0.0} kernel={'min': 1.0, 'mean': 1.0, 'std': 0.0, 'max': 1.0, 'quantiles_05_25_50_75_95': [1.0, 1.0, 1.0, 1.0, 1.0], 'histogram_10_bins_0_1': [0, 0, 0, 0, 0, 0, 0, 0, 0, 1]}
2026-10-03 07:48:23,671 [RSIAT_adapter.py] => QKSR diagnostics task=0 epoch=8 gamma=0.28792697 gradients={'gamma_param': 0.0, 'projector.linear.weight': 0.0, 'projector.linear.bias': 0.0, 'encoder.theta': 0.0} kernel={'min': 1.0, 'mean': 1.0, 'std': 0.0, 'max': 1.0, 'quantiles_05_25_50_75_95': [1.0, 1.0, 1.0, 1.0, 1.0], 'histogram_10_bins_0_1': [0, 0, 0, 0, 0, 0, 0, 0, 0, 1]}
2026-10-03 07:48:30,104 [RSIAT_adapter.py] => QKSR diagnostics task=0 epoch=9 gamma=0.26859164 gradients={'gamma_param': 0.0, 'projector.linear.weight': 0.0, 'projector.linear.bias': 0.0, 'encoder.theta': 0.0} kernel={'min': 1.0, 'mean': 1.0, 'std': 0.0, 'max': 1.0, 'quantiles_05_25_50_75_95': [1.0, 1.0, 1.0, 1.0, 1.0], 'histogram_10_bins_0_1': [0, 0, 0, 0, 0, 0, 0, 0, 0, 1]}
2026-10-03 07:48:36,557 [RSIAT_adapter.py] => QKSR diagnostics task=0 epoch=10 gamma=0.25540155 gradients={'gamma_param': 0.0, 'projector.linear.weight': 0.0, 'projector.linear.bias': 0.0, 'encoder.theta': 0.0} kernel={'min': 1.0, 'mean': 1.0, 'std': 0.0, 'max': 1.0, 'quantiles_05_25_50_75_95': [1.0, 1.0, 1.0, 1.0, 1.0], 'histogram_10_bins_0_1': [0, 0, 0, 0, 0, 0, 0, 0, 0, 1]}
2026-10-03 07:48:43,033 [RSIAT_adapter.py] => QKSR diagnostics task=0 epoch=11 gamma=0.24642171 gradients={'gamma_param': 0.0, 'projector.linear.weight': 0.0, 'projector.linear.bias': 0.0, 'encoder.theta': 0.0} kernel={'min': 1.0, 'mean': 1.0, 'std': 0.0, 'max': 1.0, 'quantiles_05_25_50_75_95': [1.0, 1.0, 1.0, 1.0, 1.0], 'histogram_10_bins_0_1': [0, 0, 0, 0, 0, 0, 0, 0, 0, 1]}
2026-10-03 07:48:49,351 [RSIAT_adapter.py] => QKSR diagnostics task=0 epoch=12 gamma=0.24066642 gradients={'gamma_param': 0.0, 'projector.linear.weight': 0.0, 'projector.linear.bias': 0.0, 'encoder.theta': 0.0} kernel={'min': 1.0, 'mean': 1.0, 'std': 0.0, 'max': 1.0, 'quantiles_05_25_50_75_95': [1.0, 1.0, 1.0, 1.0, 1.0], 'histogram_10_bins_0_1': [0, 0, 0, 0, 0, 0, 0, 0, 0, 1]}
2026-10-03 07:48:55,672 [RSIAT_adapter.py] => QKSR diagnostics task=0 epoch=13 gamma=0.23648943 gradients={'gamma_param': 0.0, 'projector.linear.weight': 0.0, 'projector.linear.bias': 0.0, 'encoder.theta': 0.0} kernel={'min': 1.0, 'mean': 1.0, 'std': 0.0, 'max': 1.0, 'quantiles_05_25_50_75_95': [1.0, 1.0, 1.0, 1.0, 1.0], 'histogram_10_bins_0_1': [0, 0, 0, 0, 0, 0, 0, 0, 0, 1]}
2026-10-03 07:49:02,013 [RSIAT_adapter.py] => QKSR diagnostics task=0 epoch=14 gamma=0.23337175 gradients={'gamma_param': 0.0, 'projector.linear.weight': 0.0, 'projector.linear.bias': 0.0, 'encoder.theta': 0.0} kernel={'min': 1.0, 'mean': 1.0, 'std': 0.0, 'max': 1.0, 'quantiles_05_25_50_75_95': [1.0, 1.0, 1.0, 1.0, 1.0], 'histogram_10_bins_0_1': [0, 0, 0, 0, 0, 0, 0, 0, 0, 1]}
2026-10-03 07:49:08,465 [RSIAT_adapter.py] => QKSR diagnostics task=0 epoch=15 gamma=0.23080824 gradients={'gamma_param': 0.0, 'projector.linear.weight': 0.0, 'projector.linear.bias': 0.0, 'encoder.theta': 0.0} kernel={'min': 1.0, 'mean': 1.0, 'std': 0.0, 'max': 1.0, 'quantiles_05_25_50_75_95': [1.0, 1.0, 1.0, 1.0, 1.0], 'histogram_10_bins_0_1': [0, 0, 0, 0, 0, 0, 0, 0, 0, 1]}
2026-10-03 07:49:14,892 [RSIAT_adapter.py] => QKSR diagnostics task=0 epoch=16 gamma=0.23003715 gradients={'gamma_param': 0.0, 'projector.linear.weight': 0.0, 'projector.linear.bias': 0.0, 'encoder.theta': 0.0} kernel={'min': 1.0, 'mean': 1.0, 'std': 0.0, 'max': 1.0, 'quantiles_05_25_50_75_95': [1.0, 1.0, 1.0, 1.0, 1.0], 'histogram_10_bins_0_1': [0, 0, 0, 0, 0, 0, 0, 0, 0, 1]}
2026-10-03 07:49:21,213 [RSIAT_adapter.py] => QKSR diagnostics task=0 epoch=17 gamma=0.22881907 gradients={'gamma_param': 0.0, 'projector.linear.weight': 0.0, 'projector.linear.bias': 0.0, 'encoder.theta': 0.0} kernel={'min': 1.0, 'mean': 1.0, 'std': 0.0, 'max': 1.0, 'quantiles_05_25_50_75_95': [1.0, 1.0, 1.0, 1.0, 1.0], 'histogram_10_bins_0_1': [0, 0, 0, 0, 0, 0, 0, 0, 0, 1]}
2026-10-03 07:49:27,551 [RSIAT_adapter.py] => QKSR diagnostics task=0 epoch=18 gamma=0.22800128 gradients={'gamma_param': 0.0, 'projector.linear.weight': 0.0, 'projector.linear.bias': 0.0, 'encoder.theta': 0.0} kernel={'min': 1.0, 'mean': 1.0, 'std': 0.0, 'max': 1.0, 'quantiles_05_25_50_75_95': [1.0, 1.0, 1.0, 1.0, 1.0], 'histogram_10_bins_0_1': [0, 0, 0, 0, 0, 0, 0, 0, 0, 1]}
2026-10-03 07:49:33,874 [RSIAT_adapter.py] => QKSR diagnostics task=0 epoch=19 gamma=0.22786492 gradients={'gamma_param': 0.0, 'projector.linear.weight': 0.0, 'projector.linear.bias': 0.0, 'encoder.theta': 0.0} kernel={'min': 1.0, 'mean': 1.0, 'std': 0.0, 'max': 1.0, 'quantiles_05_25_50_75_95': [1.0, 1.0, 1.0, 1.0, 1.0], 'histogram_10_bins_0_1': [0, 0, 0, 0, 0, 0, 0, 0, 0, 1]}
2026-10-03 07:49:40,283 [RSIAT_adapter.py] => QKSR diagnostics task=0 epoch=20 gamma=0.22805443 gradients={'gamma_param': 0.0, 'projector.linear.weight': 0.0, 'projector.linear.bias': 0.0, 'encoder.theta': 0.0} kernel={'min': 1.0, 'mean': 1.0, 'std': 0.0, 'max': 1.0, 'quantiles_05_25_50_75_95': [1.0, 1.0, 1.0, 1.0, 1.0], 'histogram_10_bins_0_1': [0, 0, 0, 0, 0, 0, 0, 0, 0, 1]}
2026-10-03 07:49:46,749 [RSIAT_adapter.py] => QKSR diagnostics task=0 epoch=21 gamma=0.22803695 gradients={'gamma_param': 0.0, 'projector.linear.weight': 0.0, 'projector.linear.bias': 0.0, 'encoder.theta': 0.0} kernel={'min': 1.0, 'mean': 1.0, 'std': 0.0, 'max': 1.0, 'quantiles_05_25_50_75_95': [1.0, 1.0, 1.0, 1.0, 1.0], 'histogram_10_bins_0_1': [0, 0, 0, 0, 0, 0, 0, 0, 0, 1]}
2026-10-03 07:49:53,205 [RSIAT_adapter.py] => QKSR diagnostics task=0 epoch=22 gamma=0.22815898 gradients={'gamma_param': 0.0, 'projector.linear.weight': 0.0, 'projector.linear.bias': 0.0, 'encoder.theta': 0.0} kernel={'min': 1.0, 'mean': 1.0, 'std': 0.0, 'max': 1.0, 'quantiles_05_25_50_75_95': [1.0, 1.0, 1.0, 1.0, 1.0], 'histogram_10_bins_0_1': [0, 0, 0, 0, 0, 0, 0, 0, 0, 1]}
2026-10-03 07:49:59,669 [RSIAT_adapter.py] => QKSR diagnostics task=0 epoch=23 gamma=0.22838625 gradients={'gamma_param': 0.0, 'projector.linear.weight': 0.0, 'projector.linear.bias': 0.0, 'encoder.theta': 0.0} kernel={'min': 1.0, 'mean': 1.0, 'std': 0.0, 'max': 1.0, 'quantiles_05_25_50_75_95': [1.0, 1.0, 1.0, 1.0, 1.0], 'histogram_10_bins_0_1': [0, 0, 0, 0, 0, 0, 0, 0, 0, 1]}
2026-10-03 07:50:06,102 [RSIAT_adapter.py] => QKSR diagnostics task=0 epoch=24 gamma=0.22858244 gradients={'gamma_param': 0.0, 'projector.linear.weight': 0.0, 'projector.linear.bias': 0.0, 'encoder.theta': 0.0} kernel={'min': 1.0, 'mean': 1.0, 'std': 0.0, 'max': 1.0, 'quantiles_05_25_50_75_95': [1.0, 1.0, 1.0, 1.0, 1.0], 'histogram_10_bins_0_1': [0, 0, 0, 0, 0, 0, 0, 0, 0, 1]}
2026-10-03 07:50:12,547 [RSIAT_adapter.py] => QKSR diagnostics task=0 epoch=25 gamma=0.22853659 gradients={'gamma_param': 0.0, 'projector.linear.weight': 0.0, 'projector.linear.bias': 0.0, 'encoder.theta': 0.0} kernel={'min': 1.0, 'mean': 1.0, 'std': 0.0, 'max': 1.0, 'quantiles_05_25_50_75_95': [1.0, 1.0, 1.0, 1.0, 1.0], 'histogram_10_bins_0_1': [0, 0, 0, 0, 0, 0, 0, 0, 0, 1]}
2026-10-03 07:50:18,995 [RSIAT_adapter.py] => QKSR diagnostics task=0 epoch=26 gamma=0.22858448 gradients={'gamma_param': 0.0, 'projector.linear.weight': 0.0, 'projector.linear.bias': 0.0, 'encoder.theta': 0.0} kernel={'min': 1.0, 'mean': 1.0, 'std': 0.0, 'max': 1.0, 'quantiles_05_25_50_75_95': [1.0, 1.0, 1.0, 1.0, 1.0], 'histogram_10_bins_0_1': [0, 0, 0, 0, 0, 0, 0, 0, 0, 1]}
2026-10-03 07:50:25,364 [RSIAT_adapter.py] => QKSR diagnostics task=0 epoch=27 gamma=0.22866783 gradients={'gamma_param': 0.0, 'projector.linear.weight': 0.0, 'projector.linear.bias': 0.0, 'encoder.theta': 0.0} kernel={'min': 1.0, 'mean': 1.0, 'std': 0.0, 'max': 1.0, 'quantiles_05_25_50_75_95': [1.0, 1.0, 1.0, 1.0, 1.0], 'histogram_10_bins_0_1': [0, 0, 0, 0, 0, 0, 0, 0, 0, 1]}
2026-10-03 07:50:31,722 [RSIAT_adapter.py] => QKSR diagnostics task=0 epoch=28 gamma=0.22867736 gradients={'gamma_param': 0.0, 'projector.linear.weight': 0.0, 'projector.linear.bias': 0.0, 'encoder.theta': 0.0} kernel={'min': 1.0, 'mean': 1.0, 'std': 0.0, 'max': 1.0, 'quantiles_05_25_50_75_95': [1.0, 1.0, 1.0, 1.0, 1.0], 'histogram_10_bins_0_1': [0, 0, 0, 0, 0, 0, 0, 0, 0, 1]}
2026-10-03 07:50:38,078 [RSIAT_adapter.py] => QKSR diagnostics task=0 epoch=29 gamma=0.22868644 gradients={'gamma_param': 0.0, 'projector.linear.weight': 0.0, 'projector.linear.bias': 0.0, 'encoder.theta': 0.0} kernel={'min': 1.0, 'mean': 1.0, 'std': 0.0, 'max': 1.0, 'quantiles_05_25_50_75_95': [1.0, 1.0, 1.0, 1.0, 1.0], 'histogram_10_bins_0_1': [0, 0, 0, 0, 0, 0, 0, 0, 0, 1]}
2026-10-03 07:50:45,926 [RSIAT_adapter.py] => QKSR diagnostics task=0 epoch=30 gamma=0.22869217 gradients={'gamma_param': 0.0, 'projector.linear.weight': 0.0, 'projector.linear.bias': 0.0, 'encoder.theta': 0.0} kernel={'min': 1.0, 'mean': 1.0, 'std': 0.0, 'max': 1.0, 'quantiles_05_25_50_75_95': [1.0, 1.0, 1.0, 1.0, 1.0], 'histogram_10_bins_0_1': [0, 0, 0, 0, 0, 0, 0, 0, 0, 1]}
2026-10-03 07:50:45,926 [RSIAT_adapter.py] => Task 0, Epoch 30/30 => Loss 2.024, Loss_c 1.817, Losses_rt 0.207, Train_accy 92.78, Test_accy 95.62, Time 6.44s
2026-10-03 07:50:45,926 [RSIAT_adapter.py] => Task 0 peak GPU memory: 4417.51 MiB
2026-10-03 07:50:59,740 [trainer.py] => CNN: {'total': 95.62, '00-09': 95.38, '10-19': 95.82, 'old': 0.0, 'new': 95.62}
2026-10-03 07:50:59,923 [base.py] => Saved checkpoint: /kaggle/working/qksr_runs/ckpt/imagenetr_qksr/imagenetr/20_20/seed_1993/task_0.pkl
2026-10-03 07:50:59,924 [trainer.py] => CNN top1 curve: [95.62]
2026-10-03 07:50:59,924 [trainer.py] => CNN top5 curve: [99.29]
2026-10-03 07:50:59,924 [trainer.py] => Average Accuracy (CNN): 95.62
2026-10-03 07:50:59,924 [trainer.py] => All params: 87003648
2026-10-03 07:50:59,925 [trainer.py] => Trainable params: 1204992
2026-10-03 07:50:59,926 [RSIAT_adapter.py] => Learning on 20-40
2026-10-03 07:50:59,973 [RSIAT_adapter.py] => QKSR calibration task=1 samples=512 indices=[778, 975, 1234, 1554, 538, 2228, 140, 1721, 875, 439, 1390, 331, 631, 1591, 289, 2083, 796, 527, 1895, 2422, 1143, 1168, 767, 202, 393, 2305, 1691, 1744, 1867, 1755, 813, 1139, 430, 1643, 1365, 840, 779, 929, 2137, 1026, 2343, 1659, 118, 1182, 612, 1433, 506, 742, 658, 962, 55, 463, 1579, 386, 2457, 1491, 2148, 64, 1071, 1653, 493, 1528, 1511, 1756, 87, 328, 603, 52, 2385, 1655, 1705, 1682, 274, 640, 367, 1210, 2390, 207, 1250, 861, 425, 1908, 1472, 1910, 524, 2289, 1093, 1536, 1464, 1101, 126, 601, 2494, 2107, 2369, 2470, 420, 2131, 920, 1773, 1858, 1431, 2117, 1375, 1370, 1167, 2444, 2183, 2163, 2380, 1944, 77, 58, 257, 1495, 1577, 590, 1338, 2034, 2260, 1600, 1731, 453, 1668, 1875, 727, 807, 673, 165, 1326, 323, 745, 1131, 947, 2363, 1441, 1484, 740, 1256, 2157, 2149, 7, 2391, 2063, 2086, 1606, 227, 2313, 2432, 460, 1543, 2100, 220, 956, 2033, 1885, 1939, 2529, 832, 761, 476, 193, 1067, 1042, 734, 448, 743, 2126, 2135, 2511, 2234, 2043, 1494, 1508, 1076, 810, 1405, 618, 2217, 620, 1942, 770, 1727, 562, 1092, 1683, 1019, 850, 2374, 989, 462, 1724, 156, 1465, 196, 856, 206, 802, 2195, 2320, 787, 139, 671, 2538, 1020, 2076, 123, 471, 1882, 2396, 891, 945, 1357, 1427, 2026, 1764, 2184, 2294, 494, 1008, 1968, 1254, 1938, 555, 1031, 816, 1227, 1609, 1343, 2245, 1360, 1003, 173, 2062, 57, 938, 1712, 1296, 2241, 85, 1492, 2344, 602, 1622, 2290, 109, 246, 921, 15, 689, 901, 1788, 1765, 677, 1428, 1809, 1831, 290, 164, 1156, 721, 2219, 1710, 2295, 798, 948, 2061, 1151, 1201, 2141, 1146, 804, 2224, 823, 979, 2214, 1383, 918, 1918, 2209, 2449, 2038, 694, 862, 2179, 760, 1078, 1198, 1924, 1730, 1838, 1319, 1386, 440, 339, 1955, 874, 2167, 2256, 1085, 1135, 1272, 2486, 1312, 1826, 2140, 1054, 1404, 1905, 174, 725, 977, 1980, 1912, 2392, 2347, 2225, 1568, 2436, 1443, 1226, 1228, 312, 1295, 482, 160, 1982, 2372, 1664, 1989, 1373, 1106, 66, 1179, 2321, 2057, 2433, 2480, 967, 838, 1116, 1490, 1056, 17, 1066, 1024, 414, 472, 1957, 287, 623, 330, 2248, 2088, 899, 1271, 1594, 980, 427, 1874, 1355, 1122, 653, 691, 544, 805, 1566, 922, 987, 1125, 1947, 2242, 684, 1467, 606, 151, 843, 1505, 2440, 661, 641, 1715, 1717, 915, 1165, 1422, 1308, 1164, 806, 2089, 2253, 406, 2303, 2500, 896, 2002, 2528, 1870, 1596, 759, 1862, 1468, 248, 2202, 2479, 2288, 537, 2198, 511, 16, 1998, 1361, 2044, 1713, 909, 1266, 91, 1498, 1571, 2535, 1170, 2279, 1380, 1077, 105, 541, 771, 194, 1310, 148, 108, 1306, 490, 768, 428, 1115, 1368, 2071, 2459, 223, 588, 964, 2268, 1084, 611, 773, 1687, 2345, 569, 1416, 2330, 2530, 221, 2272, 762, 1010, 1869, 2371, 20, 1841, 150, 1134, 723, 2221, 2383, 1821, 674, 282, 1975, 609, 1434, 2158, 1669, 1928, 2448, 1766, 712, 81, 2467, 2111, 1873, 1684, 646, 301, 1251, 80, 261, 113, 35, 1564, 349, 137, 815, 260, 272, 1814, 2284, 1909, 22, 234, 1022, 283, 2106, 315, 2338, 1888, 2142, 1576, 1509, 1614, 645, 1260]
2026-10-03 07:51:12,278 [toolkit.py] => All params: 87167744
2026-10-03 07:51:12,278 [toolkit.py] => Trainable params: 1369088
2026-10-03 07:51:21,072 [RSIAT_adapter.py] => QKSR diagnostics task=1 epoch=1 gamma=0.22869217 gradients={} kernel={'min': 0.0896591916680336, 'mean': 0.465654581785202, 'std': 0.22274743020534515, 'max': 0.9826610684394836, 'quantiles_05_25_50_75_95': [0.1435813307762146, 0.3061220645904541, 0.4568231701850891, 0.5912368297576904, 0.9826599359512329], 'histogram_10_bins_0_1': [1, 5, 9, 8, 14, 9, 7, 2, 1, 4]}
2026-10-03 07:51:29,877 [RSIAT_adapter.py] => QKSR diagnostics task=1 epoch=2 gamma=0.22869217 gradients={} kernel={'min': 0.19623468816280365, 'mean': 0.6076470613479614, 'std': 0.167741060256958, 'max': 0.9829013347625732, 'quantiles_05_25_50_75_95': [0.2956314980983734, 0.5499404668807983, 0.6292766332626343, 0.7252338528633118, 0.807408332824707], 'histogram_10_bins_0_1': [0, 1, 3, 4, 5, 12, 14, 16, 4, 1]}
2026-10-03 07:51:38,663 [RSIAT_adapter.py] => QKSR diagnostics task=1 epoch=3 gamma=0.22869217 gradients={} kernel={'min': 0.0856640413403511, 'mean': 0.5123009085655212, 'std': 0.20384706556797028, 'max': 0.8929503560066223, 'quantiles_05_25_50_75_95': [0.22938719391822815, 0.33776241540908813, 0.5389187932014465, 0.6742843389511108, 0.8433155417442322], 'histogram_10_bins_0_1': [1, 1, 7, 11, 8, 11, 9, 6, 6, 0]}
2026-10-03 07:51:47,428 [RSIAT_adapter.py] => QKSR diagnostics task=1 epoch=4 gamma=0.22869217 gradients={} kernel={'min': 0.2510143518447876, 'mean': 0.5769168734550476, 'std': 0.1465103030204773, 'max': 0.9107002019882202, 'quantiles_05_25_50_75_95': [0.25101733207702637, 0.49258729815483093, 0.5919575691223145, 0.6574798822402954, 0.7926767468452454], 'histogram_10_bins_0_1': [0, 0, 4, 2, 13, 14, 16, 8, 1, 2]}
2026-10-03 07:51:56,250 [RSIAT_adapter.py] => QKSR diagnostics task=1 epoch=5 gamma=0.22869217 gradients={} kernel={'min': 0.26563969254493713, 'mean': 0.5475953817367554, 'std': 0.15672308206558228, 'max': 0.8671759366989136, 'quantiles_05_25_50_75_95': [0.26564309000968933, 0.4202428460121155, 0.5795465707778931, 0.6592739820480347, 0.7626948952674866], 'histogram_10_bins_0_1': [0, 0, 4, 11, 4, 15, 18, 5, 3, 0]}
2026-10-03 07:52:05,025 [RSIAT_adapter.py] => QKSR diagnostics task=1 epoch=6 gamma=0.22869217 gradients={} kernel={'min': 0.0840536504983902, 'mean': 0.5544998645782471, 'std': 0.19459804892539978, 'max': 0.9940682053565979, 'quantiles_05_25_50_75_95': [0.24906007945537567, 0.45438507199287415, 0.5511688590049744, 0.6301073431968689, 0.994067370891571], 'histogram_10_bins_0_1': [1, 0, 5, 7, 7, 17, 13, 4, 1, 5]}
2026-10-03 07:52:13,772 [RSIAT_adapter.py] => QKSR diagnostics task=1 epoch=7 gamma=0.22869217 gradients={} kernel={'min': 0.15427149832248688, 'mean': 0.545926034450531, 'std': 0.17263515293598175, 'max': 0.8390923738479614, 'quantiles_05_25_50_75_95': [0.1542736291885376, 0.4584144651889801, 0.5868529081344604, 0.6634819507598877, 0.7993852496147156], 'histogram_10_bins_0_1': [0, 4, 1, 7, 12, 10, 15, 8, 3, 0]}
2026-10-03 07:52:22,502 [RSIAT_adapter.py] => QKSR diagnostics task=1 epoch=8 gamma=0.22869217 gradients={} kernel={'min': 0.22941641509532928, 'mean': 0.514202892780304, 'std': 0.17185331881046295, 'max': 0.8600793480873108, 'quantiles_05_25_50_75_95': [0.24582040309906006, 0.4006022810935974, 0.5113556385040283, 0.6428963541984558, 0.7881596088409424], 'histogram_10_bins_0_1': [0, 0, 12, 1, 15, 12, 10, 8, 2, 0]}
2026-10-03 07:52:31,280 [RSIAT_adapter.py] => QKSR diagnostics task=1 epoch=9 gamma=0.22869217 gradients={} kernel={'min': 0.18923279643058777, 'mean': 0.5498341917991638, 'std': 0.18731224536895752, 'max': 0.9088813662528992, 'quantiles_05_25_50_75_95': [0.21105703711509705, 0.40813982486724854, 0.5823622345924377, 0.7237948179244995, 0.7940365672111511], 'histogram_10_bins_0_1': [0, 1, 8, 4, 9, 13, 9, 13, 2, 1]}
2026-10-03 07:52:40,070 [RSIAT_adapter.py] => QKSR diagnostics task=1 epoch=10 gamma=0.22869217 gradients={} kernel={'min': 0.28895366191864014, 'mean': 0.5752090215682983, 'std': 0.16054852306842804, 'max': 0.8681856393814087, 'quantiles_05_25_50_75_95': [0.29540184140205383, 0.5012462139129639, 0.6000874042510986, 0.6899663805961609, 0.8235822319984436], 'histogram_10_bins_0_1': [0, 0, 5, 7, 3, 15, 16, 10, 4, 0]}
2026-10-03 07:52:48,811 [RSIAT_adapter.py] => QKSR diagnostics task=1 epoch=11 gamma=0.22869217 gradients={} kernel={'min': 0.06962257623672485, 'mean': 0.5805308222770691, 'std': 0.227467343211174, 'max': 0.999992847442627, 'quantiles_05_25_50_75_95': [0.2208859622478485, 0.36979299783706665, 0.59370356798172, 0.7461432814598083, 0.999992847442627], 'histogram_10_bins_0_1': [1, 2, 3, 10, 5, 9, 10, 9, 5, 6]}
2026-10-03 07:52:57,464 [RSIAT_adapter.py] => QKSR diagnostics task=1 epoch=12 gamma=0.22869217 gradients={} kernel={'min': 0.07376352697610855, 'mean': 0.517264723777771, 'std': 0.22490134835243225, 'max': 0.9994502663612366, 'quantiles_05_25_50_75_95': [0.20816047489643097, 0.33470577001571655, 0.5360845327377319, 0.6677671074867249, 0.9994500279426575], 'histogram_10_bins_0_1': [1, 1, 9, 10, 7, 11, 8, 9, 0, 4]}
2026-10-03 07:53:06,184 [RSIAT_adapter.py] => QKSR diagnostics task=1 epoch=13 gamma=0.22869217 gradients={} kernel={'min': 0.07537799328565598, 'mean': 0.5113357305526733, 'std': 0.22494065761566162, 'max': 0.9990302920341492, 'quantiles_05_25_50_75_95': [0.18058446049690247, 0.3408381938934326, 0.5259336233139038, 0.6475347280502319, 0.9990299344062805], 'histogram_10_bins_0_1': [1, 5, 4, 10, 9, 12, 9, 5, 0, 5]}
2026-10-03 07:53:14,852 [RSIAT_adapter.py] => QKSR diagnostics task=1 epoch=14 gamma=0.22869217 gradients={} kernel={'min': 0.30696427822113037, 'mean': 0.5925267934799194, 'std': 0.12763457000255585, 'max': 0.9398050308227539, 'quantiles_05_25_50_75_95': [0.4113551080226898, 0.5172996520996094, 0.5834264755249023, 0.6766035556793213, 0.7728430032730103], 'histogram_10_bins_0_1': [0, 0, 0, 3, 10, 22, 11, 11, 2, 1]}
2026-10-03 07:53:23,501 [RSIAT_adapter.py] => QKSR diagnostics task=1 epoch=15 gamma=0.22869217 gradients={} kernel={'min': 0.0856727808713913, 'mean': 0.48530831933021545, 'std': 0.23441432416439056, 'max': 0.9752418994903564, 'quantiles_05_25_50_75_95': [0.13955315947532654, 0.3146739900112152, 0.46723467111587524, 0.6203861236572266, 0.9752408862113953], 'histogram_10_bins_0_1': [2, 7, 6, 6, 13, 8, 8, 2, 4, 4]}
2026-10-03 07:53:32,199 [RSIAT_adapter.py] => QKSR diagnostics task=1 epoch=16 gamma=0.22869217 gradients={} kernel={'min': 0.07024112343788147, 'mean': 0.5559930205345154, 'std': 0.21578264236450195, 'max': 0.9999619722366333, 'quantiles_05_25_50_75_95': [0.22140735387802124, 0.37726467847824097, 0.5794149041175842, 0.7076085209846497, 0.9999618530273438], 'histogram_10_bins_0_1': [1, 2, 3, 11, 8, 10, 9, 10, 2, 4]}
2026-10-03 07:53:40,857 [RSIAT_adapter.py] => QKSR diagnostics task=1 epoch=17 gamma=0.22869217 gradients={} kernel={'min': 0.09742814302444458, 'mean': 0.4956073760986328, 'std': 0.19823330640792847, 'max': 0.9724715948104858, 'quantiles_05_25_50_75_95': [0.10333988070487976, 0.3726873993873596, 0.5243231058120728, 0.6013780236244202, 0.777589738368988], 'histogram_10_bins_0_1': [1, 7, 2, 8, 5, 22, 8, 4, 2, 1]}
2026-10-03 07:53:49,529 [RSIAT_adapter.py] => QKSR diagnostics task=1 epoch=18 gamma=0.22869217 gradients={} kernel={'min': 0.27121296525001526, 'mean': 0.5346153378486633, 'std': 0.15847937762737274, 'max': 0.9193074703216553, 'quantiles_05_25_50_75_95': [0.27121633291244507, 0.45120763778686523, 0.5072260499000549, 0.6208962202072144, 0.8536989092826843], 'histogram_10_bins_0_1': [0, 0, 4, 10, 14, 16, 6, 4, 5, 1]}
2026-10-03 07:53:58,172 [RSIAT_adapter.py] => QKSR diagnostics task=1 epoch=19 gamma=0.22869217 gradients={} kernel={'min': 0.08530694246292114, 'mean': 0.5071310997009277, 'std': 0.212387815117836, 'max': 0.9950955510139465, 'quantiles_05_25_50_75_95': [0.2454705387353897, 0.33097344636917114, 0.49740302562713623, 0.6650896668434143, 0.9950947165489197], 'histogram_10_bins_0_1': [1, 0, 11, 13, 5, 10, 10, 5, 1, 4]}
2026-10-03 07:54:06,866 [RSIAT_adapter.py] => QKSR diagnostics task=1 epoch=20 gamma=0.22869217 gradients={} kernel={'min': 0.06915353983640671, 'mean': 0.5428637266159058, 'std': 0.2204081118106842, 'max': 1.0, 'quantiles_05_25_50_75_95': [0.21899381279945374, 0.3494347333908081, 0.555843710899353, 0.6913328766822815, 1.0], 'histogram_10_bins_0_1': [1, 2, 3, 17, 1, 10, 16, 2, 4, 4]}
2026-10-03 07:54:15,526 [RSIAT_adapter.py] => QKSR diagnostics task=1 epoch=21 gamma=0.22869217 gradients={} kernel={'min': 0.13204318284988403, 'mean': 0.4628925323486328, 'std': 0.20138102769851685, 'max': 0.8826358914375305, 'quantiles_05_25_50_75_95': [0.13204507529735565, 0.26420313119888306, 0.527204155921936, 0.6255332827568054, 0.7601796388626099], 'histogram_10_bins_0_1': [0, 8, 9, 7, 4, 14, 12, 4, 2, 0]}
2026-10-03 07:54:24,197 [RSIAT_adapter.py] => QKSR diagnostics task=1 epoch=22 gamma=0.22869217 gradients={} kernel={'min': 0.17548584938049316, 'mean': 0.5793712735176086, 'std': 0.17777203023433685, 'max': 0.8792787194252014, 'quantiles_05_25_50_75_95': [0.33087193965911865, 0.4308246374130249, 0.5977170467376709, 0.7056057453155518, 0.8481126427650452], 'histogram_10_bins_0_1': [0, 1, 0, 14, 5, 10, 13, 8, 9, 0]}
2026-10-03 07:54:32,833 [RSIAT_adapter.py] => QKSR diagnostics task=1 epoch=23 gamma=0.22869217 gradients={} kernel={'min': 0.19006238877773285, 'mean': 0.5905500054359436, 'std': 0.16111230850219727, 'max': 0.9023236632347107, 'quantiles_05_25_50_75_95': [0.3055294156074524, 0.503558337688446, 0.6168290376663208, 0.7005437612533569, 0.8813340663909912], 'histogram_10_bins_0_1': [0, 1, 1, 6, 6, 14, 16, 11, 3, 2]}
2026-10-03 07:54:41,574 [RSIAT_adapter.py] => QKSR diagnostics task=1 epoch=24 gamma=0.22869217 gradients={} kernel={'min': 0.11280085891485214, 'mean': 0.4653818905353546, 'std': 0.19643551111221313, 'max': 0.8244310617446899, 'quantiles_05_25_50_75_95': [0.18738479912281036, 0.28621694445610046, 0.5074037909507751, 0.6343578100204468, 0.7286484241485596], 'histogram_10_bins_0_1': [0, 7, 10, 7, 5, 13, 12, 5, 1, 0]}
2026-10-03 07:54:50,318 [RSIAT_adapter.py] => QKSR diagnostics task=1 epoch=25 gamma=0.22869217 gradients={} kernel={'min': 0.10127544403076172, 'mean': 0.492953896522522, 'std': 0.20690250396728516, 'max': 0.9529411792755127, 'quantiles_05_25_50_75_95': [0.1373056173324585, 0.33434462547302246, 0.5174769759178162, 0.6459118127822876, 0.7932878136634827], 'histogram_10_bins_0_1': [0, 5, 4, 14, 4, 14, 6, 10, 2, 1]}
2026-10-03 07:54:59,068 [RSIAT_adapter.py] => QKSR diagnostics task=1 epoch=26 gamma=0.22869217 gradients={} kernel={'min': 0.2419344037771225, 'mean': 0.562336266040802, 'std': 0.17429119348526, 'max': 0.871774435043335, 'quantiles_05_25_50_75_95': [0.2687327265739441, 0.4296569526195526, 0.5959171056747437, 0.7086353898048401, 0.7867571115493774], 'histogram_10_bins_0_1': [0, 0, 6, 8, 7, 9, 14, 14, 2, 0]}
2026-10-03 07:55:07,848 [RSIAT_adapter.py] => QKSR diagnostics task=1 epoch=27 gamma=0.22869217 gradients={} kernel={'min': 0.06934017688035965, 'mean': 0.4706939160823822, 'std': 0.2670046389102936, 'max': 0.999998927116394, 'quantiles_05_25_50_75_95': [0.15454134345054626, 0.26398608088493347, 0.456123948097229, 0.5785625576972961, 0.999998927116394], 'histogram_10_bins_0_1': [2, 8, 6, 13, 8, 10, 2, 3, 0, 8]}
2026-10-03 07:55:16,593 [RSIAT_adapter.py] => QKSR diagnostics task=1 epoch=28 gamma=0.22869217 gradients={} kernel={'min': 0.07950391620397568, 'mean': 0.5003691911697388, 'std': 0.22457346320152283, 'max': 0.9969967603683472, 'quantiles_05_25_50_75_95': [0.2281913459300995, 0.305636465549469, 0.5033913850784302, 0.6147177219390869, 0.9969961643218994], 'histogram_10_bins_0_1': [1, 0, 11, 12, 6, 12, 8, 3, 2, 5]}
2026-10-03 07:55:25,319 [RSIAT_adapter.py] => QKSR diagnostics task=1 epoch=29 gamma=0.22869217 gradients={} kernel={'min': 0.2742183208465576, 'mean': 0.571869432926178, 'std': 0.14805953204631805, 'max': 0.903589129447937, 'quantiles_05_25_50_75_95': [0.3544256091117859, 0.4776430130004883, 0.5446838140487671, 0.67408686876297, 0.8140923380851746], 'histogram_10_bins_0_1': [0, 0, 1, 8, 9, 19, 9, 9, 4, 1]}
2026-10-03 07:55:41,327 [RSIAT_adapter.py] => QKSR diagnostics task=1 epoch=30 gamma=0.22869217 gradients={} kernel={'min': 0.06947756558656693, 'mean': 0.5217772722244263, 'std': 0.21449024975299835, 'max': 0.9999967217445374, 'quantiles_05_25_50_75_95': [0.1918695569038391, 0.33791935443878174, 0.5218576192855835, 0.6487894058227539, 0.9999967217445374], 'histogram_10_bins_0_1': [1, 3, 4, 11, 5, 19, 6, 6, 1, 4]}
2026-10-03 07:55:41,327 [RSIAT_adapter.py] => Task 1, Epoch 30/30 => Loss 4.137, Loss_c 2.419, Losses_rt 1.718, Train_accy 82.53, Test_accy 90.63, Time 8.76s
2026-10-03 07:55:41,327 [RSIAT_adapter.py] => Task 1 peak GPU memory: 4876.04 MiB
2026-10-03 07:55:56,622 [base.py] => CA Task 1 => Loss 0.039, Test_accy skipped
2026-10-03 07:55:56,693 [base.py] => CA Task 1 => Loss 0.033, Test_accy skipped
2026-10-03 07:55:56,764 [base.py] => CA Task 1 => Loss 0.027, Test_accy skipped
2026-10-03 07:55:56,835 [base.py] => CA Task 1 => Loss 0.028, Test_accy skipped
2026-10-03 07:55:56,906 [base.py] => CA Task 1 => Loss 0.026, Test_accy skipped
2026-10-03 07:55:56,977 [base.py] => CA Task 1 => Loss 0.022, Test_accy skipped
2026-10-03 07:55:57,047 [base.py] => CA Task 1 => Loss 0.025, Test_accy skipped
2026-10-03 07:55:57,118 [base.py] => CA Task 1 => Loss 0.025, Test_accy skipped
2026-10-03 07:55:57,188 [base.py] => CA Task 1 => Loss 0.027, Test_accy skipped
2026-10-03 07:56:00,290 [base.py] => CA Task 1 => Loss 0.029, Test_accy 91.440
2026-10-03 07:56:03,299 [trainer.py] => CNN: {'total': 91.44, '00-09': 93.85, '10-19': 94.78, '20-29': 88.03, '30-39': 88.46, 'old': 94.35, 'new': 88.25}
2026-10-03 07:56:03,299 [trainer.py] => Continual metrics after task 1: BWT=-1.2700, forgetting=1.2700, task_acc=[94.35, 88.25]
2026-10-03 07:56:03,496 [base.py] => Saved checkpoint: /kaggle/working/qksr_runs/ckpt/imagenetr_qksr/imagenetr/20_20/seed_1993/task_1.pkl
2026-10-03 07:56:03,510 [trainer.py] => Removed superseded checkpoint: /kaggle/working/qksr_runs/ckpt/imagenetr_qksr/imagenetr/20_20/seed_1993/task_0.pkl
2026-10-03 07:56:03,510 [trainer.py] => CNN top1 curve: [95.62, 91.44]
2026-10-03 07:56:03,510 [trainer.py] => CNN top5 curve: [99.29, 98.15]
2026-10-03 07:56:03,510 [trainer.py] => Average Accuracy (CNN): 93.53
2026-10-03 07:56:03,511 [trainer.py] => All params: 87019008
2026-10-03 07:56:03,511 [trainer.py] => Trainable params: 1220352
2026-10-03 07:56:03,512 [RSIAT_adapter.py] => Learning on 40-60
2026-10-03 07:56:03,592 [RSIAT_adapter.py] => QKSR calibration task=2 samples=512 indices=[610, 764, 2036, 667, 2251, 1017, 1361, 1570, 1804, 2136, 1927, 1038, 366, 1452, 1709, 128, 488, 10, 1078, 1335, 1761, 2287, 2308, 1039, 1718, 2347, 1884, 437, 631, 1148, 1366, 1906, 360, 1700, 646, 1589, 1470, 349, 2094, 853, 1840, 1109, 1734, 1564, 1467, 1355, 1159, 161, 439, 987, 1002, 566, 1183, 1488, 1537, 1780, 818, 152, 1069, 127, 450, 1417, 1794, 1792, 302, 1402, 1091, 269, 1676, 1918, 2033, 2067, 1089, 81, 350, 2239, 492, 386, 2040, 2320, 65, 197, 2263, 1125, 1629, 528, 497, 1752, 332, 290, 1056, 1158, 710, 1088, 186, 745, 1585, 560, 2270, 1531, 940, 1330, 1135, 335, 1121, 700, 1044, 541, 371, 1722, 980, 1434, 239, 233, 1864, 1035, 1074, 1342, 1215, 329, 1222, 1817, 2300, 1813, 1858, 875, 635, 515, 1465, 49, 727, 1157, 740, 1245, 2157, 40, 394, 1754, 2045, 1014, 1808, 1174, 2148, 1419, 626, 1838, 644, 1395, 1406, 884, 827, 148, 1990, 426, 1690, 1957, 342, 1512, 1972, 1710, 1711, 1743, 737, 358, 2032, 266, 715, 2196, 1045, 1862, 970, 1776, 46, 289, 1413, 894, 2145, 333, 1766, 1790, 729, 43, 2230, 1391, 2174, 2117, 927, 1922, 2195, 693, 447, 1384, 77, 2352, 1910, 1210, 752, 1756, 334, 1146, 1208, 1225, 919, 2314, 1949, 436, 1301, 457, 2105, 403, 1216, 1401, 1070, 2014, 1672, 1673, 3, 1305, 1586, 2120, 1839, 1615, 1387, 204, 1944, 1909, 1433, 701, 1359, 2058, 1758, 2341, 1995, 424, 1937, 1373, 124, 1304, 1587, 1338, 2342, 1935, 828, 38, 1902, 2017, 1527, 1094, 1050, 324, 783, 1333, 2191, 1996, 517, 677, 2150, 1849, 2217, 2065, 2306, 1354, 1316, 1411, 399, 2299, 1363, 490, 1446, 388, 482, 467, 95, 1432, 1, 446, 1860, 1802, 2235, 1578, 2292, 2274, 1558, 105, 2132, 1169, 183, 654, 149, 2088, 1084, 2208, 57, 185, 2266, 1967, 278, 282, 1262, 1825, 1237, 1945, 2187, 2110, 651, 995, 2072, 1664, 1131, 1879, 1940, 323, 2214, 2248, 2165, 1747, 1104, 1451, 906, 924, 1468, 499, 1238, 1388, 990, 362, 885, 222, 1457, 11, 2140, 772, 215, 1082, 217, 923, 1279, 48, 1072, 2311, 223, 624, 659, 918, 1182, 1436, 1166, 2273, 1400, 2181, 1390, 1618, 213, 1119, 2212, 2294, 507, 133, 1762, 1924, 2183, 1346, 851, 957, 1515, 1846, 84, 534, 1970, 1394, 432, 1098, 1061, 137, 2275, 1848, 1859, 1915, 1057, 1857, 1426, 293, 1250, 1241, 917, 671, 294, 602, 1699, 2063, 1213, 1823, 1475, 466, 182, 742, 2012, 118, 1325, 225, 2210, 866, 1423, 524, 79, 1270, 994, 1920, 1315, 2321, 279, 1336, 1243, 573, 39, 0, 126, 1888, 1745, 1450, 1063, 1828, 1662, 1842, 486, 2201, 1296, 1991, 1239, 431, 1484, 1608, 1185, 985, 1043, 260, 252, 2315, 1007, 1786, 639, 972, 1955, 1566, 1431, 2047, 1553, 8, 1627, 1777, 2242, 1737, 2100, 649, 2301, 1706, 41, 1973, 1547, 2061, 705, 569, 408, 572, 2229, 273, 2296, 2107, 837, 320, 2194, 692, 1317, 697, 707, 249, 1675, 880, 495, 527, 1139, 2199, 2197, 628, 784, 1514, 1501, 1389, 2015, 2123, 2074, 221, 2249, 1276, 163, 173, 2228, 1939, 1370, 14, 2006, 1929, 863, 2255, 670, 1746, 92, 62, 1590, 1678, 2151, 1914]
2026-10-03 07:56:20,069 [toolkit.py] => All params: 87183104
2026-10-03 07:56:20,069 [toolkit.py] => Trainable params: 1384448
2026-10-03 07:56:28,204 [RSIAT_adapter.py] => QKSR diagnostics task=2 epoch=1 gamma=0.22869217 gradients={} kernel={'min': 0.1852903515100479, 'mean': 0.44651880860328674, 'std': 0.1679910123348236, 'max': 0.9432054162025452, 'quantiles_05_25_50_75_95': [0.29447120428085327, 0.2997659742832184, 0.4148026704788208, 0.4912215769290924, 0.7606452107429504], 'histogram_10_bins_0_1': [0, 1, 10, 8, 11, 3, 2, 4, 0, 1]}
2026-10-03 07:56:36,295 [RSIAT_adapter.py] => QKSR diagnostics task=2 epoch=2 gamma=0.22869217 gradients={} kernel={'min': 0.19312770664691925, 'mean': 0.5053616762161255, 'std': 0.2248126119375229, 'max': 0.9100658297538757, 'quantiles_05_25_50_75_95': [0.2601044774055481, 0.27499473094940186, 0.4286915063858032, 0.7293784618377686, 0.8743414878845215], 'histogram_10_bins_0_1': [0, 1, 11, 4, 5, 5, 3, 5, 4, 2]}
2026-10-03 07:56:44,381 [RSIAT_adapter.py] => QKSR diagnostics task=2 epoch=3 gamma=0.22869217 gradients={} kernel={'min': 0.2972162365913391, 'mean': 0.501987874507904, 'std': 0.16402918100357056, 'max': 0.8309932947158813, 'quantiles_05_25_50_75_95': [0.297217458486557, 0.31531596183776855, 0.5274922847747803, 0.6247114539146423, 0.7726780772209167], 'histogram_10_bins_0_1': [0, 0, 7, 7, 5, 7, 10, 2, 2, 0]}
2026-10-03 07:56:52,499 [RSIAT_adapter.py] => QKSR diagnostics task=2 epoch=4 gamma=0.22869217 gradients={} kernel={'min': 0.25860828161239624, 'mean': 0.6155292391777039, 'std': 0.1798904985189438, 'max': 0.9428670406341553, 'quantiles_05_25_50_75_95': [0.3270803689956665, 0.4792962670326233, 0.6281872987747192, 0.7593730688095093, 0.8412839770317078], 'histogram_10_bins_0_1': [0, 0, 2, 4, 6, 7, 3, 14, 3, 1]}
2026-10-03 07:57:00,591 [RSIAT_adapter.py] => QKSR diagnostics task=2 epoch=5 gamma=0.22869217 gradients={} kernel={'min': 0.11540775746107101, 'mean': 0.5708522200584412, 'std': 0.30996641516685486, 'max': 0.997866153717041, 'quantiles_05_25_50_75_95': [0.1990620195865631, 0.32234644889831543, 0.4584980010986328, 0.9924941658973694, 0.9956414103507996], 'histogram_10_bins_0_1': [0, 2, 8, 7, 5, 0, 4, 1, 2, 11]}
2026-10-03 07:57:08,628 [RSIAT_adapter.py] => QKSR diagnostics task=2 epoch=6 gamma=0.22869217 gradients={} kernel={'min': 0.4718675911426544, 'mean': 0.6591299176216125, 'std': 0.1330619603395462, 'max': 0.9037449955940247, 'quantiles_05_25_50_75_95': [0.48845717310905457, 0.509882390499115, 0.6517397165298462, 0.7899280786514282, 0.8467938303947449], 'histogram_10_bins_0_1': [0, 0, 0, 0, 3, 13, 8, 8, 7, 1]}
2026-10-03 07:57:16,647 [RSIAT_adapter.py] => QKSR diagnostics task=2 epoch=7 gamma=0.22869217 gradients={} kernel={'min': 0.3970683217048645, 'mean': 0.6579082608222961, 'std': 0.13591857254505157, 'max': 0.8916855454444885, 'quantiles_05_25_50_75_95': [0.48584243655204773, 0.5262987613677979, 0.674470067024231, 0.7705491185188293, 0.8618306517601013], 'histogram_10_bins_0_1': [0, 0, 0, 1, 2, 14, 5, 10, 8, 0]}
2026-10-03 07:57:24,668 [RSIAT_adapter.py] => QKSR diagnostics task=2 epoch=8 gamma=0.22869217 gradients={} kernel={'min': 0.41812145709991455, 'mean': 0.6170107126235962, 'std': 0.15190917253494263, 'max': 0.9904928803443909, 'quantiles_05_25_50_75_95': [0.41812366247177124, 0.4490576982498169, 0.6108356714248657, 0.744082510471344, 0.8333154320716858], 'histogram_10_bins_0_1': [0, 0, 0, 0, 12, 5, 10, 9, 3, 1]}
2026-10-03 07:57:32,766 [RSIAT_adapter.py] => QKSR diagnostics task=2 epoch=9 gamma=0.22869217 gradients={} kernel={'min': 0.14989785850048065, 'mean': 0.3753424286842346, 'std': 0.18935120105743408, 'max': 0.6759686470031738, 'quantiles_05_25_50_75_95': [0.1498987376689911, 0.17352072894573212, 0.3407328724861145, 0.5671842098236084, 0.6642737984657288], 'histogram_10_bins_0_1': [0, 11, 6, 6, 4, 5, 8, 0, 0, 0]}
2026-10-03 07:57:40,885 [RSIAT_adapter.py] => QKSR diagnostics task=2 epoch=10 gamma=0.22869217 gradients={} kernel={'min': 0.15907832980155945, 'mean': 0.5878391265869141, 'std': 0.16586755216121674, 'max': 0.9228858351707458, 'quantiles_05_25_50_75_95': [0.2266557514667511, 0.5227946043014526, 0.6354715824127197, 0.6880112290382385, 0.7442044019699097], 'histogram_10_bins_0_1': [0, 1, 2, 2, 4, 9, 17, 3, 0, 2]}
2026-10-03 07:57:48,992 [RSIAT_adapter.py] => QKSR diagnostics task=2 epoch=11 gamma=0.22869217 gradients={} kernel={'min': 0.30793747305870056, 'mean': 0.5829692482948303, 'std': 0.17070704698562622, 'max': 0.8899024724960327, 'quantiles_05_25_50_75_95': [0.3823300898075104, 0.3978900909423828, 0.5856343507766724, 0.7244900465011597, 0.8309469819068909], 'histogram_10_bins_0_1': [0, 0, 0, 10, 6, 7, 5, 5, 7, 0]}
2026-10-03 07:57:57,110 [RSIAT_adapter.py] => QKSR diagnostics task=2 epoch=12 gamma=0.22869217 gradients={} kernel={'min': 0.21011310815811157, 'mean': 0.4812680780887604, 'std': 0.18912918865680695, 'max': 0.8345239758491516, 'quantiles_05_25_50_75_95': [0.21011433005332947, 0.24192704260349274, 0.5263453722000122, 0.6392992734909058, 0.6999824047088623], 'histogram_10_bins_0_1': [0, 0, 12, 2, 3, 8, 13, 1, 1, 0]}
2026-10-03 07:58:05,219 [RSIAT_adapter.py] => QKSR diagnostics task=2 epoch=13 gamma=0.22869217 gradients={} kernel={'min': 0.29170548915863037, 'mean': 0.520932137966156, 'std': 0.12357567995786667, 'max': 0.8266952037811279, 'quantiles_05_25_50_75_95': [0.337871253490448, 0.43509894609451294, 0.4942464232444763, 0.6067752242088318, 0.7078723311424255], 'histogram_10_bins_0_1': [0, 0, 1, 4, 15, 7, 9, 3, 1, 0]}
2026-10-03 07:58:13,346 [RSIAT_adapter.py] => QKSR diagnostics task=2 epoch=14 gamma=0.22869217 gradients={} kernel={'min': 0.33675000071525574, 'mean': 0.5674962401390076, 'std': 0.1687953770160675, 'max': 0.8926182985305786, 'quantiles_05_25_50_75_95': [0.33675163984298706, 0.3876340687274933, 0.5907269716262817, 0.6834081411361694, 0.8311303853988647], 'histogram_10_bins_0_1': [0, 0, 0, 11, 2, 10, 8, 5, 4, 0]}
2026-10-03 07:58:21,483 [RSIAT_adapter.py] => QKSR diagnostics task=2 epoch=15 gamma=0.22869217 gradients={} kernel={'min': 0.21377982199192047, 'mean': 0.4721136689186096, 'std': 0.2136504203081131, 'max': 0.885256826877594, 'quantiles_05_25_50_75_95': [0.2223045974969864, 0.23667553067207336, 0.4240912199020386, 0.6601999998092651, 0.8065834641456604], 'histogram_10_bins_0_1': [0, 0, 12, 5, 7, 1, 6, 6, 3, 0]}
2026-10-03 07:58:29,605 [RSIAT_adapter.py] => QKSR diagnostics task=2 epoch=16 gamma=0.22869217 gradients={} kernel={'min': 0.2655952572822571, 'mean': 0.5206741690635681, 'std': 0.17354153096675873, 'max': 0.8052277565002441, 'quantiles_05_25_50_75_95': [0.26559677720069885, 0.30906495451927185, 0.5484070777893066, 0.660965621471405, 0.7603178024291992], 'histogram_10_bins_0_1': [0, 0, 10, 1, 6, 8, 9, 5, 1, 0]}
2026-10-03 07:58:37,656 [RSIAT_adapter.py] => QKSR diagnostics task=2 epoch=17 gamma=0.22869217 gradients={} kernel={'min': 0.29199275374412537, 'mean': 0.5589696168899536, 'std': 0.1771746426820755, 'max': 0.8351708054542542, 'quantiles_05_25_50_75_95': [0.2919943034648895, 0.3349395990371704, 0.6130368709564209, 0.6864073276519775, 0.7908290028572083], 'histogram_10_bins_0_1': [0, 0, 8, 3, 1, 7, 12, 7, 2, 0]}
2026-10-03 07:58:45,746 [RSIAT_adapter.py] => QKSR diagnostics task=2 epoch=18 gamma=0.22869217 gradients={} kernel={'min': 0.4077050983905792, 'mean': 0.5724987983703613, 'std': 0.12873026728630066, 'max': 0.8435540795326233, 'quantiles_05_25_50_75_95': [0.41545671224594116, 0.43051618337631226, 0.5571665167808533, 0.6908831000328064, 0.800747811794281], 'histogram_10_bins_0_1': [0, 0, 0, 0, 14, 8, 11, 4, 3, 0]}
2026-10-03 07:58:53,828 [RSIAT_adapter.py] => QKSR diagnostics task=2 epoch=19 gamma=0.22869217 gradients={} kernel={'min': 0.4028851091861725, 'mean': 0.6225309371948242, 'std': 0.16176924109458923, 'max': 0.8911581039428711, 'quantiles_05_25_50_75_95': [0.40288716554641724, 0.4407199025154114, 0.6493619680404663, 0.7429580688476562, 0.86344313621521], 'histogram_10_bins_0_1': [0, 0, 0, 0, 13, 2, 8, 12, 5, 0]}
2026-10-03 07:59:01,849 [RSIAT_adapter.py] => QKSR diagnostics task=2 epoch=20 gamma=0.22869217 gradients={} kernel={'min': 0.15878957509994507, 'mean': 0.396027147769928, 'std': 0.19623005390167236, 'max': 0.9932426810264587, 'quantiles_05_25_50_75_95': [0.1587907373905182, 0.19531039893627167, 0.37763267755508423, 0.5262157320976257, 0.7076618671417236], 'histogram_10_bins_0_1': [0, 10, 2, 10, 7, 4, 4, 2, 0, 1]}
2026-10-03 07:59:09,894 [RSIAT_adapter.py] => QKSR diagnostics task=2 epoch=21 gamma=0.22869217 gradients={} kernel={'min': 0.3837238550186157, 'mean': 0.624997615814209, 'std': 0.1388588398694992, 'max': 0.8367253541946411, 'quantiles_05_25_50_75_95': [0.4433739185333252, 0.46850526332855225, 0.6660094261169434, 0.7567968964576721, 0.8105708956718445], 'histogram_10_bins_0_1': [0, 0, 0, 1, 12, 4, 9, 11, 3, 0]}
2026-10-03 07:59:17,945 [RSIAT_adapter.py] => QKSR diagnostics task=2 epoch=22 gamma=0.22869217 gradients={} kernel={'min': 0.29713165760040283, 'mean': 0.5224764347076416, 'std': 0.17475859820842743, 'max': 0.8513365983963013, 'quantiles_05_25_50_75_95': [0.2971329689025879, 0.3156980276107788, 0.5375784635543823, 0.6618251800537109, 0.7786975502967834], 'histogram_10_bins_0_1': [0, 0, 6, 7, 6, 5, 10, 4, 2, 0]}
2026-10-03 07:59:25,972 [RSIAT_adapter.py] => QKSR diagnostics task=2 epoch=23 gamma=0.22869217 gradients={} kernel={'min': 0.13923442363739014, 'mean': 0.37618663907051086, 'std': 0.19590045511722565, 'max': 0.9919723868370056, 'quantiles_05_25_50_75_95': [0.1392354667186737, 0.17309993505477905, 0.37027961015701294, 0.49170300364494324, 0.6610068678855896], 'histogram_10_bins_0_1': [0, 11, 3, 9, 7, 4, 5, 0, 0, 1]}
2026-10-03 07:59:33,994 [RSIAT_adapter.py] => QKSR diagnostics task=2 epoch=24 gamma=0.22869217 gradients={} kernel={'min': 0.39997848868370056, 'mean': 0.5983458757400513, 'std': 0.1575442999601364, 'max': 0.9940415620803833, 'quantiles_05_25_50_75_95': [0.3999806046485901, 0.4255034327507019, 0.5860893726348877, 0.7318999171257019, 0.8599485158920288], 'histogram_10_bins_0_1': [0, 0, 0, 4, 9, 9, 7, 8, 2, 1]}
2026-10-03 07:59:42,008 [RSIAT_adapter.py] => QKSR diagnostics task=2 epoch=25 gamma=0.22869217 gradients={} kernel={'min': 0.11234220862388611, 'mean': 0.5761032104492188, 'std': 0.3054739832878113, 'max': 0.99366694688797, 'quantiles_05_25_50_75_95': [0.18607883155345917, 0.33627089858055115, 0.471002995967865, 0.9890062808990479, 0.9909284114837646], 'histogram_10_bins_0_1': [0, 4, 5, 8, 5, 1, 3, 1, 2, 11]}
2026-10-03 07:59:49,999 [RSIAT_adapter.py] => QKSR diagnostics task=2 epoch=26 gamma=0.22869217 gradients={} kernel={'min': 0.28413233160972595, 'mean': 0.4808187484741211, 'std': 0.15108776092529297, 'max': 0.7954467535018921, 'quantiles_05_25_50_75_95': [0.2841337025165558, 0.30552637577056885, 0.5095508098602295, 0.5840926170349121, 0.7007033228874207], 'histogram_10_bins_0_1': [0, 0, 8, 5, 6, 11, 8, 2, 0, 0]}
2026-10-03 07:59:58,010 [RSIAT_adapter.py] => QKSR diagnostics task=2 epoch=27 gamma=0.22869217 gradients={} kernel={'min': 0.17139960825443268, 'mean': 0.6256966590881348, 'std': 0.25894737243652344, 'max': 0.9677904844284058, 'quantiles_05_25_50_75_95': [0.2630271315574646, 0.42782482504844666, 0.5726031064987183, 0.936735987663269, 0.9483671188354492], 'histogram_10_bins_0_1': [0, 1, 4, 5, 6, 6, 0, 5, 0, 13]}
2026-10-03 08:00:06,017 [RSIAT_adapter.py] => QKSR diagnostics task=2 epoch=28 gamma=0.22869217 gradients={} kernel={'min': 0.29102087020874023, 'mean': 0.5395314693450928, 'std': 0.1939961314201355, 'max': 0.9122660756111145, 'quantiles_05_25_50_75_95': [0.2910221219062805, 0.3105155825614929, 0.5332334041595459, 0.7046387195587158, 0.826524019241333], 'histogram_10_bins_0_1': [0, 0, 8, 4, 5, 8, 5, 7, 1, 2]}
2026-10-03 08:00:14,016 [RSIAT_adapter.py] => QKSR diagnostics task=2 epoch=29 gamma=0.22869217 gradients={} kernel={'min': 0.3171689212322235, 'mean': 0.5365398526191711, 'std': 0.16569484770298004, 'max': 0.8952771425247192, 'quantiles_05_25_50_75_95': [0.3171702027320862, 0.3509610593318939, 0.5595600605010986, 0.6754900813102722, 0.7898576855659485], 'histogram_10_bins_0_1': [0, 0, 0, 13, 3, 8, 10, 4, 2, 0]}
2026-10-03 08:00:28,621 [RSIAT_adapter.py] => QKSR diagnostics task=2 epoch=30 gamma=0.22869217 gradients={} kernel={'min': 0.2559331953525543, 'mean': 0.6656806468963623, 'std': 0.17304879426956177, 'max': 0.9667609333992004, 'quantiles_05_25_50_75_95': [0.3665458858013153, 0.5632036328315735, 0.7035748362541199, 0.7899535894393921, 0.8977764248847961], 'histogram_10_bins_0_1': [0, 0, 1, 4, 4, 3, 8, 14, 4, 2]}
2026-10-03 08:00:28,621 [RSIAT_adapter.py] => Task 2, Epoch 30/30 => Loss 4.325, Loss_c 2.589, Losses_rt 1.736, Train_accy 81.56, Test_accy 88.83, Time 8.01s
2026-10-03 08:00:28,621 [RSIAT_adapter.py] => Task 2 peak GPU memory: 4870.58 MiB
2026-10-03 08:00:41,981 [base.py] => CA Task 2 => Loss 0.054, Test_accy skipped
2026-10-03 08:00:42,098 [base.py] => CA Task 2 => Loss 0.048, Test_accy skipped
2026-10-03 08:00:42,214 [base.py] => CA Task 2 => Loss 0.042, Test_accy skipped
2026-10-03 08:00:42,330 [base.py] => CA Task 2 => Loss 0.038, Test_accy skipped
2026-10-03 08:00:42,446 [base.py] => CA Task 2 => Loss 0.036, Test_accy skipped
2026-10-03 08:00:42,562 [base.py] => CA Task 2 => Loss 0.038, Test_accy skipped
2026-10-03 08:00:42,678 [base.py] => CA Task 2 => Loss 0.035, Test_accy skipped
2026-10-03 08:00:42,793 [base.py] => CA Task 2 => Loss 0.035, Test_accy skipped
2026-10-03 08:00:42,909 [base.py] => CA Task 2 => Loss 0.036, Test_accy skipped
2026-10-03 08:00:46,940 [base.py] => CA Task 2 => Loss 0.036, Test_accy 89.240
2026-10-03 08:00:50,932 [trainer.py] => CNN: {'total': 89.24, '00-09': 92.31, '10-19': 92.69, '20-29': 87.06, '30-39': 86.98, '40-49': 90.11, '50-59': 85.62, 'old': 89.89, 'new': 87.75}
2026-10-03 08:00:50,932 [trainer.py] => Continual metrics after task 2: BWT=-2.1700, forgetting=2.1700, task_acc=[92.51, 87.02, 87.75]
2026-10-03 08:00:51,146 [base.py] => Saved checkpoint: /kaggle/working/qksr_runs/ckpt/imagenetr_qksr/imagenetr/20_20/seed_1993/task_2.pkl
2026-10-03 08:00:51,161 [trainer.py] => Removed superseded checkpoint: /kaggle/working/qksr_runs/ckpt/imagenetr_qksr/imagenetr/20_20/seed_1993/task_1.pkl
2026-10-03 08:00:51,161 [trainer.py] => CNN top1 curve: [95.62, 91.44, 89.24]
2026-10-03 08:00:51,161 [trainer.py] => CNN top5 curve: [99.29, 98.15, 97.74]
2026-10-03 08:00:51,161 [trainer.py] => Average Accuracy (CNN): 92.10000000000001
2026-10-03 08:00:51,162 [trainer.py] => All params: 87034368
2026-10-03 08:00:51,162 [trainer.py] => Trainable params: 1235712
2026-10-03 08:00:51,163 [RSIAT_adapter.py] => Learning on 60-80
2026-10-03 08:00:51,252 [RSIAT_adapter.py] => QKSR calibration task=3 samples=512 indices=[1698, 20, 1207, 647, 990, 1932, 834, 93, 327, 142, 129, 1989, 1923, 444, 0, 1906, 1957, 849, 169, 241, 858, 2145, 1, 1675, 364, 1294, 1431, 1146, 1361, 988, 412, 148, 335, 592, 1813, 1450, 1418, 2279, 1582, 922, 205, 2160, 443, 884, 1356, 998, 1260, 1434, 991, 2246, 1563, 2255, 357, 1809, 1130, 1686, 547, 1585, 942, 474, 1518, 1602, 634, 1502, 1643, 292, 1039, 995, 723, 1507, 1159, 222, 1330, 903, 1439, 1074, 1091, 2143, 1713, 245, 1951, 1898, 2001, 302, 1113, 326, 468, 2144, 1284, 1360, 155, 1482, 1073, 296, 1881, 109, 2264, 2216, 877, 925, 1011, 2239, 168, 1825, 845, 1991, 1245, 583, 2074, 2270, 2050, 1292, 2193, 1817, 1367, 2218, 509, 1791, 258, 632, 1369, 2249, 2077, 30, 999, 1525, 2058, 1145, 1380, 1235, 1315, 1685, 1279, 1903, 757, 996, 759, 700, 178, 207, 482, 2215, 871, 1796, 1617, 42, 1377, 427, 1202, 32, 306, 352, 927, 1734, 2076, 1577, 1103, 1090, 672, 1156, 817, 167, 174, 1980, 1345, 1679, 1246, 1286, 1296, 1191, 1742, 2085, 591, 546, 514, 2188, 2162, 31, 523, 1491, 1484, 172, 1550, 1162, 537, 1767, 1630, 307, 1770, 692, 1497, 2087, 467, 1278, 745, 1483, 1784, 1404, 1008, 1910, 133, 237, 2153, 1531, 39, 1652, 2223, 562, 1907, 305, 2283, 1093, 594, 115, 1905, 711, 1150, 281, 1564, 112, 415, 1889, 574, 71, 542, 1800, 311, 2111, 841, 382, 1963, 938, 1790, 1793, 84, 37, 754, 1366, 502, 195, 1529, 1622, 2107, 2094, 608, 346, 1009, 828, 1688, 238, 100, 1047, 1240, 309, 1263, 417, 1997, 732, 2173, 1969, 278, 571, 1804, 275, 674, 1347, 2141, 944, 654, 1071, 98, 55, 2186, 2187, 285, 1954, 1699, 1007, 784, 2134, 123, 549, 2275, 1952, 1109, 2156, 1842, 66, 1438, 2169, 629, 1644, 1551, 997, 1649, 1060, 556, 886, 899, 1611, 111, 1179, 280, 1175, 2212, 1343, 1111, 812, 284, 454, 1341, 510, 166, 163, 1101, 1752, 253, 233, 623, 1741, 1620, 1127, 1118, 506, 391, 731, 698, 1805, 1458, 181, 2096, 1407, 149, 2200, 216, 446, 517, 254, 449, 264, 1707, 601, 2065, 1196, 2092, 2037, 1792, 191, 78, 1114, 1723, 912, 1161, 1729, 573, 1857, 1318, 1348, 211, 88, 1323, 1290, 659, 16, 1914, 957, 1703, 813, 371, 387, 451, 2011, 1230, 1350, 2060, 117, 2220, 2284, 3, 1001, 780, 726, 1267, 540, 778, 1444, 869, 114, 1475, 904, 1237, 1259, 1740, 336, 2172, 1944, 714, 351, 1107, 1401, 1485, 185, 635, 1421, 2040, 1119, 722, 231, 713, 19, 1194, 1818, 385, 524, 785, 1640, 1269, 1451, 989, 1293, 90, 277, 319, 1253, 727, 1588, 218, 426, 2062, 1714, 1879, 972, 1856, 650, 1115, 291, 1708, 70, 73, 497, 615, 2052, 2157, 1264, 1835, 929, 579, 1982, 1229, 27, 1189, 1270, 800, 2159, 1302, 603, 403, 1838, 1902, 802, 580, 1049, 1359, 2003, 1429, 1386, 2018, 1692, 609, 465, 682, 1801, 1799, 199, 1481, 751, 180, 799, 1183, 424, 1059, 2152, 153, 1384, 868, 303, 2233, 2227, 742, 648, 2100, 921, 1250, 1211, 2133, 1772, 2067, 1231, 328, 463, 515, 673, 5, 1808, 1633, 2126, 1943, 2119, 472, 585, 1546, 2195]
2026-10-03 08:01:04,053 [toolkit.py] => All params: 87198464
2026-10-03 08:01:04,054 [toolkit.py] => Trainable params: 1399808
2026-10-03 08:01:11,869 [RSIAT_adapter.py] => QKSR diagnostics task=3 epoch=1 gamma=0.22869217 gradients={} kernel={'min': 0.13767167925834656, 'mean': 0.5659128427505493, 'std': 0.20116139948368073, 'max': 0.9999958872795105, 'quantiles_05_25_50_75_95': [0.2582547962665558, 0.4085358679294586, 0.5576230883598328, 0.7045756578445435, 0.9206984043121338], 'histogram_10_bins_0_1': [0, 44, 109, 268, 269, 293, 312, 206, 126, 113]}
2026-10-03 08:01:19,649 [RSIAT_adapter.py] => QKSR diagnostics task=3 epoch=2 gamma=0.22869217 gradients={} kernel={'min': 0.13983410596847534, 'mean': 0.558436393737793, 'std': 0.2062918245792389, 'max': 0.9999802112579346, 'quantiles_05_25_50_75_95': [0.23701299726963043, 0.39916613698005676, 0.5541244149208069, 0.6961370706558228, 0.9443994164466858], 'histogram_10_bins_0_1': [0, 46, 140, 254, 256, 347, 266, 190, 109, 132]}
2026-10-03 08:01:27,430 [RSIAT_adapter.py] => QKSR diagnostics task=3 epoch=3 gamma=0.22869217 gradients={} kernel={'min': 0.05624072253704071, 'mean': 0.560289740562439, 'std': 0.19830748438835144, 'max': 0.9979138970375061, 'quantiles_05_25_50_75_95': [0.25057628750801086, 0.4175378084182739, 0.5645473003387451, 0.7062102556228638, 0.8869463801383972], 'histogram_10_bins_0_1': [2, 50, 135, 206, 306, 278, 304, 242, 148, 69]}
2026-10-03 08:01:35,225 [RSIAT_adapter.py] => QKSR diagnostics task=3 epoch=4 gamma=0.22869217 gradients={} kernel={'min': 0.13644857704639435, 'mean': 0.5828858613967896, 'std': 0.20418062806129456, 'max': 1.0, 'quantiles_05_25_50_75_95': [0.23557043075561523, 0.43304896354675293, 0.5918869376182556, 0.7259336709976196, 0.9559853672981262], 'histogram_10_bins_0_1': [0, 45, 104, 218, 254, 275, 326, 270, 125, 123]}
2026-10-03 08:01:43,019 [RSIAT_adapter.py] => QKSR diagnostics task=3 epoch=5 gamma=0.22869217 gradients={} kernel={'min': 0.12008053809404373, 'mean': 0.5552603602409363, 'std': 0.18714195489883423, 'max': 0.9999821782112122, 'quantiles_05_25_50_75_95': [0.279991090297699, 0.40641769766807556, 0.551521897315979, 0.6838769316673279, 0.8892503380775452], 'histogram_10_bins_0_1': [0, 22, 136, 256, 279, 346, 305, 221, 99, 76]}
2026-10-03 08:01:50,800 [RSIAT_adapter.py] => QKSR diagnostics task=3 epoch=6 gamma=0.22869217 gradients={} kernel={'min': 0.1381538361310959, 'mean': 0.5624720454216003, 'std': 0.177285298705101, 'max': 0.9999969005584717, 'quantiles_05_25_50_75_95': [0.28914958238601685, 0.43544894456863403, 0.5582387447357178, 0.6830422878265381, 0.8712685108184814], 'histogram_10_bins_0_1': [0, 13, 112, 242, 289, 369, 341, 217, 88, 69]}
2026-10-03 08:01:58,545 [RSIAT_adapter.py] => QKSR diagnostics task=3 epoch=7 gamma=0.22869217 gradients={} kernel={'min': 0.08591117709875107, 'mean': 0.5355592370033264, 'std': 0.21585188806056976, 'max': 0.9999931454658508, 'quantiles_05_25_50_75_95': [0.21802054345607758, 0.367939829826355, 0.5219162106513977, 0.6848406195640564, 0.9556238651275635], 'histogram_10_bins_0_1': [1, 62, 185, 280, 273, 284, 255, 182, 99, 119]}
2026-10-03 08:02:06,320 [RSIAT_adapter.py] => QKSR diagnostics task=3 epoch=8 gamma=0.22869217 gradients={} kernel={'min': 0.09056446701288223, 'mean': 0.5590096116065979, 'std': 0.2200515866279602, 'max': 0.9999707937240601, 'quantiles_05_25_50_75_95': [0.23251844942569733, 0.382665753364563, 0.5478516817092896, 0.7111483812332153, 0.9560531973838806], 'histogram_10_bins_0_1': [1, 46, 176, 276, 254, 254, 270, 197, 100, 166]}
2026-10-03 08:02:14,067 [RSIAT_adapter.py] => QKSR diagnostics task=3 epoch=9 gamma=0.22869217 gradients={} kernel={'min': 0.1260576695203781, 'mean': 0.5746395587921143, 'std': 0.21480610966682434, 'max': 0.9999923706054688, 'quantiles_05_25_50_75_95': [0.25872036814689636, 0.40093278884887695, 0.5634278059005737, 0.7266888618469238, 0.9717245697975159], 'histogram_10_bins_0_1': [0, 50, 109, 275, 247, 309, 247, 214, 131, 158]}
2026-10-03 08:02:21,831 [RSIAT_adapter.py] => QKSR diagnostics task=3 epoch=10 gamma=0.22869217 gradients={} kernel={'min': 0.13626176118850708, 'mean': 0.5633225440979004, 'std': 0.1949312537908554, 'max': 1.0, 'quantiles_05_25_50_75_95': [0.2488570660352707, 0.41877639293670654, 0.5729392766952515, 0.6994102001190186, 0.8782051801681519], 'histogram_10_bins_0_1': [0, 41, 138, 216, 279, 289, 343, 226, 141, 67]}
2026-10-03 08:02:29,608 [RSIAT_adapter.py] => QKSR diagnostics task=3 epoch=11 gamma=0.22869217 gradients={} kernel={'min': 0.13707619905471802, 'mean': 0.5563040375709534, 'std': 0.20015525817871094, 'max': 0.9999951720237732, 'quantiles_05_25_50_75_95': [0.24714168906211853, 0.41171276569366455, 0.545271635055542, 0.6920812726020813, 0.9183973670005798], 'histogram_10_bins_0_1': [0, 29, 160, 217, 337, 269, 312, 203, 110, 103]}
2026-10-03 08:02:37,409 [RSIAT_adapter.py] => QKSR diagnostics task=3 epoch=12 gamma=0.22869217 gradients={} kernel={'min': 0.0902673527598381, 'mean': 0.5314928293228149, 'std': 0.19900751113891602, 'max': 0.9999998807907104, 'quantiles_05_25_50_75_95': [0.22059962153434753, 0.3821694850921631, 0.5246498584747314, 0.678735613822937, 0.8722710013389587], 'histogram_10_bins_0_1': [1, 63, 175, 236, 317, 311, 255, 228, 83, 71]}
2026-10-03 08:02:45,167 [RSIAT_adapter.py] => QKSR diagnostics task=3 epoch=13 gamma=0.22869217 gradients={} kernel={'min': 0.13787075877189636, 'mean': 0.554116427898407, 'std': 0.19838069379329681, 'max': 0.9999946355819702, 'quantiles_05_25_50_75_95': [0.2505708336830139, 0.40520378947257996, 0.5453149080276489, 0.6917279362678528, 0.9198118448257446], 'histogram_10_bins_0_1': [0, 35, 180, 209, 286, 327, 290, 218, 99, 96]}
2026-10-03 08:02:52,953 [RSIAT_adapter.py] => QKSR diagnostics task=3 epoch=14 gamma=0.22869217 gradients={} kernel={'min': 0.13173136115074158, 'mean': 0.5785423517227173, 'std': 0.19784003496170044, 'max': 0.9999997615814209, 'quantiles_05_25_50_75_95': [0.2594534158706665, 0.43153107166290283, 0.5786290168762207, 0.7150136232376099, 0.9386434555053711], 'histogram_10_bins_0_1': [0, 34, 106, 222, 276, 279, 338, 254, 126, 105]}
2026-10-03 08:03:00,808 [RSIAT_adapter.py] => QKSR diagnostics task=3 epoch=15 gamma=0.22869217 gradients={} kernel={'min': 0.1313627064228058, 'mean': 0.5823661088943481, 'std': 0.1736188381910324, 'max': 0.9988407492637634, 'quantiles_05_25_50_75_95': [0.3190746605396271, 0.45511671900749207, 0.5809051990509033, 0.717373251914978, 0.8612026572227478], 'histogram_10_bins_0_1': [0, 7, 45, 289, 222, 372, 309, 318, 126, 52]}
2026-10-03 08:03:08,660 [RSIAT_adapter.py] => QKSR diagnostics task=3 epoch=16 gamma=0.22869217 gradients={} kernel={'min': 0.0877770259976387, 'mean': 0.5559033751487732, 'std': 0.20586560666561127, 'max': 0.9999831914901733, 'quantiles_05_25_50_75_95': [0.22959351539611816, 0.3949882388114929, 0.552459716796875, 0.6950459480285645, 0.9204502701759338], 'histogram_10_bins_0_1': [1, 68, 112, 269, 279, 271, 321, 196, 124, 99]}
2026-10-03 08:03:16,517 [RSIAT_adapter.py] => QKSR diagnostics task=3 epoch=17 gamma=0.22869217 gradients={} kernel={'min': 0.1361437737941742, 'mean': 0.5496827960014343, 'std': 0.18722762167453766, 'max': 1.0, 'quantiles_05_25_50_75_95': [0.2490469366312027, 0.4038119614124298, 0.5504704713821411, 0.6835749745368958, 0.8637762069702148], 'histogram_10_bins_0_1': [0, 43, 106, 267, 313, 293, 340, 219, 95, 64]}
2026-10-03 08:03:24,411 [RSIAT_adapter.py] => QKSR diagnostics task=3 epoch=18 gamma=0.22869217 gradients={} kernel={'min': 0.13375404477119446, 'mean': 0.5621655583381653, 'std': 0.19641390442848206, 'max': 0.9939778447151184, 'quantiles_05_25_50_75_95': [0.2430172562599182, 0.4114755094051361, 0.5556917190551758, 0.7140077948570251, 0.890922486782074], 'histogram_10_bins_0_1': [0, 48, 107, 262, 270, 315, 262, 245, 161, 70]}
2026-10-03 08:03:32,307 [RSIAT_adapter.py] => QKSR diagnostics task=3 epoch=19 gamma=0.22869217 gradients={} kernel={'min': 0.12117517739534378, 'mean': 0.5390703678131104, 'std': 0.18638621270656586, 'max': 0.9999993443489075, 'quantiles_05_25_50_75_95': [0.2364521473646164, 0.39785516262054443, 0.5477942228317261, 0.67005455493927, 0.8440383672714233], 'histogram_10_bins_0_1': [0, 32, 185, 223, 278, 337, 335, 219, 83, 48]}
2026-10-03 08:03:40,231 [RSIAT_adapter.py] => QKSR diagnostics task=3 epoch=20 gamma=0.22869217 gradients={} kernel={'min': 0.13822844624519348, 'mean': 0.5746876001358032, 'std': 0.19929303228855133, 'max': 0.9999849200248718, 'quantiles_05_25_50_75_95': [0.2657029926776886, 0.4248161315917969, 0.5705412030220032, 0.7176419496536255, 0.938679575920105], 'histogram_10_bins_0_1': [0, 18, 150, 214, 275, 308, 290, 248, 121, 116]}
2026-10-03 08:03:48,165 [RSIAT_adapter.py] => QKSR diagnostics task=3 epoch=21 gamma=0.22869217 gradients={} kernel={'min': 0.1383112221956253, 'mean': 0.5686981678009033, 'std': 0.1879711002111435, 'max': 0.9999903440475464, 'quantiles_05_25_50_75_95': [0.2826865613460541, 0.4252297878265381, 0.5704574584960938, 0.6953192353248596, 0.8963633179664612], 'histogram_10_bins_0_1': [0, 24, 78, 287, 263, 323, 338, 228, 112, 87]}
2026-10-03 08:03:56,031 [RSIAT_adapter.py] => QKSR diagnostics task=3 epoch=22 gamma=0.22869217 gradients={} kernel={'min': 0.1312238723039627, 'mean': 0.5717424750328064, 'std': 0.1889021247625351, 'max': 0.9999997019767761, 'quantiles_05_25_50_75_95': [0.26969218254089355, 0.4377829432487488, 0.5658502578735352, 0.7043247818946838, 0.8996546864509583], 'histogram_10_bins_0_1': [0, 18, 130, 201, 274, 371, 291, 258, 111, 86]}
2026-10-03 08:04:03,944 [RSIAT_adapter.py] => QKSR diagnostics task=3 epoch=23 gamma=0.22869217 gradients={} kernel={'min': 0.10864145308732986, 'mean': 0.5446426868438721, 'std': 0.19206218421459198, 'max': 0.999082088470459, 'quantiles_05_25_50_75_95': [0.26788434386253357, 0.38945630192756653, 0.543311357498169, 0.6857516765594482, 0.8792322874069214], 'histogram_10_bins_0_1': [0, 27, 151, 285, 276, 309, 298, 225, 99, 70]}
2026-10-03 08:04:11,830 [RSIAT_adapter.py] => QKSR diagnostics task=3 epoch=24 gamma=0.22869217 gradients={} kernel={'min': 0.10924042761325836, 'mean': 0.5601934194564819, 'std': 0.2099868804216385, 'max': 0.9998143911361694, 'quantiles_05_25_50_75_95': [0.21471622586250305, 0.39377307891845703, 0.5645191073417664, 0.7103967666625977, 0.9254895448684692], 'histogram_10_bins_0_1': [0, 64, 145, 246, 257, 261, 298, 226, 134, 109]}
2026-10-03 08:04:19,700 [RSIAT_adapter.py] => QKSR diagnostics task=3 epoch=25 gamma=0.22869217 gradients={} kernel={'min': 0.13630299270153046, 'mean': 0.5855059623718262, 'std': 0.1931215226650238, 'max': 0.9999992251396179, 'quantiles_05_25_50_75_95': [0.2895107567310333, 0.42975088953971863, 0.5891560316085815, 0.7186342477798462, 0.9340527057647705], 'histogram_10_bins_0_1': [0, 17, 93, 273, 226, 303, 334, 241, 133, 120]}
2026-10-03 08:04:27,587 [RSIAT_adapter.py] => QKSR diagnostics task=3 epoch=26 gamma=0.22869217 gradients={} kernel={'min': 0.048400890082120895, 'mean': 0.5479329824447632, 'std': 0.22047504782676697, 'max': 0.9999993443489075, 'quantiles_05_25_50_75_95': [0.1798378825187683, 0.38031694293022156, 0.5516549348831177, 0.7060586810112, 0.9364950060844421], 'histogram_10_bins_0_1': [15, 82, 177, 226, 228, 289, 275, 205, 129, 114]}
2026-10-03 08:04:35,479 [RSIAT_adapter.py] => QKSR diagnostics task=3 epoch=27 gamma=0.22869217 gradients={} kernel={'min': 0.08234157413244247, 'mean': 0.5391024947166443, 'std': 0.20656336843967438, 'max': 0.9991976022720337, 'quantiles_05_25_50_75_95': [0.19775335490703583, 0.37791556119918823, 0.5310384035110474, 0.6940340399742126, 0.9156654477119446], 'histogram_10_bins_0_1': [2, 86, 133, 264, 296, 282, 257, 236, 88, 96]}
2026-10-03 08:04:43,271 [RSIAT_adapter.py] => QKSR diagnostics task=3 epoch=28 gamma=0.22869217 gradients={} kernel={'min': 0.13382020592689514, 'mean': 0.5483289957046509, 'std': 0.21300044655799866, 'max': 0.9999986290931702, 'quantiles_05_25_50_75_95': [0.22700031101703644, 0.3807133436203003, 0.5399702787399292, 0.7043501138687134, 0.9471833109855652], 'histogram_10_bins_0_1': [0, 71, 122, 304, 271, 292, 238, 199, 133, 110]}
2026-10-03 08:04:51,081 [RSIAT_adapter.py] => QKSR diagnostics task=3 epoch=29 gamma=0.22869217 gradients={} kernel={'min': 0.1465754359960556, 'mean': 0.5752559304237366, 'std': 0.17281624674797058, 'max': 0.9962807893753052, 'quantiles_05_25_50_75_95': [0.3094998002052307, 0.43647149205207825, 0.5821224451065063, 0.70892333984375, 0.8464594483375549], 'histogram_10_bins_0_1': [0, 5, 68, 256, 275, 334, 334, 310, 114, 44]}
2026-10-03 08:05:10,057 [RSIAT_adapter.py] => QKSR diagnostics task=3 epoch=30 gamma=0.22869217 gradients={} kernel={'min': 0.13403622806072235, 'mean': 0.5691389441490173, 'std': 0.18714052438735962, 'max': 0.9972389936447144, 'quantiles_05_25_50_75_95': [0.2713475525379181, 0.434148371219635, 0.5739402174949646, 0.6977391839027405, 0.8918892741203308], 'histogram_10_bins_0_1': [0, 13, 101, 245, 295, 301, 357, 242, 104, 82]}
2026-10-03 08:05:10,057 [RSIAT_adapter.py] => Task 3, Epoch 30/30 => Loss 4.158, Loss_c 2.452, Losses_rt 1.706, Train_accy 80.13, Test_accy 87.83, Time 7.80s
2026-10-03 08:05:10,058 [RSIAT_adapter.py] => Task 3 peak GPU memory: 4877.01 MiB
2026-10-03 08:05:27,858 [base.py] => CA Task 3 => Loss 0.064, Test_accy skipped
2026-10-03 08:05:28,016 [base.py] => CA Task 3 => Loss 0.060, Test_accy skipped
2026-10-03 08:05:28,172 [base.py] => CA Task 3 => Loss 0.054, Test_accy skipped
2026-10-03 08:05:28,329 [base.py] => CA Task 3 => Loss 0.050, Test_accy skipped
2026-10-03 08:05:28,486 [base.py] => CA Task 3 => Loss 0.049, Test_accy skipped
2026-10-03 08:05:28,642 [base.py] => CA Task 3 => Loss 0.049, Test_accy skipped
2026-10-03 08:05:28,799 [base.py] => CA Task 3 => Loss 0.046, Test_accy skipped
2026-10-03 08:05:28,955 [base.py] => CA Task 3 => Loss 0.049, Test_accy skipped
2026-10-03 08:05:29,112 [base.py] => CA Task 3 => Loss 0.046, Test_accy skipped
2026-10-03 08:05:36,548 [base.py] => CA Task 3 => Loss 0.044, Test_accy 88.220
2026-10-03 08:05:43,179 [trainer.py] => CNN: {'total': 88.22, '00-09': 90.46, '10-19': 90.86, '20-29': 88.03, '30-39': 87.28, '40-49': 89.75, '50-59': 86.26, '60-69': 84.87, '70-79': 87.64, 'old': 88.83, 'new': 86.18}
2026-10-03 08:05:43,179 [trainer.py] => Continual metrics after task 3: BWT=-1.7933, forgetting=1.7933, task_acc=[90.68, 87.64, 87.92, 86.18]
2026-10-03 08:05:43,405 [base.py] => Saved checkpoint: /kaggle/working/qksr_runs/ckpt/imagenetr_qksr/imagenetr/20_20/seed_1993/task_3.pkl
2026-10-03 08:05:43,421 [trainer.py] => Removed superseded checkpoint: /kaggle/working/qksr_runs/ckpt/imagenetr_qksr/imagenetr/20_20/seed_1993/task_2.pkl
2026-10-03 08:05:43,421 [trainer.py] => CNN top1 curve: [95.62, 91.44, 89.24, 88.22]
2026-10-03 08:05:43,421 [trainer.py] => CNN top5 curve: [99.29, 98.15, 97.74, 96.8]
2026-10-03 08:05:43,421 [trainer.py] => Average Accuracy (CNN): 91.13
2026-10-03 08:05:43,422 [trainer.py] => All params: 87049728
2026-10-03 08:05:43,422 [trainer.py] => Trainable params: 1251072
2026-10-03 08:05:43,423 [RSIAT_adapter.py] => Learning on 80-100
2026-10-03 08:05:43,497 [RSIAT_adapter.py] => QKSR calibration task=4 samples=512 indices=[819, 87, 1553, 1355, 1232, 1072, 902, 1077, 1600, 1393, 1465, 644, 614, 1682, 759, 1585, 1090, 272, 1087, 1643, 469, 245, 1645, 2113, 680, 1351, 91, 1057, 175, 899, 389, 305, 357, 1800, 1484, 409, 946, 225, 1605, 1616, 2051, 498, 1105, 310, 2023, 1503, 996, 1813, 1902, 1067, 1248, 2041, 1559, 502, 1564, 1815, 240, 1702, 1147, 1277, 487, 1491, 470, 627, 168, 503, 1759, 608, 1254, 1022, 2078, 917, 970, 1608, 417, 1492, 1317, 1913, 1187, 1142, 172, 967, 488, 2026, 663, 2057, 496, 195, 141, 1632, 1471, 1922, 1422, 466, 1689, 780, 447, 799, 554, 416, 1516, 909, 252, 9, 658, 2120, 161, 1520, 324, 1508, 656, 1880, 405, 1755, 2089, 85, 1384, 424, 1868, 648, 1607, 186, 2070, 1551, 1896, 1903, 657, 1002, 386, 460, 1675, 633, 876, 1540, 815, 803, 193, 1271, 562, 1801, 609, 110, 248, 1486, 1221, 70, 768, 1970, 1810, 1899, 626, 1321, 652, 1024, 1097, 920, 2013, 1766, 1947, 738, 1931, 235, 220, 690, 1890, 2037, 1174, 1331, 934, 1009, 2054, 2081, 37, 1671, 911, 39, 928, 257, 2060, 1387, 1546, 2040, 1467, 795, 525, 1609, 1628, 41, 942, 968, 1144, 1426, 191, 1444, 1584, 830, 356, 621, 1476, 1977, 1056, 510, 1148, 2099, 1096, 1169, 36, 22, 51, 1561, 927, 771, 1910, 606, 415, 1990, 494, 560, 369, 719, 258, 1964, 111, 518, 975, 1987, 21, 697, 979, 1774, 329, 958, 347, 769, 372, 921, 1497, 1266, 1545, 374, 283, 1681, 953, 1865, 450, 468, 1998, 1011, 735, 951, 837, 1699, 1577, 1224, 1158, 1013, 1125, 1274, 1337, 117, 1806, 826, 734, 362, 1483, 653, 1544, 453, 820, 1233, 1126, 660, 18, 388, 1850, 1720, 1514, 403, 1107, 381, 139, 1548, 364, 764, 350, 1879, 1113, 2087, 115, 211, 1253, 888, 683, 1752, 742, 1040, 77, 1905, 152, 600, 547, 2118, 1220, 901, 585, 1346, 1327, 166, 1625, 1122, 1276, 1803, 1150, 1360, 537, 1435, 31, 1723, 1760, 852, 916, 1809, 1558, 1634, 1490, 982, 1904, 1939, 1202, 383, 1207, 1429, 1383, 294, 1646, 786, 1029, 1729, 1006, 984, 1679, 506, 443, 1326, 59, 1114, 1677, 1832, 413, 635, 1143, 737, 422, 1302, 1951, 863, 1717, 761, 247, 304, 393, 1505, 907, 1298, 938, 714, 1650, 444, 125, 1007, 0, 1638, 2000, 1591, 1858, 855, 1117, 736, 515, 583, 1468, 1529, 14, 1259, 649, 1751, 1290, 1735, 1775, 1603, 214, 408, 891, 807, 654, 1412, 2047, 955, 1793, 827, 965, 1873, 828, 835, 1306, 361, 1214, 878, 971, 1610, 1808, 767, 823, 1098, 1100, 1329, 741, 752, 1590, 1731, 1968, 421, 437, 673, 851, 2082, 782, 1218, 1627, 1847, 2003, 957, 194, 2072, 153, 1182, 1651, 1753, 1839, 1016, 514, 10, 643, 1236, 404, 729, 1433, 207, 378, 1462, 390, 511, 1867, 1208, 400, 977, 1199, 1463, 1574, 1139, 366, 715, 985, 1683, 695, 1430, 1493, 636, 480, 1657, 992, 774, 2027, 1841, 382, 131, 25, 267, 2108, 1738, 481, 1712, 1512, 1771, 1469, 2012, 254, 359, 1594, 895, 582, 27, 1071, 1763, 456, 1485, 2062, 1409, 1074, 1639, 1240, 38, 274, 1285, 66, 1352, 1028, 1193, 1843, 2055, 1888, 1742]
2026-10-03 08:06:03,209 [toolkit.py] => All params: 87213824
2026-10-03 08:06:03,209 [toolkit.py] => Trainable params: 1415168
2026-10-03 08:06:10,545 [RSIAT_adapter.py] => QKSR diagnostics task=4 epoch=1 gamma=0.22869217 gradients={} kernel={'min': 0.10601542145013809, 'mean': 0.538860023021698, 'std': 0.18445095419883728, 'max': 0.9821261167526245, 'quantiles_05_25_50_75_95': [0.20680151879787445, 0.4115927517414093, 0.541580855846405, 0.6650747656822205, 0.8376481533050537], 'histogram_10_bins_0_1': [0, 28, 60, 81, 105, 180, 126, 70, 58, 12]}
2026-10-03 08:06:17,910 [RSIAT_adapter.py] => QKSR diagnostics task=4 epoch=2 gamma=0.22869217 gradients={} kernel={'min': 0.12815645337104797, 'mean': 0.5730690360069275, 'std': 0.16529437899589539, 'max': 0.9845569729804993, 'quantiles_05_25_50_75_95': [0.3123413622379303, 0.44739726185798645, 0.5799365639686584, 0.6985806226730347, 0.8378961682319641], 'histogram_10_bins_0_1': [0, 1, 22, 112, 121, 136, 150, 116, 49, 13]}
2026-10-03 08:06:25,242 [RSIAT_adapter.py] => QKSR diagnostics task=4 epoch=3 gamma=0.22869217 gradients={} kernel={'min': 0.12524767220020294, 'mean': 0.5394349694252014, 'std': 0.1737372875213623, 'max': 0.943173885345459, 'quantiles_05_25_50_75_95': [0.30096566677093506, 0.40257149934768677, 0.5358880162239075, 0.6779496073722839, 0.8300340175628662], 'histogram_10_bins_0_1': [0, 9, 26, 141, 127, 156, 114, 93, 45, 9]}
2026-10-03 08:06:32,607 [RSIAT_adapter.py] => QKSR diagnostics task=4 epoch=4 gamma=0.22869217 gradients={} kernel={'min': 0.13779692351818085, 'mean': 0.5757544040679932, 'std': 0.18371723592281342, 'max': 0.9480687975883484, 'quantiles_05_25_50_75_95': [0.26180070638656616, 0.4332920014858246, 0.5827004909515381, 0.7124995589256287, 0.8650128245353699], 'histogram_10_bins_0_1': [0, 3, 56, 94, 102, 126, 134, 111, 88, 6]}
2026-10-03 08:06:40,028 [RSIAT_adapter.py] => QKSR diagnostics task=4 epoch=5 gamma=0.22869217 gradients={} kernel={'min': 0.05873923376202583, 'mean': 0.4973061978816986, 'std': 0.24338674545288086, 'max': 0.9992966055870056, 'quantiles_05_25_50_75_95': [0.14745737612247467, 0.3210744857788086, 0.48080480098724365, 0.6435495615005493, 0.9830117225646973], 'histogram_10_bins_0_1': [20, 51, 91, 120, 99, 120, 83, 47, 14, 75]}
2026-10-03 08:06:47,410 [RSIAT_adapter.py] => QKSR diagnostics task=4 epoch=6 gamma=0.22869217 gradients={} kernel={'min': 0.12372306734323502, 'mean': 0.5965499877929688, 'std': 0.19699148833751678, 'max': 0.9967254400253296, 'quantiles_05_25_50_75_95': [0.25023767352104187, 0.4687539339065552, 0.5880690813064575, 0.7373929023742676, 0.9335694909095764], 'histogram_10_bins_0_1': [0, 10, 44, 68, 105, 147, 135, 95, 54, 62]}
2026-10-03 08:06:54,805 [RSIAT_adapter.py] => QKSR diagnostics task=4 epoch=7 gamma=0.22869217 gradients={} kernel={'min': 0.04594122990965843, 'mean': 0.5323046445846558, 'std': 0.22153761982917786, 'max': 0.9999301433563232, 'quantiles_05_25_50_75_95': [0.19961625337600708, 0.34846997261047363, 0.5144746899604797, 0.6965563893318176, 0.9740689992904663], 'histogram_10_bins_0_1': [2, 35, 69, 136, 106, 93, 101, 91, 35, 52]}
2026-10-03 08:07:02,165 [RSIAT_adapter.py] => QKSR diagnostics task=4 epoch=8 gamma=0.22869217 gradients={} kernel={'min': 0.0925263836979866, 'mean': 0.5494862794876099, 'std': 0.20202139019966125, 'max': 0.9681556224822998, 'quantiles_05_25_50_75_95': [0.18223172426223755, 0.394489049911499, 0.5535894632339478, 0.7096744775772095, 0.8607566952705383], 'histogram_10_bins_0_1': [2, 38, 31, 114, 116, 121, 114, 86, 86, 12]}
2026-10-03 08:07:09,548 [RSIAT_adapter.py] => QKSR diagnostics task=4 epoch=9 gamma=0.22869217 gradients={} kernel={'min': 0.10691322386264801, 'mean': 0.5067548155784607, 'std': 0.23434887826442719, 'max': 0.9996134638786316, 'quantiles_05_25_50_75_95': [0.14589786529541016, 0.3281727135181427, 0.4773268699645996, 0.6557509303092957, 0.9791597127914429], 'histogram_10_bins_0_1': [0, 57, 87, 116, 128, 107, 75, 51, 43, 56]}
2026-10-03 08:07:16,942 [RSIAT_adapter.py] => QKSR diagnostics task=4 epoch=10 gamma=0.22869217 gradients={} kernel={'min': 0.10304350405931473, 'mean': 0.6039442420005798, 'std': 0.20741021633148193, 'max': 0.9999274611473083, 'quantiles_05_25_50_75_95': [0.28999704122543335, 0.4442409873008728, 0.6119786500930786, 0.7662807703018188, 0.9485141634941101], 'histogram_10_bins_0_1': [0, 14, 38, 92, 95, 109, 125, 107, 79, 61]}
2026-10-03 08:07:24,363 [RSIAT_adapter.py] => QKSR diagnostics task=4 epoch=11 gamma=0.22869217 gradients={} kernel={'min': 0.13488362729549408, 'mean': 0.5496878027915955, 'std': 0.18111088871955872, 'max': 0.985973060131073, 'quantiles_05_25_50_75_95': [0.2383541613817215, 0.4246369004249573, 0.5578149557113647, 0.6752283573150635, 0.8461931347846985], 'histogram_10_bins_0_1': [0, 22, 53, 87, 123, 134, 147, 101, 29, 24]}
2026-10-03 08:07:31,750 [RSIAT_adapter.py] => QKSR diagnostics task=4 epoch=12 gamma=0.22869217 gradients={} kernel={'min': 0.09923090040683746, 'mean': 0.5491212010383606, 'std': 0.21865980327129364, 'max': 1.0, 'quantiles_05_25_50_75_95': [0.19924256205558777, 0.3996223211288452, 0.5256383419036865, 0.713937520980835, 0.9674324989318848], 'histogram_10_bins_0_1': [1, 36, 51, 92, 144, 116, 93, 85, 50, 52]}
2026-10-03 08:07:39,117 [RSIAT_adapter.py] => QKSR diagnostics task=4 epoch=13 gamma=0.22869217 gradients={} kernel={'min': 0.13497120141983032, 'mean': 0.5895421504974365, 'std': 0.16786141693592072, 'max': 0.9964242577552795, 'quantiles_05_25_50_75_95': [0.3073936700820923, 0.46869325637817383, 0.5857924818992615, 0.7259112596511841, 0.860844612121582], 'histogram_10_bins_0_1': [0, 9, 19, 77, 107, 167, 130, 137, 59, 15]}
2026-10-03 08:07:46,514 [RSIAT_adapter.py] => QKSR diagnostics task=4 epoch=14 gamma=0.22869217 gradients={} kernel={'min': 0.1045336052775383, 'mean': 0.5483736395835876, 'std': 0.1982254981994629, 'max': 0.9890828728675842, 'quantiles_05_25_50_75_95': [0.2390790581703186, 0.4023720622062683, 0.5375326871871948, 0.697202742099762, 0.8835731148719788], 'histogram_10_bins_0_1': [0, 22, 68, 87, 138, 117, 114, 81, 68, 25]}
2026-10-03 08:07:53,960 [RSIAT_adapter.py] => QKSR diagnostics task=4 epoch=15 gamma=0.22869217 gradients={} kernel={'min': 0.07802902162075043, 'mean': 0.5687635540962219, 'std': 0.22485606372356415, 'max': 0.9999935626983643, 'quantiles_05_25_50_75_95': [0.18620148301124573, 0.3976268172264099, 0.5611320734024048, 0.7424330115318298, 0.9287330508232117], 'histogram_10_bins_0_1': [16, 22, 50, 94, 95, 122, 100, 89, 83, 49]}
2026-10-03 08:08:01,570 [RSIAT_adapter.py] => QKSR diagnostics task=4 epoch=16 gamma=0.22869217 gradients={} kernel={'min': 0.11245725303888321, 'mean': 0.5696685910224915, 'std': 0.19095765054225922, 'max': 0.9960874915122986, 'quantiles_05_25_50_75_95': [0.24488124251365662, 0.44781967997550964, 0.5640472173690796, 0.7224791049957275, 0.8633367419242859], 'histogram_10_bins_0_1': [0, 26, 49, 66, 113, 160, 102, 106, 76, 22]}
2026-10-03 08:08:08,987 [RSIAT_adapter.py] => QKSR diagnostics task=4 epoch=17 gamma=0.22869217 gradients={} kernel={'min': 0.08753695338964462, 'mean': 0.5503497123718262, 'std': 0.19325004518032074, 'max': 0.991739809513092, 'quantiles_05_25_50_75_95': [0.21804694831371307, 0.40273353457450867, 0.561588704586029, 0.6945945620536804, 0.8497990965843201], 'histogram_10_bins_0_1': [1, 24, 43, 107, 114, 136, 121, 93, 62, 19]}
2026-10-03 08:08:16,450 [RSIAT_adapter.py] => QKSR diagnostics task=4 epoch=18 gamma=0.22869217 gradients={} kernel={'min': 0.10013016313314438, 'mean': 0.5467358231544495, 'std': 0.2008911669254303, 'max': 0.999990701675415, 'quantiles_05_25_50_75_95': [0.23942553997039795, 0.3831186294555664, 0.5322153568267822, 0.7071477174758911, 0.877093493938446], 'histogram_10_bins_0_1': [0, 22, 46, 129, 111, 136, 90, 97, 58, 31]}
2026-10-03 08:08:23,763 [RSIAT_adapter.py] => QKSR diagnostics task=4 epoch=19 gamma=0.22869217 gradients={} kernel={'min': 0.10637698322534561, 'mean': 0.5858486890792847, 'std': 0.1816033273935318, 'max': 0.9988154768943787, 'quantiles_05_25_50_75_95': [0.3086419105529785, 0.4491812288761139, 0.5802490711212158, 0.7229000329971313, 0.8826733231544495], 'histogram_10_bins_0_1': [0, 9, 21, 94, 124, 132, 137, 121, 52, 30]}
2026-10-03 08:08:31,106 [RSIAT_adapter.py] => QKSR diagnostics task=4 epoch=20 gamma=0.22869217 gradients={} kernel={'min': 0.12261361628770828, 'mean': 0.5664281249046326, 'std': 0.19747322797775269, 'max': 0.9922307729721069, 'quantiles_05_25_50_75_95': [0.2583852708339691, 0.41868966817855835, 0.565251350402832, 0.7093124389648438, 0.8991164565086365], 'histogram_10_bins_0_1': [0, 10, 79, 73, 121, 113, 134, 96, 61, 33]}
2026-10-03 08:08:38,415 [RSIAT_adapter.py] => QKSR diagnostics task=4 epoch=21 gamma=0.22869217 gradients={} kernel={'min': 0.09885228425264359, 'mean': 0.5276362895965576, 'std': 0.23147521913051605, 'max': 0.9981676936149597, 'quantiles_05_25_50_75_95': [0.17091432213783264, 0.3537428081035614, 0.4941129684448242, 0.6750388741493225, 0.9857274889945984], 'histogram_10_bins_0_1': [1, 50, 56, 137, 125, 101, 94, 47, 32, 77]}
2026-10-03 08:08:45,678 [RSIAT_adapter.py] => QKSR diagnostics task=4 epoch=22 gamma=0.22869217 gradients={} kernel={'min': 0.07880441099405289, 'mean': 0.5178669095039368, 'std': 0.19403134286403656, 'max': 0.9998822212219238, 'quantiles_05_25_50_75_95': [0.22791194915771484, 0.35567063093185425, 0.508362889289856, 0.6543192863464355, 0.8364556431770325], 'histogram_10_bins_0_1': [1, 16, 82, 136, 118, 108, 138, 72, 21, 28]}
2026-10-03 08:08:52,922 [RSIAT_adapter.py] => QKSR diagnostics task=4 epoch=23 gamma=0.22869217 gradients={} kernel={'min': 0.08654984086751938, 'mean': 0.5524619221687317, 'std': 0.21099254488945007, 'max': 0.9999991059303284, 'quantiles_05_25_50_75_95': [0.24175897240638733, 0.38308507204055786, 0.5373148918151855, 0.6965827941894531, 0.9782254695892334], 'histogram_10_bins_0_1': [2, 17, 57, 120, 112, 134, 102, 83, 39, 54]}
2026-10-03 08:09:00,181 [RSIAT_adapter.py] => QKSR diagnostics task=4 epoch=24 gamma=0.22869217 gradients={} kernel={'min': 0.16479052603244781, 'mean': 0.5573880672454834, 'std': 0.19520363211631775, 'max': 0.967687726020813, 'quantiles_05_25_50_75_95': [0.24830621480941772, 0.3994925320148468, 0.5678035020828247, 0.7051783204078674, 0.8868115544319153], 'histogram_10_bins_0_1': [0, 4, 90, 87, 110, 99, 139, 118, 41, 32]}
2026-10-03 08:09:07,405 [RSIAT_adapter.py] => QKSR diagnostics task=4 epoch=25 gamma=0.22869217 gradients={} kernel={'min': 0.07587821781635284, 'mean': 0.4951949417591095, 'std': 0.19739000499248505, 'max': 0.9797419905662537, 'quantiles_05_25_50_75_95': [0.13755884766578674, 0.36043983697891235, 0.5048332214355469, 0.6224107146263123, 0.859097421169281], 'histogram_10_bins_0_1': [16, 38, 81, 99, 116, 167, 86, 65, 36, 16]}
2026-10-03 08:09:14,659 [RSIAT_adapter.py] => QKSR diagnostics task=4 epoch=26 gamma=0.22869217 gradients={} kernel={'min': 0.0819537416100502, 'mean': 0.5842187404632568, 'std': 0.20613718032836914, 'max': 0.9996486902236938, 'quantiles_05_25_50_75_95': [0.2585735321044922, 0.40631526708602905, 0.5991939306259155, 0.7319524884223938, 0.9303531646728516], 'histogram_10_bins_0_1': [1, 13, 56, 104, 75, 113, 147, 96, 68, 47]}
2026-10-03 08:09:21,896 [RSIAT_adapter.py] => QKSR diagnostics task=4 epoch=27 gamma=0.22869217 gradients={} kernel={'min': 0.12603729963302612, 'mean': 0.5721666812896729, 'std': 0.18156522512435913, 'max': 0.9705273509025574, 'quantiles_05_25_50_75_95': [0.24226360023021698, 0.451205849647522, 0.5932824015617371, 0.7001035213470459, 0.8391315340995789], 'histogram_10_bins_0_1': [0, 29, 32, 77, 94, 140, 168, 108, 60, 12]}
2026-10-03 08:09:29,119 [RSIAT_adapter.py] => QKSR diagnostics task=4 epoch=28 gamma=0.22869217 gradients={} kernel={'min': 0.11032366007566452, 'mean': 0.5687462091445923, 'std': 0.189361110329628, 'max': 0.9966842532157898, 'quantiles_05_25_50_75_95': [0.24767933785915375, 0.43886691331863403, 0.5696306228637695, 0.6913269758224487, 0.8892495036125183], 'histogram_10_bins_0_1': [0, 12, 50, 84, 126, 135, 141, 81, 57, 34]}
2026-10-03 08:09:36,315 [RSIAT_adapter.py] => QKSR diagnostics task=4 epoch=29 gamma=0.22869217 gradients={} kernel={'min': 0.04687215015292168, 'mean': 0.5223978161811829, 'std': 0.20629237592220306, 'max': 0.9884141683578491, 'quantiles_05_25_50_75_95': [0.1748054325580597, 0.3526862859725952, 0.5385016202926636, 0.6749761700630188, 0.8620070815086365], 'histogram_10_bins_0_1': [5, 49, 62, 119, 78, 120, 138, 79, 49, 21]}
2026-10-03 08:09:53,381 [RSIAT_adapter.py] => QKSR diagnostics task=4 epoch=30 gamma=0.22869217 gradients={} kernel={'min': 0.11299072951078415, 'mean': 0.5767516493797302, 'std': 0.19380301237106323, 'max': 0.9972459673881531, 'quantiles_05_25_50_75_95': [0.2664945125579834, 0.43912798166275024, 0.5667660236358643, 0.7086594104766846, 0.9255294799804688], 'histogram_10_bins_0_1': [0, 10, 39, 90, 133, 130, 119, 101, 44, 54]}
2026-10-03 08:09:53,381 [RSIAT_adapter.py] => Task 4, Epoch 30/30 => Loss 4.364, Loss_c 2.653, Losses_rt 1.711, Train_accy 78.26, Test_accy 86.49, Time 7.24s
2026-10-03 08:09:53,381 [RSIAT_adapter.py] => Task 4 peak GPU memory: 4871.03 MiB
2026-10-03 08:10:08,100 [base.py] => CA Task 4 => Loss 0.073, Test_accy skipped
2026-10-03 08:10:08,309 [base.py] => CA Task 4 => Loss 0.059, Test_accy skipped
2026-10-03 08:10:08,519 [base.py] => CA Task 4 => Loss 0.060, Test_accy skipped
2026-10-03 08:10:08,728 [base.py] => CA Task 4 => Loss 0.057, Test_accy skipped
2026-10-03 08:10:08,936 [base.py] => CA Task 4 => Loss 0.055, Test_accy skipped
2026-10-03 08:10:09,145 [base.py] => CA Task 4 => Loss 0.051, Test_accy skipped
2026-10-03 08:10:09,353 [base.py] => CA Task 4 => Loss 0.054, Test_accy skipped
2026-10-03 08:10:09,562 [base.py] => CA Task 4 => Loss 0.048, Test_accy skipped
2026-10-03 08:10:09,770 [base.py] => CA Task 4 => Loss 0.051, Test_accy skipped
2026-10-03 08:10:17,229 [base.py] => CA Task 4 => Loss 0.046, Test_accy 86.750
2026-10-03 08:10:23,690 [trainer.py] => CNN: {'total': 86.75, '00-09': 87.08, '10-19': 89.82, '20-29': 88.03, '30-39': 86.98, '40-49': 85.16, '50-59': 84.98, '60-69': 83.88, '70-79': 86.55, '80-89': 86.86, '90-99': 87.43, 'old': 86.68, 'new': 87.06}
2026-10-03 08:10:23,690 [trainer.py] => Continual metrics after task 4: BWT=-2.8850, forgetting=2.9275, task_acc=[88.56, 87.48, 85.07, 85.15, 87.06]
2026-10-03 08:10:23,924 [base.py] => Saved checkpoint: /kaggle/working/qksr_runs/ckpt/imagenetr_qksr/imagenetr/20_20/seed_1993/task_4.pkl
2026-10-03 08:10:23,940 [trainer.py] => Removed superseded checkpoint: /kaggle/working/qksr_runs/ckpt/imagenetr_qksr/imagenetr/20_20/seed_1993/task_3.pkl
2026-10-03 08:10:23,941 [trainer.py] => CNN top1 curve: [95.62, 91.44, 89.24, 88.22, 86.75]
2026-10-03 08:10:23,941 [trainer.py] => CNN top5 curve: [99.29, 98.15, 97.74, 96.8, 96.39]
2026-10-03 08:10:23,941 [trainer.py] => Average Accuracy (CNN): 90.25399999999999
2026-10-03 08:10:23,941 [trainer.py] => All params: 87065088
2026-10-03 08:10:23,941 [trainer.py] => Trainable params: 1266432
2026-10-03 08:10:23,942 [RSIAT_adapter.py] => Learning on 100-120
2026-10-03 08:10:24,040 [RSIAT_adapter.py] => QKSR calibration task=5 samples=512 indices=[1706, 1273, 644, 845, 1184, 2128, 1723, 2072, 420, 723, 1332, 1931, 1481, 805, 1066, 1628, 1177, 128, 685, 2496, 2040, 532, 1652, 2092, 1088, 1905, 124, 2077, 2321, 2442, 1999, 1367, 1456, 1710, 665, 973, 2268, 200, 2354, 2296, 292, 1057, 2203, 1237, 930, 2546, 2610, 2241, 1835, 2169, 1517, 28, 508, 2076, 2379, 2114, 1344, 677, 1828, 742, 2531, 1766, 2221, 1938, 2593, 716, 1615, 1278, 2578, 1087, 782, 1131, 2091, 1857, 1382, 1333, 351, 1910, 2462, 1764, 998, 2642, 1163, 416, 564, 1562, 1175, 2569, 792, 750, 964, 1112, 1519, 2547, 301, 1498, 2079, 1914, 21, 538, 1991, 1080, 737, 101, 3, 119, 2395, 807, 1105, 2227, 2579, 512, 23, 751, 595, 2457, 1454, 1820, 2381, 2146, 2185, 2288, 251, 2312, 1794, 1324, 2205, 2607, 857, 800, 2612, 57, 2217, 547, 755, 2208, 1625, 619, 13, 2486, 1509, 1443, 1102, 748, 599, 1816, 2259, 51, 241, 1703, 2348, 38, 823, 2602, 1067, 418, 194, 2058, 2277, 2518, 662, 1158, 1526, 2261, 1909, 624, 2574, 2019, 206, 2589, 1664, 2463, 223, 2226, 1079, 225, 95, 695, 2194, 555, 367, 2123, 986, 1610, 924, 1370, 2389, 2494, 268, 740, 710, 1450, 2250, 522, 2033, 1427, 212, 1253, 1594, 2533, 989, 1713, 1701, 963, 1045, 1351, 37, 779, 900, 2359, 1411, 2110, 2355, 1435, 2023, 394, 155, 1234, 468, 9, 15, 1179, 1799, 1035, 2336, 656, 1325, 2157, 1957, 1354, 1063, 517, 1739, 2220, 1471, 186, 1721, 2505, 1182, 231, 92, 464, 2065, 1218, 1945, 1743, 2126, 1259, 1107, 1277, 1355, 749, 1947, 478, 1016, 67, 1405, 1381, 948, 837, 2281, 816, 1663, 2144, 5, 1551, 1395, 874, 279, 1212, 377, 670, 2412, 1110, 2520, 2622, 1599, 289, 1132, 1622, 713, 881, 2351, 2069, 1959, 258, 546, 403, 126, 819, 1518, 111, 560, 22, 1299, 1054, 1731, 2176, 1486, 1589, 436, 1675, 60, 26, 1263, 1716, 1425, 1859, 1829, 1115, 1490, 310, 1946, 2446, 221, 2207, 2115, 875, 1492, 2509, 1082, 2376, 1478, 1698, 2460, 2439, 584, 278, 2138, 2523, 2049, 2166, 2178, 705, 2532, 300, 1872, 1751, 1096, 2032, 666, 862, 1717, 1345, 1941, 2195, 1429, 1737, 1902, 2620, 980, 2305, 2461, 2555, 1782, 1746, 1430, 149, 2363, 2045, 878, 109, 1488, 1165, 1383, 2037, 1870, 46, 594, 1360, 2145, 1851, 521, 2265, 32, 1293, 1584, 1452, 2646, 2053, 315, 1003, 739, 586, 2222, 1352, 793, 2604, 252, 2628, 1572, 1709, 395, 10, 2596, 632, 248, 402, 577, 1313, 1151, 293, 832, 1711, 2537, 1759, 1223, 1805, 382, 1002, 1361, 2316, 2322, 1130, 1825, 520, 1887, 1416, 854, 1570, 761, 2167, 744, 2434, 659, 352, 1412, 64, 36, 1350, 502, 2425, 1724, 935, 243, 675, 1588, 1898, 1819, 1668, 1269, 1904, 306, 2017, 1541, 2453, 18, 384, 1935, 770, 1779, 131, 1736, 1162, 2102, 391, 1606, 1114, 107, 330, 2512, 2024, 667, 1455, 608, 136, 836, 1194, 1453, 1777, 2272, 2342, 1752, 889, 1888, 2511, 137, 1873, 2499, 2373, 2078, 1978, 353, 2449, 205, 938, 2120, 1281, 684, 763, 265, 457, 971, 1546, 87, 1230, 1543, 1796, 2378, 314, 2290, 1505, 1106, 1917, 1648, 2229, 1465, 1730, 1380, 1612, 1385, 2154]
2026-10-03 08:10:40,909 [toolkit.py] => All params: 87229184
2026-10-03 08:10:40,909 [toolkit.py] => Trainable params: 1430528
2026-10-03 08:10:50,044 [RSIAT_adapter.py] => QKSR diagnostics task=5 epoch=1 gamma=0.22869217 gradients={} kernel={'min': 0.09976170212030411, 'mean': 0.600270688533783, 'std': 0.18026821315288544, 'max': 0.997252881526947, 'quantiles_05_25_50_75_95': [0.3050847053527832, 0.4770488142967224, 0.6007902026176453, 0.7207109928131104, 0.9520407915115356], 'histogram_10_bins_0_1': [1, 15, 47, 140, 166, 279, 286, 186, 96, 84]}
2026-10-03 08:10:59,193 [RSIAT_adapter.py] => QKSR diagnostics task=5 epoch=2 gamma=0.22869217 gradients={} kernel={'min': 0.10682617872953415, 'mean': 0.5703727602958679, 'std': 0.19754378497600555, 'max': 0.9967848062515259, 'quantiles_05_25_50_75_95': [0.23423311114311218, 0.4245820641517639, 0.5745267868041992, 0.7216598391532898, 0.887418270111084], 'histogram_10_bins_0_1': [0, 42, 73, 154, 212, 218, 237, 207, 101, 56]}
2026-10-03 08:11:08,340 [RSIAT_adapter.py] => QKSR diagnostics task=5 epoch=3 gamma=0.22869217 gradients={} kernel={'min': 0.08153486251831055, 'mean': 0.5338992476463318, 'std': 0.205609992146492, 'max': 0.9999624490737915, 'quantiles_05_25_50_75_95': [0.22728277742862701, 0.3655288815498352, 0.5226247906684875, 0.6825037002563477, 0.9138271808624268], 'histogram_10_bins_0_1': [2, 48, 98, 244, 212, 232, 171, 161, 60, 72]}
2026-10-03 08:11:17,486 [RSIAT_adapter.py] => QKSR diagnostics task=5 epoch=4 gamma=0.22869217 gradients={} kernel={'min': 0.13216671347618103, 'mean': 0.5566799640655518, 'std': 0.18226702511310577, 'max': 0.9721274971961975, 'quantiles_05_25_50_75_95': [0.23569045960903168, 0.4218255281448364, 0.5717544555664062, 0.6947336196899414, 0.8471037745475769], 'histogram_10_bins_0_1': [0, 8, 120, 138, 244, 229, 251, 184, 102, 24]}
2026-10-03 08:11:26,633 [RSIAT_adapter.py] => QKSR diagnostics task=5 epoch=5 gamma=0.22869217 gradients={} kernel={'min': 0.08277881890535355, 'mean': 0.5930228233337402, 'std': 0.19416314363479614, 'max': 0.999910295009613, 'quantiles_05_25_50_75_95': [0.30140408873558044, 0.44090038537979126, 0.5960765480995178, 0.737074613571167, 0.9191850423812866], 'histogram_10_bins_0_1': [1, 21, 42, 159, 223, 229, 240, 161, 136, 88]}
2026-10-03 08:11:35,780 [RSIAT_adapter.py] => QKSR diagnostics task=5 epoch=6 gamma=0.22869217 gradients={} kernel={'min': 0.09540937840938568, 'mean': 0.5964076519012451, 'std': 0.19494281709194183, 'max': 0.9984868168830872, 'quantiles_05_25_50_75_95': [0.2891947329044342, 0.4272669553756714, 0.6028766632080078, 0.744381308555603, 0.9274387359619141], 'histogram_10_bins_0_1': [1, 16, 52, 184, 170, 222, 234, 222, 115, 84]}
2026-10-03 08:11:44,941 [RSIAT_adapter.py] => QKSR diagnostics task=5 epoch=7 gamma=0.22869217 gradients={} kernel={'min': 0.12816067039966583, 'mean': 0.5465908646583557, 'std': 0.19132891297340393, 'max': 0.9922873377799988, 'quantiles_05_25_50_75_95': [0.2581143081188202, 0.3899257481098175, 0.5498913526535034, 0.6809533834457397, 0.8886197805404663], 'histogram_10_bins_0_1': [0, 26, 101, 228, 195, 215, 242, 158, 81, 54]}
2026-10-03 08:11:54,103 [RSIAT_adapter.py] => QKSR diagnostics task=5 epoch=8 gamma=0.22869217 gradients={} kernel={'min': 0.1868855357170105, 'mean': 0.5523717403411865, 'std': 0.17760132253170013, 'max': 0.9503469467163086, 'quantiles_05_25_50_75_95': [0.28911155462265015, 0.4003964364528656, 0.5473695397377014, 0.6993889808654785, 0.8420329093933105], 'histogram_10_bins_0_1': [0, 1, 71, 252, 207, 233, 212, 218, 88, 18]}
2026-10-03 08:12:03,267 [RSIAT_adapter.py] => QKSR diagnostics task=5 epoch=9 gamma=0.22869217 gradients={} kernel={'min': 0.05181608721613884, 'mean': 0.5133717656135559, 'std': 0.230292409658432, 'max': 0.9992719888687134, 'quantiles_05_25_50_75_95': [0.19757933914661407, 0.3335863947868347, 0.4862666726112366, 0.6824963092803955, 0.9495236873626709], 'histogram_10_bins_0_1': [19, 63, 176, 203, 215, 167, 169, 135, 45, 108]}
2026-10-03 08:12:12,432 [RSIAT_adapter.py] => QKSR diagnostics task=5 epoch=10 gamma=0.22869217 gradients={} kernel={'min': 0.09981507807970047, 'mean': 0.5578727126121521, 'std': 0.19081971049308777, 'max': 0.9991433620452881, 'quantiles_05_25_50_75_95': [0.23540283739566803, 0.40125614404678345, 0.5619804859161377, 0.6902806162834167, 0.8691114783287048], 'histogram_10_bins_0_1': [1, 33, 71, 217, 174, 247, 251, 172, 85, 49]}
2026-10-03 08:12:21,606 [RSIAT_adapter.py] => QKSR diagnostics task=5 epoch=11 gamma=0.22869217 gradients={} kernel={'min': 0.11991062015295029, 'mean': 0.5750972628593445, 'std': 0.1855805665254593, 'max': 0.9766669869422913, 'quantiles_05_25_50_75_95': [0.29003509879112244, 0.4277878999710083, 0.5872424244880676, 0.7253268957138062, 0.8630324602127075], 'histogram_10_bins_0_1': [0, 28, 65, 173, 197, 224, 241, 205, 134, 33]}
2026-10-03 08:12:30,808 [RSIAT_adapter.py] => QKSR diagnostics task=5 epoch=12 gamma=0.22869217 gradients={} kernel={'min': 0.05515728145837784, 'mean': 0.505040168762207, 'std': 0.21388451755046844, 'max': 0.9999926090240479, 'quantiles_05_25_50_75_95': [0.16283628344535828, 0.3357498347759247, 0.5010319948196411, 0.6567097902297974, 0.8565205335617065], 'histogram_10_bins_0_1': [29, 67, 135, 215, 199, 205, 195, 141, 72, 42]}
2026-10-03 08:12:39,888 [RSIAT_adapter.py] => QKSR diagnostics task=5 epoch=13 gamma=0.22869217 gradients={} kernel={'min': 0.07454508543014526, 'mean': 0.5251404643058777, 'std': 0.23244543373584747, 'max': 0.9999951720237732, 'quantiles_05_25_50_75_95': [0.1663001924753189, 0.36232858896255493, 0.49576711654663086, 0.6701836585998535, 0.9630882143974304], 'histogram_10_bins_0_1': [25, 78, 115, 215, 229, 184, 171, 98, 67, 118]}
2026-10-03 08:12:48,926 [RSIAT_adapter.py] => QKSR diagnostics task=5 epoch=14 gamma=0.22869217 gradients={} kernel={'min': 0.05718879774212837, 'mean': 0.5470649600028992, 'std': 0.18647420406341553, 'max': 0.99982088804245, 'quantiles_05_25_50_75_95': [0.28045591711997986, 0.393804669380188, 0.5334420800209045, 0.6807747483253479, 0.8811346292495728], 'histogram_10_bins_0_1': [3, 15, 68, 252, 240, 220, 219, 158, 75, 50]}
2026-10-03 08:12:57,921 [RSIAT_adapter.py] => QKSR diagnostics task=5 epoch=15 gamma=0.22869217 gradients={} kernel={'min': 0.15558288991451263, 'mean': 0.5760976672172546, 'std': 0.18922218680381775, 'max': 0.9645575284957886, 'quantiles_05_25_50_75_95': [0.28705137968063354, 0.43088728189468384, 0.581771194934845, 0.7264546155929565, 0.8830925226211548], 'histogram_10_bins_0_1': [0, 4, 93, 188, 198, 216, 223, 195, 138, 45]}
2026-10-03 08:13:06,934 [RSIAT_adapter.py] => QKSR diagnostics task=5 epoch=16 gamma=0.22869217 gradients={} kernel={'min': 0.0724489837884903, 'mean': 0.5177604556083679, 'std': 0.2186928242444992, 'max': 0.9969329833984375, 'quantiles_05_25_50_75_95': [0.16107149422168732, 0.33788588643074036, 0.5105611085891724, 0.6693033576011658, 0.8962797522544861], 'histogram_10_bins_0_1': [1, 104, 100, 223, 205, 196, 199, 119, 91, 62]}
2026-10-03 08:13:15,954 [RSIAT_adapter.py] => QKSR diagnostics task=5 epoch=17 gamma=0.22869217 gradients={} kernel={'min': 0.1033264696598053, 'mean': 0.5135319828987122, 'std': 0.19788827002048492, 'max': 0.9832635521888733, 'quantiles_05_25_50_75_95': [0.1380532681941986, 0.37515613436698914, 0.5212866067886353, 0.6537059545516968, 0.8455402851104736], 'histogram_10_bins_0_1': [0, 95, 87, 214, 214, 232, 222, 135, 85, 16]}
2026-10-03 08:13:24,979 [RSIAT_adapter.py] => QKSR diagnostics task=5 epoch=18 gamma=0.22869217 gradients={} kernel={'min': 0.07977313548326492, 'mean': 0.5708685517311096, 'std': 0.20208577811717987, 'max': 0.9999958872795105, 'quantiles_05_25_50_75_95': [0.27728867530822754, 0.40746042132377625, 0.5624257326126099, 0.7242971658706665, 0.9388623833656311], 'histogram_10_bins_0_1': [1, 22, 87, 187, 220, 213, 198, 202, 84, 86]}
2026-10-03 08:13:33,992 [RSIAT_adapter.py] => QKSR diagnostics task=5 epoch=19 gamma=0.22869217 gradients={} kernel={'min': 0.07960455119609833, 'mean': 0.5470231771469116, 'std': 0.201467365026474, 'max': 0.9999954700469971, 'quantiles_05_25_50_75_95': [0.2505115568637848, 0.39338868856430054, 0.5399162769317627, 0.6818850040435791, 0.9034962058067322], 'histogram_10_bins_0_1': [3, 38, 98, 198, 229, 216, 226, 132, 93, 67]}
2026-10-03 08:13:43,037 [RSIAT_adapter.py] => QKSR diagnostics task=5 epoch=20 gamma=0.22869217 gradients={} kernel={'min': 0.07921505719423294, 'mean': 0.5631856918334961, 'std': 0.2301183044910431, 'max': 0.9999995231628418, 'quantiles_05_25_50_75_95': [0.23191846907138824, 0.38143086433410645, 0.5361595749855042, 0.724352240562439, 0.9927213191986084], 'histogram_10_bins_0_1': [3, 45, 93, 234, 199, 200, 166, 107, 95, 158]}
2026-10-03 08:13:52,095 [RSIAT_adapter.py] => QKSR diagnostics task=5 epoch=21 gamma=0.22869217 gradients={} kernel={'min': 0.08046075701713562, 'mean': 0.550652801990509, 'std': 0.20414339005947113, 'max': 0.9999914169311523, 'quantiles_05_25_50_75_95': [0.25991690158843994, 0.38077372312545776, 0.5474698543548584, 0.6923025846481323, 0.9192551374435425], 'histogram_10_bins_0_1': [1, 24, 141, 194, 184, 219, 225, 150, 88, 74]}
2026-10-03 08:14:01,262 [RSIAT_adapter.py] => QKSR diagnostics task=5 epoch=22 gamma=0.22869217 gradients={} kernel={'min': 0.10733944922685623, 'mean': 0.5279106497764587, 'std': 0.19326558709144592, 'max': 0.9651387333869934, 'quantiles_05_25_50_75_95': [0.21854612231254578, 0.3820946216583252, 0.518875002861023, 0.666552722454071, 0.8533331751823425], 'histogram_10_bins_0_1': [0, 47, 103, 223, 218, 251, 185, 138, 108, 27]}
2026-10-03 08:14:10,307 [RSIAT_adapter.py] => QKSR diagnostics task=5 epoch=23 gamma=0.22869217 gradients={} kernel={'min': 0.046041350811719894, 'mean': 0.5312039256095886, 'std': 0.20698685944080353, 'max': 0.999655544757843, 'quantiles_05_25_50_75_95': [0.2136889547109604, 0.36842793226242065, 0.5249371528625488, 0.6696006059646606, 0.9215093851089478], 'histogram_10_bins_0_1': [6, 50, 102, 230, 217, 216, 202, 135, 73, 69]}
2026-10-03 08:14:19,373 [RSIAT_adapter.py] => QKSR diagnostics task=5 epoch=24 gamma=0.22869217 gradients={} kernel={'min': 0.059404533356428146, 'mean': 0.5292113423347473, 'std': 0.19463515281677246, 'max': 0.9957886934280396, 'quantiles_05_25_50_75_95': [0.2178676277399063, 0.3809505105018616, 0.5260201692581177, 0.6727409362792969, 0.8467987179756165], 'histogram_10_bins_0_1': [3, 49, 114, 202, 225, 248, 183, 148, 107, 21]}
2026-10-03 08:14:28,415 [RSIAT_adapter.py] => QKSR diagnostics task=5 epoch=25 gamma=0.22869217 gradients={} kernel={'min': 0.08367396891117096, 'mean': 0.5368532538414001, 'std': 0.1905743032693863, 'max': 0.9999201893806458, 'quantiles_05_25_50_75_95': [0.2352914959192276, 0.39761775732040405, 0.5371167659759521, 0.6614255309104919, 0.903384804725647], 'histogram_10_bins_0_1': [1, 22, 134, 171, 230, 270, 223, 137, 46, 66]}
2026-10-03 08:14:37,417 [RSIAT_adapter.py] => QKSR diagnostics task=5 epoch=26 gamma=0.22869217 gradients={} kernel={'min': 0.11701063811779022, 'mean': 0.5680673718452454, 'std': 0.1782960444688797, 'max': 0.9937232732772827, 'quantiles_05_25_50_75_95': [0.2982652187347412, 0.43345311284065247, 0.5667298436164856, 0.6950532793998718, 0.8779720067977905], 'histogram_10_bins_0_1': [0, 9, 63, 202, 232, 240, 242, 167, 92, 53]}
2026-10-03 08:14:46,409 [RSIAT_adapter.py] => QKSR diagnostics task=5 epoch=27 gamma=0.22869217 gradients={} kernel={'min': 0.07912176847457886, 'mean': 0.5598450899124146, 'std': 0.22000430524349213, 'max': 0.9999998807907104, 'quantiles_05_25_50_75_95': [0.22121138870716095, 0.38004055619239807, 0.5444189310073853, 0.7183067202568054, 0.9918310046195984], 'histogram_10_bins_0_1': [4, 37, 108, 221, 160, 236, 171, 160, 97, 106]}
2026-10-03 08:14:55,456 [RSIAT_adapter.py] => QKSR diagnostics task=5 epoch=28 gamma=0.22869217 gradients={} kernel={'min': 0.07057119160890579, 'mean': 0.5065702795982361, 'std': 0.2061639428138733, 'max': 0.997530460357666, 'quantiles_05_25_50_75_95': [0.17596955597400665, 0.3401918113231659, 0.5014861822128296, 0.6660923361778259, 0.8465958833694458], 'histogram_10_bins_0_1': [3, 96, 145, 195, 206, 208, 185, 146, 86, 30]}
2026-10-03 08:15:04,515 [RSIAT_adapter.py] => QKSR diagnostics task=5 epoch=29 gamma=0.22869217 gradients={} kernel={'min': 0.07771536707878113, 'mean': 0.5498149991035461, 'std': 0.21372753381729126, 'max': 0.9965547323226929, 'quantiles_05_25_50_75_95': [0.20828068256378174, 0.3726111948490143, 0.5527837872505188, 0.7181997299194336, 0.8918776512145996], 'histogram_10_bins_0_1': [2, 45, 134, 194, 175, 189, 202, 178, 120, 61]}
2026-10-03 08:15:25,675 [RSIAT_adapter.py] => QKSR diagnostics task=5 epoch=30 gamma=0.22869217 gradients={} kernel={'min': 0.07029400020837784, 'mean': 0.5472219586372375, 'std': 0.21912406384944916, 'max': 0.9966819286346436, 'quantiles_05_25_50_75_95': [0.17528577148914337, 0.39011693000793457, 0.5549002885818481, 0.6969643831253052, 0.9151692390441895], 'histogram_10_bins_0_1': [20, 76, 71, 184, 212, 178, 239, 146, 95, 79]}
2026-10-03 08:15:25,675 [RSIAT_adapter.py] => Task 5, Epoch 30/30 => Loss 3.870, Loss_c 2.185, Losses_rt 1.685, Train_accy 81.53, Test_accy 85.28, Time 9.19s
2026-10-03 08:15:25,675 [RSIAT_adapter.py] => Task 5 peak GPU memory: 4877.73 MiB
2026-10-03 08:15:41,373 [base.py] => CA Task 5 => Loss 0.073, Test_accy skipped
2026-10-03 08:15:41,661 [base.py] => CA Task 5 => Loss 0.062, Test_accy skipped
2026-10-03 08:15:41,947 [base.py] => CA Task 5 => Loss 0.062, Test_accy skipped
2026-10-03 08:15:42,232 [base.py] => CA Task 5 => Loss 0.060, Test_accy skipped
2026-10-03 08:15:42,518 [base.py] => CA Task 5 => Loss 0.054, Test_accy skipped
2026-10-03 08:15:42,804 [base.py] => CA Task 5 => Loss 0.056, Test_accy skipped
2026-10-03 08:15:43,089 [base.py] => CA Task 5 => Loss 0.054, Test_accy skipped
2026-10-03 08:15:43,376 [base.py] => CA Task 5 => Loss 0.054, Test_accy skipped
2026-10-03 08:15:43,661 [base.py] => CA Task 5 => Loss 0.055, Test_accy skipped
2026-10-03 08:15:51,842 [base.py] => CA Task 5 => Loss 0.057, Test_accy 85.550
2026-10-03 08:15:59,637 [trainer.py] => CNN: {'total': 85.55, '00-09': 86.77, '10-19': 86.42, '20-29': 88.67, '30-39': 86.39, '40-49': 85.16, '50-59': 85.3, '60-69': 82.57, '70-79': 84.0, '80-89': 86.0, '90-99': 85.86, '100-109': 82.37, '110-119': 86.21, 'old': 85.77, 'new': 84.52}
2026-10-03 08:15:59,638 [trainer.py] => Continual metrics after task 5: BWT=-3.2740, forgetting=3.3080, task_acc=[86.58, 87.48, 85.23, 83.25, 85.95, 84.52]
2026-10-03 08:15:59,880 [base.py] => Saved checkpoint: /kaggle/working/qksr_runs/ckpt/imagenetr_qksr/imagenetr/20_20/seed_1993/task_5.pkl
2026-10-03 08:15:59,898 [trainer.py] => Removed superseded checkpoint: /kaggle/working/qksr_runs/ckpt/imagenetr_qksr/imagenetr/20_20/seed_1993/task_4.pkl
2026-10-03 08:15:59,898 [trainer.py] => CNN top1 curve: [95.62, 91.44, 89.24, 88.22, 86.75, 85.55]
2026-10-03 08:15:59,898 [trainer.py] => CNN top5 curve: [99.29, 98.15, 97.74, 96.8, 96.39, 95.73]
2026-10-03 08:15:59,898 [trainer.py] => Average Accuracy (CNN): 89.46999999999998
2026-10-03 08:15:59,898 [trainer.py] => All params: 87080448
2026-10-03 08:15:59,899 [trainer.py] => Trainable params: 1281792
2026-10-03 08:15:59,900 [RSIAT_adapter.py] => Learning on 120-140
2026-10-03 08:15:59,991 [RSIAT_adapter.py] => QKSR calibration task=6 samples=512 indices=[1560, 1441, 1586, 416, 1336, 1322, 1197, 10, 1149, 488, 197, 140, 1518, 1583, 503, 150, 935, 1467, 122, 898, 1308, 261, 559, 802, 2060, 1852, 1752, 1330, 1332, 1234, 1429, 226, 2092, 292, 87, 2013, 915, 2, 2026, 2055, 2084, 143, 632, 373, 1894, 1404, 1434, 1495, 72, 57, 1164, 327, 1972, 1461, 1713, 1477, 307, 218, 1554, 254, 1963, 1196, 870, 1160, 246, 1202, 447, 1969, 335, 1946, 1193, 24, 848, 1515, 97, 2044, 1932, 951, 15, 250, 209, 1890, 768, 183, 1914, 2031, 528, 913, 1024, 477, 716, 1915, 920, 1684, 42, 91, 118, 1226, 551, 119, 1841, 1192, 1425, 235, 145, 929, 985, 638, 1958, 639, 826, 1902, 714, 2109, 1826, 1918, 1053, 1102, 1702, 1649, 1077, 1050, 1060, 2030, 853, 1252, 2115, 1590, 925, 586, 1675, 490, 922, 1289, 1001, 1331, 1387, 1878, 35, 326, 1679, 1680, 415, 65, 769, 1850, 2129, 293, 827, 704, 280, 1658, 1154, 1730, 2079, 954, 851, 192, 1942, 1297, 722, 124, 1358, 1895, 1109, 291, 1587, 1027, 310, 1312, 1742, 1081, 155, 1535, 1541, 1956, 997, 1777, 1512, 579, 2041, 96, 1741, 1135, 1506, 1470, 1514, 859, 1471, 1898, 481, 1802, 2001, 2108, 1046, 2104, 1455, 2002, 1326, 1407, 509, 1172, 1013, 203, 626, 369, 45, 772, 1258, 890, 1952, 945, 505, 74, 1805, 1982, 2077, 1835, 771, 1218, 352, 302, 1793, 1221, 1075, 1834, 588, 1641, 1381, 1574, 141, 1315, 421, 2074, 782, 740, 1408, 1813, 839, 2086, 1026, 1978, 1031, 1195, 938, 547, 1837, 1726, 499, 767, 1086, 1877, 1678, 1069, 244, 384, 1996, 1869, 647, 1719, 1933, 1924, 1484, 743, 1608, 1598, 523, 1566, 404, 566, 2121, 93, 1438, 60, 136, 2076, 1939, 604, 365, 710, 689, 1310, 1561, 278, 611, 1337, 1821, 1039, 2098, 1105, 763, 1017, 1509, 650, 624, 1296, 666, 1882, 1130, 1480, 1659, 902, 664, 1292, 642, 620, 354, 79, 981, 396, 549, 1903, 1208, 1556, 1155, 961, 350, 629, 582, 1734, 426, 541, 1980, 1999, 1545, 1818, 1597, 1824, 1431, 793, 2080, 428, 1123, 628, 1465, 1174, 654, 241, 1446, 2068, 167, 1804, 778, 1747, 877, 349, 1291, 332, 800, 1748, 2038, 27, 1776, 1043, 1004, 1809, 1633, 1646, 1892, 1281, 524, 80, 492, 2117, 127, 1944, 1319, 1661, 1540, 999, 833, 571, 1625, 1650, 149, 382, 2073, 814, 1596, 115, 1603, 1355, 81, 1051, 1345, 1879, 696, 2070, 1974, 1373, 1919, 401, 464, 1760, 1280, 677, 1339, 534, 168, 245, 1757, 1577, 932, 5, 1836, 1663, 182, 2058, 1341, 1246, 1543, 1789, 370, 1948, 1107, 1607, 584, 1773, 1696, 723, 795, 1417, 44, 336, 1140, 535, 1211, 958, 682, 2096, 242, 1665, 1290, 1959, 1152, 1881, 301, 1215, 719, 1601, 1935, 510, 804, 1372, 1008, 185, 1872, 1628, 1496, 82, 791, 201, 121, 1019, 1689, 1242, 1352, 818, 467, 394, 300, 1231, 960, 303, 58, 395, 720, 1093, 2053, 651, 1078, 1722, 2069, 860, 1517, 1671, 313, 748, 1398, 2078, 973, 1780, 734, 995, 1047, 707, 162, 2052, 3, 1504, 1668, 1735, 73, 306, 1187, 269, 962, 54, 1921, 20, 1825, 1263, 1618, 298, 346, 22, 1629, 801, 564, 562, 1343, 1009]
2026-10-03 08:16:12,185 [toolkit.py] => All params: 87244544
2026-10-03 08:16:12,185 [toolkit.py] => Trainable params: 1445888
2026-10-03 08:16:19,480 [RSIAT_adapter.py] => QKSR diagnostics task=6 epoch=1 gamma=0.22869217 gradients={} kernel={'min': 0.07497754693031311, 'mean': 0.5726233720779419, 'std': 0.18932174146175385, 'max': 0.9999915957450867, 'quantiles_05_25_50_75_95': [0.27265599370002747, 0.4268241822719574, 0.5803819298744202, 0.7149977087974548, 0.8684665560722351], 'histogram_10_bins_0_1': [28, 46, 222, 588, 522, 727, 743, 588, 386, 110]}
2026-10-03 08:16:26,811 [RSIAT_adapter.py] => QKSR diagnostics task=6 epoch=2 gamma=0.22869217 gradients={} kernel={'min': 0.11488284170627594, 'mean': 0.5712001919746399, 'std': 0.1793861836194992, 'max': 0.9929226636886597, 'quantiles_05_25_50_75_95': [0.27656424045562744, 0.4406116008758545, 0.581567645072937, 0.7067102193832397, 0.8578301072120667], 'histogram_10_bins_0_1': [0, 69, 205, 474, 666, 708, 799, 625, 336, 78]}
2026-10-03 08:16:34,111 [RSIAT_adapter.py] => QKSR diagnostics task=6 epoch=3 gamma=0.22869217 gradients={} kernel={'min': 0.0983581468462944, 'mean': 0.5517297387123108, 'std': 0.19690223038196564, 'max': 0.9999765753746033, 'quantiles_05_25_50_75_95': [0.24085849523544312, 0.3920409679412842, 0.5557358860969543, 0.6902733445167542, 0.8844727277755737], 'histogram_10_bins_0_1': [1, 98, 269, 667, 555, 749, 690, 488, 274, 169]}
2026-10-03 08:16:41,416 [RSIAT_adapter.py] => QKSR diagnostics task=6 epoch=4 gamma=0.22869217 gradients={} kernel={'min': 0.09719883650541306, 'mean': 0.5616042017936707, 'std': 0.1966322660446167, 'max': 0.9999840259552002, 'quantiles_05_25_50_75_95': [0.2319657802581787, 0.415954053401947, 0.5718513131141663, 0.7122585773468018, 0.8675668835639954], 'histogram_10_bins_0_1': [3, 111, 352, 448, 536, 759, 682, 631, 307, 131]}
2026-10-03 08:16:48,711 [RSIAT_adapter.py] => QKSR diagnostics task=6 epoch=5 gamma=0.22869217 gradients={} kernel={'min': 0.07751762121915817, 'mean': 0.5816563963890076, 'std': 0.17717279493808746, 'max': 0.9998020529747009, 'quantiles_05_25_50_75_95': [0.297340452671051, 0.4395653307437897, 0.5865679383277893, 0.7201521992683411, 0.8645203709602356], 'histogram_10_bins_0_1': [3, 30, 175, 453, 729, 720, 733, 587, 447, 83]}
2026-10-03 08:16:56,015 [RSIAT_adapter.py] => QKSR diagnostics task=6 epoch=6 gamma=0.22869217 gradients={} kernel={'min': 0.09701891988515854, 'mean': 0.5680400729179382, 'std': 0.20815153419971466, 'max': 1.0, 'quantiles_05_25_50_75_95': [0.25159475207328796, 0.3977350890636444, 0.562513530254364, 0.7160366177558899, 0.9522901773452759], 'histogram_10_bins_0_1': [4, 134, 167, 705, 559, 661, 645, 512, 300, 273]}
2026-10-03 08:17:03,338 [RSIAT_adapter.py] => QKSR diagnostics task=6 epoch=7 gamma=0.22869217 gradients={} kernel={'min': 0.0936146005988121, 'mean': 0.5720829367637634, 'std': 0.18560224771499634, 'max': 0.9998614192008972, 'quantiles_05_25_50_75_95': [0.2822668254375458, 0.4242905378341675, 0.575648844242096, 0.7168464660644531, 0.8692511916160583], 'histogram_10_bins_0_1': [1, 28, 314, 464, 658, 687, 712, 609, 366, 121]}
2026-10-03 08:17:10,701 [RSIAT_adapter.py] => QKSR diagnostics task=6 epoch=8 gamma=0.22869217 gradients={} kernel={'min': 0.06843297183513641, 'mean': 0.5477829575538635, 'std': 0.19506146013736725, 'max': 0.9994704127311707, 'quantiles_05_25_50_75_95': [0.20871742069721222, 0.4002840220928192, 0.5527633428573608, 0.6930761933326721, 0.8580563068389893], 'histogram_10_bins_0_1': [2, 180, 254, 551, 592, 752, 686, 543, 282, 118]}
2026-10-03 08:17:17,997 [RSIAT_adapter.py] => QKSR diagnostics task=6 epoch=9 gamma=0.22869217 gradients={} kernel={'min': 0.06760020554065704, 'mean': 0.5708222389221191, 'std': 0.1823388934135437, 'max': 0.9995747208595276, 'quantiles_05_25_50_75_95': [0.26151400804519653, 0.4398634731769562, 0.5718719959259033, 0.7018603682518005, 0.8609250783920288], 'histogram_10_bins_0_1': [3, 70, 193, 479, 657, 778, 779, 598, 267, 136]}
2026-10-03 08:17:25,297 [RSIAT_adapter.py] => QKSR diagnostics task=6 epoch=10 gamma=0.22869217 gradients={} kernel={'min': 0.09106047451496124, 'mean': 0.5194059610366821, 'std': 0.19353273510932922, 'max': 0.9986083507537842, 'quantiles_05_25_50_75_95': [0.20892031490802765, 0.3757306635379791, 0.5194878578186035, 0.6555578112602234, 0.840241551399231], 'histogram_10_bins_0_1': [2, 175, 412, 551, 702, 738, 651, 435, 179, 115]}
2026-10-03 08:17:32,600 [RSIAT_adapter.py] => QKSR diagnostics task=6 epoch=11 gamma=0.22869217 gradients={} kernel={'min': 0.03683803975582123, 'mean': 0.5493906736373901, 'std': 0.21001771092414856, 'max': 0.9999393224716187, 'quantiles_05_25_50_75_95': [0.19886580109596252, 0.3891679346561432, 0.5497148036956787, 0.7069642543792725, 0.8956274390220642], 'histogram_10_bins_0_1': [9, 193, 302, 573, 588, 649, 607, 571, 276, 192]}
2026-10-03 08:17:39,905 [RSIAT_adapter.py] => QKSR diagnostics task=6 epoch=12 gamma=0.22869217 gradients={} kernel={'min': 0.0741831511259079, 'mean': 0.5484575033187866, 'std': 0.19926472008228302, 'max': 0.9999945759773254, 'quantiles_05_25_50_75_95': [0.23515455424785614, 0.3958958387374878, 0.5469563007354736, 0.6899855136871338, 0.9036164879798889], 'histogram_10_bins_0_1': [2, 86, 402, 536, 653, 668, 688, 484, 238, 203]}
2026-10-03 08:17:47,197 [RSIAT_adapter.py] => QKSR diagnostics task=6 epoch=13 gamma=0.22869217 gradients={} kernel={'min': 0.06662538647651672, 'mean': 0.5503550171852112, 'std': 0.18593040108680725, 'max': 0.9996616244316101, 'quantiles_05_25_50_75_95': [0.24884837865829468, 0.41683414578437805, 0.5439671277999878, 0.6835326552391052, 0.8602827191352844], 'histogram_10_bins_0_1': [6, 99, 242, 535, 753, 752, 702, 507, 227, 137]}
2026-10-03 08:17:54,531 [RSIAT_adapter.py] => QKSR diagnostics task=6 epoch=14 gamma=0.22869217 gradients={} kernel={'min': 0.07142563909292221, 'mean': 0.5667135119438171, 'std': 0.1959376186132431, 'max': 0.9974191188812256, 'quantiles_05_25_50_75_95': [0.25424373149871826, 0.4230869710445404, 0.5665689706802368, 0.7073055505752563, 0.9050447344779968], 'histogram_10_bins_0_1': [16, 100, 211, 534, 622, 737, 703, 534, 280, 223]}
2026-10-03 08:18:01,821 [RSIAT_adapter.py] => QKSR diagnostics task=6 epoch=15 gamma=0.22869217 gradients={} kernel={'min': 0.08475331217050552, 'mean': 0.5701083540916443, 'std': 0.18373210728168488, 'max': 0.999951183795929, 'quantiles_05_25_50_75_95': [0.271012544631958, 0.4346740245819092, 0.5667984485626221, 0.7022339701652527, 0.8788361549377441], 'histogram_10_bins_0_1': [2, 70, 189, 476, 712, 791, 712, 530, 317, 161]}
2026-10-03 08:18:09,139 [RSIAT_adapter.py] => QKSR diagnostics task=6 epoch=16 gamma=0.22869217 gradients={} kernel={'min': 0.05805041268467903, 'mean': 0.557529091835022, 'std': 0.18171970546245575, 'max': 0.9833601117134094, 'quantiles_05_25_50_75_95': [0.2685721814632416, 0.4258422255516052, 0.5603190660476685, 0.6951859593391418, 0.8430578708648682], 'histogram_10_bins_0_1': [6, 93, 217, 512, 696, 767, 714, 547, 346, 62]}
2026-10-03 08:18:16,450 [RSIAT_adapter.py] => QKSR diagnostics task=6 epoch=17 gamma=0.22869217 gradients={} kernel={'min': 0.03490052372217178, 'mean': 0.5472427010536194, 'std': 0.21423645317554474, 'max': 1.0, 'quantiles_05_25_50_75_95': [0.211325541138649, 0.38386449217796326, 0.5392433404922485, 0.7071381211280823, 0.9239810109138489], 'histogram_10_bins_0_1': [28, 151, 338, 565, 662, 625, 568, 487, 294, 242]}
2026-10-03 08:18:23,759 [RSIAT_adapter.py] => QKSR diagnostics task=6 epoch=18 gamma=0.22869217 gradients={} kernel={'min': 0.05627308413386345, 'mean': 0.5560100674629211, 'std': 0.1845594197511673, 'max': 0.9990376234054565, 'quantiles_05_25_50_75_95': [0.2608831226825714, 0.41024261713027954, 0.5562005043029785, 0.6937034130096436, 0.8601507544517517], 'histogram_10_bins_0_1': [4, 45, 286, 579, 656, 741, 699, 529, 323, 98]}
2026-10-03 08:18:31,079 [RSIAT_adapter.py] => QKSR diagnostics task=6 epoch=19 gamma=0.22869217 gradients={} kernel={'min': 0.10411234200000763, 'mean': 0.5561654567718506, 'std': 0.1857965737581253, 'max': 0.9963923096656799, 'quantiles_05_25_50_75_95': [0.2764531373977661, 0.40588390827178955, 0.5544551610946655, 0.6913976073265076, 0.8673477172851562], 'histogram_10_bins_0_1': [0, 89, 194, 663, 649, 735, 709, 496, 300, 125]}
2026-10-03 08:18:38,408 [RSIAT_adapter.py] => QKSR diagnostics task=6 epoch=20 gamma=0.22869217 gradients={} kernel={'min': 0.09784971177577972, 'mean': 0.5586971640586853, 'std': 0.2031700611114502, 'max': 0.9999945759773254, 'quantiles_05_25_50_75_95': [0.22377467155456543, 0.40571337938308716, 0.5528672337532043, 0.7026983499526978, 0.9058197140693665], 'histogram_10_bins_0_1': [1, 143, 277, 539, 625, 685, 677, 530, 272, 211]}
2026-10-03 08:18:45,727 [RSIAT_adapter.py] => QKSR diagnostics task=6 epoch=21 gamma=0.22869217 gradients={} kernel={'min': 0.08832211792469025, 'mean': 0.5408565402030945, 'std': 0.20848992466926575, 'max': 0.9999997019767761, 'quantiles_05_25_50_75_95': [0.19861862063407898, 0.38329756259918213, 0.5350643396377563, 0.6839293241500854, 0.9215999841690063], 'histogram_10_bins_0_1': [4, 199, 270, 634, 665, 642, 633, 454, 235, 224]}
2026-10-03 08:18:53,044 [RSIAT_adapter.py] => QKSR diagnostics task=6 epoch=22 gamma=0.22869217 gradients={} kernel={'min': 0.08805633336305618, 'mean': 0.5376499891281128, 'std': 0.1878381073474884, 'max': 0.9999444484710693, 'quantiles_05_25_50_75_95': [0.21785300970077515, 0.39198869466781616, 0.546714186668396, 0.6779379844665527, 0.8331546783447266], 'histogram_10_bins_0_1': [20, 126, 297, 589, 628, 709, 755, 530, 230, 76]}
2026-10-03 08:19:00,365 [RSIAT_adapter.py] => QKSR diagnostics task=6 epoch=23 gamma=0.22869217 gradients={} kernel={'min': 0.09709398448467255, 'mean': 0.5522395372390747, 'std': 0.20274464786052704, 'max': 1.0, 'quantiles_05_25_50_75_95': [0.23872166872024536, 0.39498981833457947, 0.5460400581359863, 0.6934859156608582, 0.9211838245391846], 'histogram_10_bins_0_1': [4, 106, 239, 682, 661, 664, 651, 476, 244, 233]}
2026-10-03 08:19:07,680 [RSIAT_adapter.py] => QKSR diagnostics task=6 epoch=24 gamma=0.22869217 gradients={} kernel={'min': 0.07268860936164856, 'mean': 0.5690504312515259, 'std': 0.19439055025577545, 'max': 0.9998854398727417, 'quantiles_05_25_50_75_95': [0.247803196310997, 0.41248074173927307, 0.5788065791130066, 0.7120137214660645, 0.8831307888031006], 'histogram_10_bins_0_1': [1, 99, 231, 589, 551, 653, 763, 615, 302, 156]}
2026-10-03 08:19:14,986 [RSIAT_adapter.py] => QKSR diagnostics task=6 epoch=25 gamma=0.22869217 gradients={} kernel={'min': 0.04183879867196083, 'mean': 0.548783004283905, 'std': 0.1897512972354889, 'max': 0.9994919300079346, 'quantiles_05_25_50_75_95': [0.2392916977405548, 0.40488773584365845, 0.553176999092102, 0.683743953704834, 0.8553810715675354], 'histogram_10_bins_0_1': [34, 58, 292, 570, 612, 768, 753, 519, 227, 127]}
2026-10-03 08:19:22,319 [RSIAT_adapter.py] => QKSR diagnostics task=6 epoch=26 gamma=0.22869217 gradients={} kernel={'min': 0.09718336164951324, 'mean': 0.5716175436973572, 'std': 0.2094048112630844, 'max': 0.9999995231628418, 'quantiles_05_25_50_75_95': [0.2211398184299469, 0.4028473496437073, 0.5822526216506958, 0.7270983457565308, 0.922193169593811], 'histogram_10_bins_0_1': [4, 119, 297, 562, 521, 605, 688, 571, 344, 249]}
2026-10-03 08:19:29,675 [RSIAT_adapter.py] => QKSR diagnostics task=6 epoch=27 gamma=0.22869217 gradients={} kernel={'min': 0.08195360749959946, 'mean': 0.5412052869796753, 'std': 0.1943235546350479, 'max': 0.9986746907234192, 'quantiles_05_25_50_75_95': [0.22003372013568878, 0.39199331402778625, 0.5522949695587158, 0.6771571636199951, 0.8709657788276672], 'histogram_10_bins_0_1': [1, 145, 331, 568, 597, 759, 698, 466, 263, 132]}
2026-10-03 08:19:37,010 [RSIAT_adapter.py] => QKSR diagnostics task=6 epoch=28 gamma=0.22869217 gradients={} kernel={'min': 0.04493029788136482, 'mean': 0.5319046378135681, 'std': 0.20201291143894196, 'max': 0.9976670145988464, 'quantiles_05_25_50_75_95': [0.2024538666009903, 0.3835979700088501, 0.5278971791267395, 0.672337532043457, 0.8857499361038208], 'histogram_10_bins_0_1': [7, 178, 345, 565, 692, 734, 587, 471, 202, 179]}
2026-10-03 08:19:44,334 [RSIAT_adapter.py] => QKSR diagnostics task=6 epoch=29 gamma=0.22869217 gradients={} kernel={'min': 0.052357252687215805, 'mean': 0.5551971793174744, 'std': 0.19341248273849487, 'max': 0.9999997615814209, 'quantiles_05_25_50_75_95': [0.244906947016716, 0.4040619730949402, 0.5632773041725159, 0.6959184408187866, 0.8653398156166077], 'histogram_10_bins_0_1': [4, 113, 281, 567, 627, 661, 743, 555, 277, 132]}
2026-10-03 08:20:03,020 [RSIAT_adapter.py] => QKSR diagnostics task=6 epoch=30 gamma=0.22869217 gradients={} kernel={'min': 0.06535457074642181, 'mean': 0.526670515537262, 'std': 0.191890686750412, 'max': 0.999669075012207, 'quantiles_05_25_50_75_95': [0.21076543629169464, 0.3935580551624298, 0.5207874178886414, 0.6654870510101318, 0.8445637226104736], 'histogram_10_bins_0_1': [5, 170, 315, 539, 803, 711, 632, 440, 261, 84]}
2026-10-03 08:20:03,020 [RSIAT_adapter.py] => Task 6, Epoch 30/30 => Loss 3.842, Loss_c 2.157, Losses_rt 1.685, Train_accy 81.17, Test_accy 85.09, Time 7.32s
2026-10-03 08:20:03,021 [RSIAT_adapter.py] => Task 6 peak GPU memory: 4873.06 MiB
2026-10-03 08:20:17,456 [base.py] => CA Task 6 => Loss 0.065, Test_accy skipped
2026-10-03 08:20:17,812 [base.py] => CA Task 6 => Loss 0.059, Test_accy skipped
2026-10-03 08:20:18,167 [base.py] => CA Task 6 => Loss 0.054, Test_accy skipped
2026-10-03 08:20:18,522 [base.py] => CA Task 6 => Loss 0.055, Test_accy skipped
2026-10-03 08:20:18,877 [base.py] => CA Task 6 => Loss 0.052, Test_accy skipped
2026-10-03 08:20:19,231 [base.py] => CA Task 6 => Loss 0.052, Test_accy skipped
2026-10-03 08:20:19,586 [base.py] => CA Task 6 => Loss 0.052, Test_accy skipped
2026-10-03 08:20:19,941 [base.py] => CA Task 6 => Loss 0.049, Test_accy skipped
2026-10-03 08:20:20,295 [base.py] => CA Task 6 => Loss 0.050, Test_accy skipped
2026-10-03 08:20:32,340 [base.py] => CA Task 6 => Loss 0.049, Test_accy 85.220
2026-10-03 08:20:40,811 [trainer.py] => CNN: {'total': 85.22, '00-09': 85.54, '10-19': 85.64, '20-29': 87.7, '30-39': 86.69, '40-49': 83.04, '50-59': 85.3, '60-69': 82.24, '70-79': 83.64, '80-89': 85.43, '90-99': 83.77, '100-109': 83.39, '110-119': 84.88, '120-129': 83.33, '130-139': 91.22, 'old': 84.88, 'new': 87.59}
2026-10-03 08:20:40,812 [trainer.py] => Continual metrics after task 6: BWT=-3.4033, forgetting=3.4317, task_acc=[85.59, 87.17, 84.23, 82.9, 84.84, 84.23, 87.59]
2026-10-03 08:20:41,067 [base.py] => Saved checkpoint: /kaggle/working/qksr_runs/ckpt/imagenetr_qksr/imagenetr/20_20/seed_1993/task_6.pkl
2026-10-03 08:20:41,087 [trainer.py] => Removed superseded checkpoint: /kaggle/working/qksr_runs/ckpt/imagenetr_qksr/imagenetr/20_20/seed_1993/task_5.pkl
2026-10-03 08:20:41,087 [trainer.py] => CNN top1 curve: [95.62, 91.44, 89.24, 88.22, 86.75, 85.55, 85.22]
2026-10-03 08:20:41,087 [trainer.py] => CNN top5 curve: [99.29, 98.15, 97.74, 96.8, 96.39, 95.73, 95.78]
2026-10-03 08:20:41,087 [trainer.py] => Average Accuracy (CNN): 88.86285714285714
2026-10-03 08:20:41,087 [trainer.py] => All params: 87095808
2026-10-03 08:20:41,088 [trainer.py] => Trainable params: 1297152
2026-10-03 08:20:41,089 [RSIAT_adapter.py] => Learning on 140-160
2026-10-03 08:20:41,186 [RSIAT_adapter.py] => QKSR calibration task=7 samples=512 indices=[749, 484, 807, 2763, 1415, 1910, 488, 1978, 1448, 1239, 2325, 1687, 1006, 1833, 2608, 1938, 2366, 1215, 2228, 2374, 320, 1702, 2772, 273, 999, 928, 302, 644, 1512, 1644, 241, 2693, 804, 1438, 1332, 334, 1627, 1506, 1692, 1929, 1731, 664, 150, 209, 1734, 1825, 540, 2793, 1071, 1668, 2010, 1073, 1654, 222, 1372, 414, 1797, 127, 1809, 1104, 2223, 930, 707, 1134, 1500, 2318, 1075, 73, 2257, 1352, 1788, 179, 2530, 505, 1863, 1259, 158, 2498, 196, 2188, 1989, 1458, 52, 305, 2298, 2470, 2054, 2243, 548, 1153, 1859, 1601, 1177, 1958, 342, 1618, 1519, 1217, 1343, 304, 754, 1023, 1050, 2688, 2030, 2273, 1844, 829, 28, 1767, 802, 2747, 571, 2506, 2441, 1991, 971, 2543, 171, 598, 1834, 1049, 1585, 1194, 973, 2329, 2577, 91, 2748, 2267, 98, 2593, 2761, 1765, 1908, 719, 1685, 1282, 2041, 1451, 566, 532, 2466, 324, 298, 329, 136, 2578, 555, 1651, 1508, 361, 2453, 612, 2604, 2270, 2292, 2703, 2583, 1620, 1417, 1554, 2429, 2713, 2540, 1911, 1459, 2677, 2749, 39, 699, 178, 819, 1460, 956, 2801, 776, 349, 1026, 581, 1441, 203, 133, 870, 323, 755, 2822, 1590, 2442, 634, 682, 1392, 1209, 2028, 2280, 960, 1603, 2550, 1501, 1705, 1011, 702, 795, 1033, 701, 1785, 2753, 1084, 2522, 2698, 1184, 317, 668, 2222, 471, 2372, 1272, 299, 1238, 596, 1279, 354, 840, 93, 849, 2286, 348, 19, 2812, 1420, 2737, 792, 228, 1014, 883, 772, 344, 1521, 1088, 996, 265, 876, 1784, 2553, 506, 1956, 2775, 2365, 384, 1988, 114, 1365, 1822, 1340, 1173, 1255, 1812, 2057, 415, 1155, 2491, 2183, 2343, 608, 2146, 828, 12, 257, 1119, 2415, 945, 2743, 523, 677, 696, 2601, 1786, 2090, 2233, 2575, 2334, 418, 717, 1593, 492, 48, 2388, 2071, 291, 955, 898, 1647, 1044, 2393, 1515, 877, 2558, 338, 49, 2327, 2768, 139, 1684, 2282, 2276, 1858, 2736, 1409, 2208, 2403, 1291, 784, 1475, 1756, 846, 2607, 2322, 1497, 44, 518, 1265, 2721, 1112, 1575, 1614, 2561, 493, 1944, 1313, 1865, 1612, 476, 206, 1390, 619, 2536, 1645, 621, 1905, 1994, 1646, 1551, 156, 2562, 453, 2529, 947, 1763, 1946, 2124, 6, 1040, 1290, 2196, 1576, 1811, 256, 1883, 283, 638, 1966, 2326, 1817, 187, 732, 810, 2524, 2809, 2134, 1902, 2778, 1686, 8, 245, 591, 1630, 1719, 625, 1839, 2546, 1666, 2794, 1058, 2598, 1468, 794, 1622, 381, 1274, 295, 80, 2294, 1012, 765, 901, 389, 2089, 2720, 2785, 2618, 1223, 2545, 1311, 1141, 1541, 2791, 1704, 827, 737, 2454, 2584, 2500, 1214, 2511, 1718, 2311, 1136, 1770, 2266, 864, 2674, 1137, 1013, 1779, 762, 639, 1008, 2333, 691, 1181, 2264, 1904, 2485, 200, 2357, 2798, 779, 138, 1211, 46, 473, 2687, 1237, 1509, 87, 1570, 2647, 552, 2556, 2040, 1489, 2185, 1761, 2826, 1582, 356, 1001, 2095, 20, 2289, 56, 908, 2560, 2818, 1625, 431, 2135, 2420, 939, 1948, 1498, 1759, 2192, 1880, 2042, 689, 1482, 2402, 1041, 1267, 1494, 55, 2043, 2407, 2148, 89, 1791, 2507, 1486, 1048, 607, 1251, 2815, 1452, 1642, 1019, 1118, 958, 823, 1879, 482, 1323, 2079, 496, 624, 1360, 2080, 1847, 1864, 937, 2226, 2130]
2026-10-03 08:20:57,765 [toolkit.py] => All params: 87259904
2026-10-03 08:20:57,765 [toolkit.py] => Trainable params: 1461248
2026-10-03 08:21:07,534 [RSIAT_adapter.py] => QKSR diagnostics task=7 epoch=1 gamma=0.22869217 gradients={} kernel={'min': 0.05186682567000389, 'mean': 0.5542224049568176, 'std': 0.1896822452545166, 'max': 0.9999858140945435, 'quantiles_05_25_50_75_95': [0.2584187984466553, 0.4065083861351013, 0.5580075979232788, 0.6968206763267517, 0.8531494736671448], 'histogram_10_bins_0_1': [10, 141, 371, 915, 982, 1030, 1093, 900, 386, 192]}
2026-10-03 08:21:17,313 [RSIAT_adapter.py] => QKSR diagnostics task=7 epoch=2 gamma=0.22869217 gradients={} kernel={'min': 0.10635078698396683, 'mean': 0.5432555079460144, 'std': 0.19046814739704132, 'max': 0.998633623123169, 'quantiles_05_25_50_75_95': [0.23337452113628387, 0.3961055278778076, 0.5478414297103882, 0.6880324482917786, 0.8415437340736389], 'histogram_10_bins_0_1': [0, 189, 478, 877, 962, 1045, 1090, 851, 381, 147]}
2026-10-03 08:21:27,060 [RSIAT_adapter.py] => QKSR diagnostics task=7 epoch=3 gamma=0.22869217 gradients={} kernel={'min': 0.1024305522441864, 'mean': 0.5816681385040283, 'std': 0.18634748458862305, 'max': 0.9997859597206116, 'quantiles_05_25_50_75_95': [0.2777137756347656, 0.4384765326976776, 0.5872969627380371, 0.7214361429214478, 0.8778576254844666], 'histogram_10_bins_0_1': [0, 88, 302, 748, 962, 1052, 1125, 978, 527, 238]}
2026-10-03 08:21:36,853 [RSIAT_adapter.py] => QKSR diagnostics task=7 epoch=4 gamma=0.22869217 gradients={} kernel={'min': 0.07273852825164795, 'mean': 0.5789483785629272, 'std': 0.17908407747745514, 'max': 0.9982911348342896, 'quantiles_05_25_50_75_95': [0.2855706214904785, 0.44299203157424927, 0.5878608822822571, 0.7090381383895874, 0.8663511276245117], 'histogram_10_bins_0_1': [2, 66, 302, 752, 909, 1136, 1239, 936, 502, 176]}
2026-10-03 08:21:46,569 [RSIAT_adapter.py] => QKSR diagnostics task=7 epoch=5 gamma=0.22869217 gradients={} kernel={'min': 0.08844814449548721, 'mean': 0.5699476599693298, 'std': 0.1869933009147644, 'max': 0.9999997615814209, 'quantiles_05_25_50_75_95': [0.2627032697200775, 0.41737955808639526, 0.5857467651367188, 0.7141543030738831, 0.8561326861381531], 'histogram_10_bins_0_1': [5, 83, 418, 819, 883, 979, 1173, 1008, 496, 156]}
2026-10-03 08:21:56,193 [RSIAT_adapter.py] => QKSR diagnostics task=7 epoch=6 gamma=0.22869217 gradients={} kernel={'min': 0.09222722798585892, 'mean': 0.5572598576545715, 'std': 0.1970958560705185, 'max': 0.9999949336051941, 'quantiles_05_25_50_75_95': [0.24360063672065735, 0.401623010635376, 0.5563886761665344, 0.7046260237693787, 0.879968523979187], 'histogram_10_bins_0_1': [3, 147, 445, 898, 950, 994, 1043, 836, 449, 255]}
2026-10-03 08:22:05,914 [RSIAT_adapter.py] => QKSR diagnostics task=7 epoch=7 gamma=0.22869217 gradients={} kernel={'min': 0.09117384999990463, 'mean': 0.5716707706451416, 'std': 0.1834118366241455, 'max': 0.9999948143959045, 'quantiles_05_25_50_75_95': [0.2786993980407715, 0.42785128951072693, 0.5773110389709473, 0.7069147825241089, 0.8642041087150574], 'histogram_10_bins_0_1': [3, 54, 384, 835, 894, 1084, 1189, 894, 511, 172]}
2026-10-03 08:22:15,588 [RSIAT_adapter.py] => QKSR diagnostics task=7 epoch=8 gamma=0.22869217 gradients={} kernel={'min': 0.09145622700452805, 'mean': 0.5623980164527893, 'std': 0.18825653195381165, 'max': 0.9999997615814209, 'quantiles_05_25_50_75_95': [0.2677772045135498, 0.409259557723999, 0.5657134652137756, 0.7018706798553467, 0.8703212141990662], 'histogram_10_bins_0_1': [3, 125, 325, 956, 913, 1049, 1118, 896, 417, 218]}
2026-10-03 08:22:25,266 [RSIAT_adapter.py] => QKSR diagnostics task=7 epoch=9 gamma=0.22869217 gradients={} kernel={'min': 0.057445406913757324, 'mean': 0.5428035259246826, 'std': 0.1923864632844925, 'max': 0.9999658465385437, 'quantiles_05_25_50_75_95': [0.24577729403972626, 0.39399993419647217, 0.5485546588897705, 0.6848421692848206, 0.8474666476249695], 'histogram_10_bins_0_1': [35, 128, 527, 865, 986, 1025, 1108, 810, 351, 185]}
2026-10-03 08:22:34,954 [RSIAT_adapter.py] => QKSR diagnostics task=7 epoch=10 gamma=0.22869217 gradients={} kernel={'min': 0.08969100564718246, 'mean': 0.5630919933319092, 'std': 0.18258395791053772, 'max': 0.9983102679252625, 'quantiles_05_25_50_75_95': [0.25680461525917053, 0.42627570033073425, 0.569794237613678, 0.6990529894828796, 0.8497896194458008], 'histogram_10_bins_0_1': [3, 133, 347, 810, 913, 1160, 1159, 904, 457, 134]}
2026-10-03 08:22:44,771 [RSIAT_adapter.py] => QKSR diagnostics task=7 epoch=11 gamma=0.22869217 gradients={} kernel={'min': 0.08668392896652222, 'mean': 0.5945698618888855, 'std': 0.19422827661037445, 'max': 0.9999541640281677, 'quantiles_05_25_50_75_95': [0.2697609066963196, 0.44299447536468506, 0.6148229837417603, 0.7437992095947266, 0.8860249519348145], 'histogram_10_bins_0_1': [5, 129, 304, 731, 811, 890, 1115, 1159, 628, 248]}
2026-10-03 08:22:54,425 [RSIAT_adapter.py] => QKSR diagnostics task=7 epoch=12 gamma=0.22869217 gradients={} kernel={'min': 0.09198343008756638, 'mean': 0.5513677597045898, 'std': 0.1858823150396347, 'max': 0.9999960660934448, 'quantiles_05_25_50_75_95': [0.23664794862270355, 0.41165924072265625, 0.5531033873558044, 0.6897493600845337, 0.8488205671310425], 'histogram_10_bins_0_1': [3, 187, 382, 834, 977, 1166, 1086, 823, 394, 168]}
2026-10-03 08:23:04,116 [RSIAT_adapter.py] => QKSR diagnostics task=7 epoch=13 gamma=0.22869217 gradients={} kernel={'min': 0.06931310892105103, 'mean': 0.5534976124763489, 'std': 0.18843206763267517, 'max': 0.9993624091148376, 'quantiles_05_25_50_75_95': [0.25387585163116455, 0.40704312920570374, 0.5589702725410461, 0.7002028226852417, 0.8447357416152954], 'histogram_10_bins_0_1': [30, 113, 434, 872, 966, 1030, 1066, 974, 393, 142]}
2026-10-03 08:23:13,872 [RSIAT_adapter.py] => QKSR diagnostics task=7 epoch=14 gamma=0.22869217 gradients={} kernel={'min': 0.06136632338166237, 'mean': 0.5709301233291626, 'std': 0.18359583616256714, 'max': 0.9999988675117493, 'quantiles_05_25_50_75_95': [0.2853245139122009, 0.4328092336654663, 0.5763459205627441, 0.707819938659668, 0.8637693524360657], 'histogram_10_bins_0_1': [8, 132, 246, 847, 926, 1117, 1161, 942, 436, 205]}
2026-10-03 08:23:23,663 [RSIAT_adapter.py] => QKSR diagnostics task=7 epoch=15 gamma=0.22869217 gradients={} kernel={'min': 0.07474849373102188, 'mean': 0.5649940371513367, 'std': 0.18139337003231049, 'max': 0.999940812587738, 'quantiles_05_25_50_75_95': [0.26904773712158203, 0.4311826229095459, 0.5691229104995728, 0.704194188117981, 0.8517147898674011], 'histogram_10_bins_0_1': [27, 77, 370, 728, 1056, 1115, 1096, 937, 493, 121]}
2026-10-03 08:23:33,390 [RSIAT_adapter.py] => QKSR diagnostics task=7 epoch=16 gamma=0.22869217 gradients={} kernel={'min': 0.06637432426214218, 'mean': 0.5644298791885376, 'std': 0.1888209879398346, 'max': 0.9999838471412659, 'quantiles_05_25_50_75_95': [0.24397680163383484, 0.4272618591785431, 0.5728721022605896, 0.7089778184890747, 0.8566056489944458], 'histogram_10_bins_0_1': [28, 150, 391, 715, 938, 1091, 1100, 989, 450, 168]}
2026-10-03 08:23:43,167 [RSIAT_adapter.py] => QKSR diagnostics task=7 epoch=17 gamma=0.22869217 gradients={} kernel={'min': 0.050213780254125595, 'mean': 0.5499045848846436, 'std': 0.19286279380321503, 'max': 0.9999725818634033, 'quantiles_05_25_50_75_95': [0.2404840737581253, 0.3987264633178711, 0.5614205598831177, 0.6885959506034851, 0.8498983383178711], 'histogram_10_bins_0_1': [33, 166, 399, 926, 851, 1073, 1185, 837, 363, 187]}
2026-10-03 08:23:52,966 [RSIAT_adapter.py] => QKSR diagnostics task=7 epoch=18 gamma=0.22869217 gradients={} kernel={'min': 0.08390436321496964, 'mean': 0.5772253274917603, 'std': 0.1828826516866684, 'max': 0.9996654987335205, 'quantiles_05_25_50_75_95': [0.2804955840110779, 0.4364289343357086, 0.5910388231277466, 0.7155798077583313, 0.8542693257331848], 'histogram_10_bins_0_1': [3, 65, 365, 832, 794, 1063, 1199, 1037, 494, 168]}
2026-10-03 08:24:02,729 [RSIAT_adapter.py] => QKSR diagnostics task=7 epoch=19 gamma=0.22869217 gradients={} kernel={'min': 0.07163755595684052, 'mean': 0.5480829477310181, 'std': 0.1925772875547409, 'max': 0.9998614192008972, 'quantiles_05_25_50_75_95': [0.22717517614364624, 0.4043926000595093, 0.5608309507369995, 0.6984876394271851, 0.8428504467010498], 'histogram_10_bins_0_1': [31, 203, 439, 787, 965, 1017, 1087, 956, 426, 109]}
2026-10-03 08:24:12,436 [RSIAT_adapter.py] => QKSR diagnostics task=7 epoch=20 gamma=0.22869217 gradients={} kernel={'min': 0.09963008016347885, 'mean': 0.5651977062225342, 'std': 0.18322351574897766, 'max': 0.9994017481803894, 'quantiles_05_25_50_75_95': [0.2664068341255188, 0.4137185513973236, 0.5765793323516846, 0.701842188835144, 0.8527148365974426], 'histogram_10_bins_0_1': [1, 60, 458, 866, 823, 1089, 1195, 918, 459, 151]}
2026-10-03 08:24:22,127 [RSIAT_adapter.py] => QKSR diagnostics task=7 epoch=21 gamma=0.22869217 gradients={} kernel={'min': 0.06376785784959793, 'mean': 0.5687927007675171, 'std': 0.18275639414787292, 'max': 0.9999218583106995, 'quantiles_05_25_50_75_95': [0.2743454575538635, 0.4286593794822693, 0.5810292363166809, 0.7114827036857605, 0.8483933210372925], 'histogram_10_bins_0_1': [4, 122, 351, 823, 845, 1098, 1144, 1010, 528, 95]}
2026-10-03 08:24:31,919 [RSIAT_adapter.py] => QKSR diagnostics task=7 epoch=22 gamma=0.22869217 gradients={} kernel={'min': 0.07070042192935944, 'mean': 0.550028920173645, 'std': 0.18357299268245697, 'max': 0.9932894706726074, 'quantiles_05_25_50_75_95': [0.23833473026752472, 0.4084699749946594, 0.5575737357139587, 0.6926255822181702, 0.8353310227394104], 'histogram_10_bins_0_1': [3, 168, 405, 860, 922, 1148, 1080, 910, 436, 88]}
2026-10-03 08:24:42,097 [RSIAT_adapter.py] => QKSR diagnostics task=7 epoch=23 gamma=0.22869217 gradients={} kernel={'min': 0.029605979099869728, 'mean': 0.5722754001617432, 'std': 0.19420607388019562, 'max': 0.9999557733535767, 'quantiles_05_25_50_75_95': [0.26218512654304504, 0.419996976852417, 0.5809421539306641, 0.716818630695343, 0.8884353637695312], 'histogram_10_bins_0_1': [13, 134, 347, 827, 881, 1006, 1111, 946, 504, 251]}
2026-10-03 08:24:51,956 [RSIAT_adapter.py] => QKSR diagnostics task=7 epoch=24 gamma=0.22869217 gradients={} kernel={'min': 0.09656497091054916, 'mean': 0.5634580254554749, 'std': 0.19240641593933105, 'max': 0.999884307384491, 'quantiles_05_25_50_75_95': [0.250660240650177, 0.42214787006378174, 0.5643535852432251, 0.7064156532287598, 0.8790999054908752], 'histogram_10_bins_0_1': [2, 187, 306, 853, 956, 1095, 1051, 898, 426, 246]}
2026-10-03 08:25:01,673 [RSIAT_adapter.py] => QKSR diagnostics task=7 epoch=25 gamma=0.22869217 gradients={} kernel={'min': 0.09720262140035629, 'mean': 0.5769813060760498, 'std': 0.18372367322444916, 'max': 0.9989429116249084, 'quantiles_05_25_50_75_95': [0.28364884853363037, 0.4384523332118988, 0.5813735723495483, 0.7162903547286987, 0.8630610108375549], 'histogram_10_bins_0_1': [1, 132, 273, 758, 905, 1153, 1119, 963, 532, 184]}
2026-10-03 08:25:11,333 [RSIAT_adapter.py] => QKSR diagnostics task=7 epoch=26 gamma=0.22869217 gradients={} kernel={'min': 0.07726940512657166, 'mean': 0.577472448348999, 'std': 0.17723128199577332, 'max': 0.9999755024909973, 'quantiles_05_25_50_75_95': [0.2911265194416046, 0.443103551864624, 0.5876365303993225, 0.7077947854995728, 0.8525940775871277], 'histogram_10_bins_0_1': [2, 64, 264, 824, 929, 1080, 1245, 1001, 454, 157]}
2026-10-03 08:25:21,064 [RSIAT_adapter.py] => QKSR diagnostics task=7 epoch=27 gamma=0.22869217 gradients={} kernel={'min': 0.07217047363519669, 'mean': 0.5620600581169128, 'std': 0.19091646373271942, 'max': 0.9999038577079773, 'quantiles_05_25_50_75_95': [0.2581312656402588, 0.4121463894844055, 0.5691807866096497, 0.7101922631263733, 0.8567757606506348], 'histogram_10_bins_0_1': [54, 106, 346, 887, 885, 1044, 1091, 948, 528, 131]}
2026-10-03 08:25:30,891 [RSIAT_adapter.py] => QKSR diagnostics task=7 epoch=28 gamma=0.22869217 gradients={} kernel={'min': 0.05800369381904602, 'mean': 0.5349787473678589, 'std': 0.19014960527420044, 'max': 0.9997087121009827, 'quantiles_05_25_50_75_95': [0.21358729898929596, 0.3884989619255066, 0.5459998846054077, 0.6760876774787903, 0.8358017802238464], 'histogram_10_bins_0_1': [6, 240, 539, 831, 921, 1098, 1125, 798, 352, 110]}
2026-10-03 08:25:40,586 [RSIAT_adapter.py] => QKSR diagnostics task=7 epoch=29 gamma=0.22869217 gradients={} kernel={'min': 0.08534710109233856, 'mean': 0.567319929599762, 'std': 0.18038064241409302, 'max': 0.999934196472168, 'quantiles_05_25_50_75_95': [0.2907140552997589, 0.4265782833099365, 0.5669037103652954, 0.7016506791114807, 0.8632155060768127], 'histogram_10_bins_0_1': [3, 74, 317, 871, 958, 1166, 1110, 889, 455, 177]}
2026-10-03 08:26:12,167 [RSIAT_adapter.py] => QKSR diagnostics task=7 epoch=30 gamma=0.22869217 gradients={} kernel={'min': 0.08459709584712982, 'mean': 0.5530572533607483, 'std': 0.20216456055641174, 'max': 0.9999966621398926, 'quantiles_05_25_50_75_95': [0.2063872218132019, 0.4039687514305115, 0.5536386966705322, 0.6938354969024658, 0.8913112282752991], 'histogram_10_bins_0_1': [8, 267, 434, 763, 883, 1203, 1013, 702, 474, 273]}
2026-10-03 08:26:12,168 [RSIAT_adapter.py] => Task 7, Epoch 30/30 => Loss 3.786, Loss_c 2.090, Losses_rt 1.695, Train_accy 79.63, Test_accy 83.99, Time 9.70s
2026-10-03 08:26:12,168 [RSIAT_adapter.py] => Task 7 peak GPU memory: 4879.12 MiB
2026-10-03 08:26:39,509 [base.py] => CA Task 7 => Loss 0.064, Test_accy skipped
2026-10-03 08:26:39,944 [base.py] => CA Task 7 => Loss 0.061, Test_accy skipped
2026-10-03 08:26:40,377 [base.py] => CA Task 7 => Loss 0.057, Test_accy skipped
2026-10-03 08:26:40,810 [base.py] => CA Task 7 => Loss 0.057, Test_accy skipped
2026-10-03 08:26:41,242 [base.py] => CA Task 7 => Loss 0.055, Test_accy skipped
2026-10-03 08:26:41,679 [base.py] => CA Task 7 => Loss 0.055, Test_accy skipped
2026-10-03 08:26:42,112 [base.py] => CA Task 7 => Loss 0.051, Test_accy skipped
2026-10-03 08:26:42,546 [base.py] => CA Task 7 => Loss 0.053, Test_accy skipped
2026-10-03 08:26:42,979 [base.py] => CA Task 7 => Loss 0.054, Test_accy skipped
2026-10-03 08:27:00,016 [base.py] => CA Task 7 => Loss 0.051, Test_accy 84.310
2026-10-03 08:27:12,105 [trainer.py] => CNN: {'total': 84.31, '00-09': 83.38, '10-19': 84.86, '20-29': 85.44, '30-39': 86.39, '40-49': 81.98, '50-59': 84.66, '60-69': 82.24, '70-79': 82.55, '80-89': 85.43, '90-99': 80.63, '100-109': 83.39, '110-119': 84.35, '120-129': 80.16, '130-139': 90.88, '140-149': 88.37, '150-159': 81.23, 'old': 84.22, 'new': 84.82}
2026-10-03 08:27:12,106 [trainer.py] => Continual metrics after task 7: BWT=-3.9243, forgetting=3.9486, task_acc=[84.18, 85.94, 83.39, 82.38, 83.73, 83.93, 85.95, 84.82]
2026-10-03 08:27:12,371 [base.py] => Saved checkpoint: /kaggle/working/qksr_runs/ckpt/imagenetr_qksr/imagenetr/20_20/seed_1993/task_7.pkl
2026-10-03 08:27:12,392 [trainer.py] => Removed superseded checkpoint: /kaggle/working/qksr_runs/ckpt/imagenetr_qksr/imagenetr/20_20/seed_1993/task_6.pkl
2026-10-03 08:27:12,392 [trainer.py] => CNN top1 curve: [95.62, 91.44, 89.24, 88.22, 86.75, 85.55, 85.22, 84.31]
2026-10-03 08:27:12,392 [trainer.py] => CNN top5 curve: [99.29, 98.15, 97.74, 96.8, 96.39, 95.73, 95.78, 95.41]
2026-10-03 08:27:12,392 [trainer.py] => Average Accuracy (CNN): 88.29375
2026-10-03 08:27:12,393 [trainer.py] => All params: 87111168
2026-10-03 08:27:12,393 [trainer.py] => Trainable params: 1312512
2026-10-03 08:27:12,394 [RSIAT_adapter.py] => Learning on 160-180
2026-10-03 08:27:12,493 [RSIAT_adapter.py] => QKSR calibration task=8 samples=512 indices=[779, 1004, 363, 1297, 460, 15, 448, 940, 943, 114, 951, 1617, 1538, 407, 371, 1825, 1460, 59, 932, 831, 1349, 1579, 1443, 87, 1820, 163, 1732, 242, 1871, 1453, 4, 806, 537, 20, 177, 408, 805, 1580, 1766, 1381, 879, 1286, 1762, 1027, 680, 918, 626, 485, 1597, 1928, 1571, 802, 1111, 453, 289, 0, 1726, 237, 1709, 1191, 1864, 759, 643, 511, 1401, 1071, 1725, 562, 1119, 1001, 270, 1625, 754, 120, 895, 1089, 36, 1113, 674, 391, 945, 1603, 645, 885, 1553, 495, 394, 950, 409, 752, 1850, 1893, 896, 1749, 548, 1311, 1190, 913, 1236, 1729, 691, 1410, 1037, 663, 1394, 245, 1241, 413, 1293, 125, 1072, 247, 151, 841, 81, 458, 843, 581, 1727, 89, 1235, 294, 1876, 664, 529, 716, 591, 54, 45, 489, 920, 1387, 1067, 53, 858, 1251, 707, 1447, 1772, 1258, 1266, 1128, 1693, 1549, 236, 1651, 1008, 1926, 589, 1557, 1910, 373, 14, 1022, 1556, 863, 1403, 837, 543, 191, 1359, 753, 412, 686, 1672, 584, 159, 1745, 483, 1015, 446, 1446, 546, 176, 1077, 612, 102, 416, 597, 1194, 881, 569, 1284, 842, 909, 1847, 170, 888, 499, 434, 1441, 1030, 953, 1728, 1485, 339, 165, 1327, 420, 632, 340, 257, 113, 62, 990, 1477, 1528, 1521, 1224, 743, 1706, 1019, 771, 1338, 440, 1277, 1431, 442, 1581, 194, 1927, 1719, 638, 540, 727, 925, 1228, 1104, 1153, 1786, 1720, 1389, 713, 1231, 1021, 21, 357, 298, 167, 1570, 794, 94, 1901, 310, 614, 1087, 1880, 1626, 795, 361, 633, 168, 792, 1276, 609, 1290, 1053, 558, 1547, 1774, 1272, 826, 662, 47, 322, 366, 471, 1076, 1305, 84, 1861, 327, 1666, 538, 911, 1362, 1640, 1346, 405, 745, 1168, 681, 1794, 1828, 56, 1371, 1159, 98, 615, 583, 1678, 1185, 980, 1629, 628, 729, 160, 473, 528, 58, 1912, 1347, 110, 244, 1682, 424, 763, 769, 1872, 1499, 1921, 1408, 997, 1060, 1299, 150, 979, 1784, 1100, 1126, 103, 141, 1803, 427, 1697, 1913, 12, 299, 1502, 251, 818, 1383, 555, 1673, 964, 551, 202, 960, 1708, 115, 301, 66, 396, 728, 1884, 1321, 1577, 1787, 1219, 1661, 502, 1637, 1061, 432, 898, 116, 137, 293, 1407, 83, 1196, 157, 1670, 654, 968, 1392, 28, 755, 35, 259, 1511, 1519, 1083, 586, 1395, 439, 16, 1844, 1174, 395, 1707, 1372, 882, 73, 1490, 1814, 1086, 1326, 1308, 343, 1239, 1849, 1852, 1804, 949, 1223, 1917, 1533, 696, 284, 155, 231, 1471, 1247, 1675, 1819, 683, 285, 1268, 1116, 1600, 982, 1200, 1405, 1468, 470, 1097, 1291, 636, 1605, 1747, 1615, 1702, 1197, 853, 1875, 630, 287, 1314, 711, 72, 1051, 482, 195, 561, 1017, 1703, 622, 1300, 143, 314, 1587, 598, 720, 1232, 37, 1724, 1164, 346, 464, 1096, 1687, 780, 697, 1593, 1330, 1736, 766, 1436, 810, 382, 624, 1898, 477, 1919, 1886, 679, 305, 1106, 856, 1172, 1653, 1622, 866, 1365, 1860, 1887, 1759, 1280, 1088, 1391, 1655, 1341, 1221, 803, 646, 891, 1237, 564, 353, 117, 938, 1558, 871, 1456, 514, 1761, 428, 1425, 164, 1818, 1657, 515, 479, 306, 813, 1320, 1514, 1744, 973, 1484, 1151]
2026-10-03 08:27:28,228 [toolkit.py] => All params: 87275264
2026-10-03 08:27:28,229 [toolkit.py] => Trainable params: 1476608
2026-10-03 08:27:34,903 [RSIAT_adapter.py] => QKSR diagnostics task=8 epoch=1 gamma=0.22869217 gradients={} kernel={'min': 0.11721156537532806, 'mean': 0.5719271898269653, 'std': 0.17650330066680908, 'max': 0.996038019657135, 'quantiles_05_25_50_75_95': [0.2963614761829376, 0.4429440498352051, 0.5670338869094849, 0.694647490978241, 0.8716967701911926], 'histogram_10_bins_0_1': [0, 18, 90, 245, 346, 391, 370, 250, 136, 74]}
2026-10-03 08:27:41,706 [RSIAT_adapter.py] => QKSR diagnostics task=8 epoch=2 gamma=0.22869217 gradients={} kernel={'min': 0.06455912441015244, 'mean': 0.5330068469047546, 'std': 0.1738681197166443, 'max': 0.988642156124115, 'quantiles_05_25_50_75_95': [0.22407756745815277, 0.41691526770591736, 0.5392560958862305, 0.6559352278709412, 0.8060193061828613], 'histogram_10_bins_0_1': [4, 74, 143, 201, 354, 425, 387, 228, 83, 21]}
2026-10-03 08:27:48,445 [RSIAT_adapter.py] => QKSR diagnostics task=8 epoch=3 gamma=0.22869217 gradients={} kernel={'min': 0.12938208878040314, 'mean': 0.57619309425354, 'std': 0.17766857147216797, 'max': 0.9924651980400085, 'quantiles_05_25_50_75_95': [0.29556047916412354, 0.43536025285720825, 0.5907875895500183, 0.7076700925827026, 0.8549470901489258], 'histogram_10_bins_0_1': [0, 36, 69, 268, 266, 359, 423, 309, 135, 55]}
2026-10-03 08:27:55,256 [RSIAT_adapter.py] => QKSR diagnostics task=8 epoch=4 gamma=0.22869217 gradients={} kernel={'min': 0.09680664539337158, 'mean': 0.5985618233680725, 'std': 0.1692001223564148, 'max': 0.9993975758552551, 'quantiles_05_25_50_75_95': [0.3321698009967804, 0.4853288531303406, 0.6041728258132935, 0.7198315262794495, 0.8627977967262268], 'histogram_10_bins_0_1': [1, 17, 40, 241, 221, 414, 432, 333, 164, 57]}
2026-10-03 08:28:02,157 [RSIAT_adapter.py] => QKSR diagnostics task=8 epoch=5 gamma=0.22869217 gradients={} kernel={'min': 0.15677504241466522, 'mean': 0.6049608588218689, 'std': 0.17327220737934113, 'max': 0.9871524572372437, 'quantiles_05_25_50_75_95': [0.2872486412525177, 0.4869374632835388, 0.6222623586654663, 0.7347639203071594, 0.8668347001075745], 'histogram_10_bins_0_1': [0, 5, 112, 173, 222, 343, 436, 380, 206, 43]}
2026-10-03 08:28:09,937 [RSIAT_adapter.py] => QKSR diagnostics task=8 epoch=6 gamma=0.22869217 gradients={} kernel={'min': 0.11292195320129395, 'mean': 0.5985941290855408, 'std': 0.17760567367076874, 'max': 0.9668051600456238, 'quantiles_05_25_50_75_95': [0.2701142430305481, 0.46127429604530334, 0.6218893527984619, 0.7377700805664062, 0.8562601804733276], 'histogram_10_bins_0_1': [0, 8, 116, 192, 263, 298, 388, 411, 219, 25]}
2026-10-03 08:28:16,869 [RSIAT_adapter.py] => QKSR diagnostics task=8 epoch=7 gamma=0.22869217 gradients={} kernel={'min': 0.14111436903476715, 'mean': 0.5988929867744446, 'std': 0.1630859375, 'max': 0.9691671133041382, 'quantiles_05_25_50_75_95': [0.31963783502578735, 0.48131752014160156, 0.6198503971099854, 0.7292231917381287, 0.8356537222862244], 'histogram_10_bins_0_1': [0, 1, 61, 228, 254, 340, 439, 412, 160, 25]}
2026-10-03 08:28:23,623 [RSIAT_adapter.py] => QKSR diagnostics task=8 epoch=8 gamma=0.22869217 gradients={} kernel={'min': 0.11381935328245163, 'mean': 0.5836002230644226, 'std': 0.1846008449792862, 'max': 0.9852771162986755, 'quantiles_05_25_50_75_95': [0.2663409113883972, 0.4527674615383148, 0.5925948023796082, 0.7185243964195251, 0.8828244209289551], 'histogram_10_bins_0_1': [0, 32, 118, 180, 289, 371, 390, 296, 174, 70]}
2026-10-03 08:28:30,512 [RSIAT_adapter.py] => QKSR diagnostics task=8 epoch=9 gamma=0.22869217 gradients={} kernel={'min': 0.07610419392585754, 'mean': 0.5889180302619934, 'std': 0.1824827939271927, 'max': 0.9944741725921631, 'quantiles_05_25_50_75_95': [0.2858284115791321, 0.46152737736701965, 0.5891451835632324, 0.7154263854026794, 0.8870370388031006], 'histogram_10_bins_0_1': [1, 35, 76, 179, 329, 382, 391, 257, 188, 82]}
2026-10-03 08:28:37,230 [RSIAT_adapter.py] => QKSR diagnostics task=8 epoch=10 gamma=0.22869217 gradients={} kernel={'min': 0.05864166095852852, 'mean': 0.5508855581283569, 'std': 0.19224540889263153, 'max': 0.9981094598770142, 'quantiles_05_25_50_75_95': [0.1923377960920334, 0.4155482053756714, 0.5640295743942261, 0.6934304237365723, 0.8309819102287292], 'histogram_10_bins_0_1': [28, 71, 72, 247, 322, 366, 366, 283, 121, 44]}
2026-10-03 08:28:44,227 [RSIAT_adapter.py] => QKSR diagnostics task=8 epoch=11 gamma=0.22869217 gradients={} kernel={'min': 0.14155472815036774, 'mean': 0.569101095199585, 'std': 0.167921781539917, 'max': 0.9984126687049866, 'quantiles_05_25_50_75_95': [0.2867414951324463, 0.4565615653991699, 0.5714601278305054, 0.6866209506988525, 0.8435400128364563], 'histogram_10_bins_0_1': [0, 6, 120, 211, 302, 452, 409, 244, 140, 36]}
2026-10-03 08:28:52,015 [RSIAT_adapter.py] => QKSR diagnostics task=8 epoch=12 gamma=0.22869217 gradients={} kernel={'min': 0.1550663858652115, 'mean': 0.5701602101325989, 'std': 0.17336635291576385, 'max': 0.9518566727638245, 'quantiles_05_25_50_75_95': [0.27902570366859436, 0.4374578297138214, 0.5894538164138794, 0.7056085467338562, 0.8270006775856018], 'histogram_10_bins_0_1': [0, 27, 135, 211, 272, 360, 419, 347, 138, 11]}
2026-10-03 08:28:58,954 [RSIAT_adapter.py] => QKSR diagnostics task=8 epoch=13 gamma=0.22869217 gradients={} kernel={'min': 0.05420053377747536, 'mean': 0.5629734396934509, 'std': 0.18086636066436768, 'max': 0.9826155304908752, 'quantiles_05_25_50_75_95': [0.23687952756881714, 0.4341905117034912, 0.5782131552696228, 0.6990531086921692, 0.8323184251785278], 'histogram_10_bins_0_1': [8, 41, 139, 166, 336, 352, 403, 307, 142, 26]}
2026-10-03 08:29:05,817 [RSIAT_adapter.py] => QKSR diagnostics task=8 epoch=14 gamma=0.22869217 gradients={} kernel={'min': 0.06887828558683395, 'mean': 0.5898966193199158, 'std': 0.16703611612319946, 'max': 0.992186427116394, 'quantiles_05_25_50_75_95': [0.3140847980976105, 0.4657211899757385, 0.6133153438568115, 0.7128913998603821, 0.8376380205154419], 'histogram_10_bins_0_1': [1, 22, 61, 239, 245, 342, 460, 373, 149, 28]}
2026-10-03 08:29:12,473 [RSIAT_adapter.py] => QKSR diagnostics task=8 epoch=15 gamma=0.22869217 gradients={} kernel={'min': 0.12234440445899963, 'mean': 0.5620647668838501, 'std': 0.18837831914424896, 'max': 0.9945819973945618, 'quantiles_05_25_50_75_95': [0.2544648349285126, 0.4235379695892334, 0.5742537975311279, 0.7019152641296387, 0.8541151881217957], 'histogram_10_bins_0_1': [0, 59, 149, 215, 279, 358, 373, 263, 186, 38]}
2026-10-03 08:29:19,170 [RSIAT_adapter.py] => QKSR diagnostics task=8 epoch=16 gamma=0.22869217 gradients={} kernel={'min': 0.07680679112672806, 'mean': 0.547260582447052, 'std': 0.16971206665039062, 'max': 0.9918886423110962, 'quantiles_05_25_50_75_95': [0.25289174914360046, 0.428030788898468, 0.5534984469413757, 0.6690146923065186, 0.8259470462799072], 'histogram_10_bins_0_1': [1, 27, 135, 227, 359, 393, 415, 233, 105, 25]}
2026-10-03 08:29:25,874 [RSIAT_adapter.py] => QKSR diagnostics task=8 epoch=17 gamma=0.22869217 gradients={} kernel={'min': 0.0906631276011467, 'mean': 0.5688188076019287, 'std': 0.1810857504606247, 'max': 0.9919220805168152, 'quantiles_05_25_50_75_95': [0.2696956694126129, 0.4316144585609436, 0.5690430402755737, 0.7082231640815735, 0.85383141040802], 'histogram_10_bins_0_1': [1, 26, 113, 243, 296, 384, 352, 321, 131, 53]}
2026-10-03 08:29:32,690 [RSIAT_adapter.py] => QKSR diagnostics task=8 epoch=18 gamma=0.22869217 gradients={} kernel={'min': 0.04956746846437454, 'mean': 0.5615630149841309, 'std': 0.17558051645755768, 'max': 0.9892565011978149, 'quantiles_05_25_50_75_95': [0.2685876786708832, 0.4328156113624573, 0.572038471698761, 0.6979426145553589, 0.8327281475067139], 'histogram_10_bins_0_1': [2, 30, 106, 260, 312, 366, 370, 320, 123, 31]}
2026-10-03 08:29:39,493 [RSIAT_adapter.py] => QKSR diagnostics task=8 epoch=19 gamma=0.22869217 gradients={} kernel={'min': 0.07979436218738556, 'mean': 0.5591149926185608, 'std': 0.19160720705986023, 'max': 0.9983484745025635, 'quantiles_05_25_50_75_95': [0.25267350673675537, 0.4075685441493988, 0.5628230571746826, 0.6994950175285339, 0.8662002086639404], 'histogram_10_bins_0_1': [1, 42, 113, 306, 293, 337, 351, 288, 109, 80]}
2026-10-03 08:29:46,134 [RSIAT_adapter.py] => QKSR diagnostics task=8 epoch=20 gamma=0.22869217 gradients={} kernel={'min': 0.16932076215744019, 'mean': 0.6051515340805054, 'std': 0.17050279676914215, 'max': 0.962835967540741, 'quantiles_05_25_50_75_95': [0.30858534574508667, 0.481929212808609, 0.6269007921218872, 0.7324929237365723, 0.8570137619972229], 'histogram_10_bins_0_1': [0, 20, 69, 193, 247, 318, 431, 407, 202, 33]}
2026-10-03 08:29:52,815 [RSIAT_adapter.py] => QKSR diagnostics task=8 epoch=21 gamma=0.22869217 gradients={} kernel={'min': 0.12094499915838242, 'mean': 0.6078103184700012, 'std': 0.15066228806972504, 'max': 0.9847899079322815, 'quantiles_05_25_50_75_95': [0.3523661196231842, 0.5010973811149597, 0.6124200820922852, 0.7185712456703186, 0.8483421206474304], 'histogram_10_bins_0_1': [0, 2, 33, 167, 276, 408, 453, 385, 161, 35]}
2026-10-03 08:29:59,449 [RSIAT_adapter.py] => QKSR diagnostics task=8 epoch=22 gamma=0.22869217 gradients={} kernel={'min': 0.09411874413490295, 'mean': 0.5654467344284058, 'std': 0.18605859577655792, 'max': 0.9998054504394531, 'quantiles_05_25_50_75_95': [0.2623119354248047, 0.41707247495651245, 0.5762697458267212, 0.7072595357894897, 0.8490262031555176], 'histogram_10_bins_0_1': [1, 40, 117, 275, 276, 325, 379, 319, 139, 49]}
2026-10-03 08:30:06,087 [RSIAT_adapter.py] => QKSR diagnostics task=8 epoch=23 gamma=0.22869217 gradients={} kernel={'min': 0.1225544810295105, 'mean': 0.6037535667419434, 'std': 0.1761065274477005, 'max': 0.9969349503517151, 'quantiles_05_25_50_75_95': [0.3120844066143036, 0.4726375639438629, 0.6042983531951904, 0.7360953688621521, 0.8811795711517334], 'histogram_10_bins_0_1': [0, 14, 64, 185, 321, 361, 364, 328, 207, 76]}
2026-10-03 08:30:12,830 [RSIAT_adapter.py] => QKSR diagnostics task=8 epoch=24 gamma=0.22869217 gradients={} kernel={'min': 0.12258303165435791, 'mean': 0.6139395236968994, 'std': 0.173463374376297, 'max': 0.9935576319694519, 'quantiles_05_25_50_75_95': [0.295526921749115, 0.4989446997642517, 0.6354166865348816, 0.738469123840332, 0.8749134540557861], 'histogram_10_bins_0_1': [0, 31, 70, 135, 245, 341, 440, 408, 181, 69]}
2026-10-03 08:30:19,668 [RSIAT_adapter.py] => QKSR diagnostics task=8 epoch=25 gamma=0.22869217 gradients={} kernel={'min': 0.14451880753040314, 'mean': 0.5981141328811646, 'std': 0.17254458367824554, 'max': 0.9896504282951355, 'quantiles_05_25_50_75_95': [0.3155531585216522, 0.4713132679462433, 0.6109039783477783, 0.7303993105888367, 0.854788064956665], 'histogram_10_bins_0_1': [0, 7, 62, 240, 263, 346, 381, 398, 174, 49]}
2026-10-03 08:30:26,339 [RSIAT_adapter.py] => QKSR diagnostics task=8 epoch=26 gamma=0.22869217 gradients={} kernel={'min': 0.09102403372526169, 'mean': 0.5740030407905579, 'std': 0.17028862237930298, 'max': 0.996005117893219, 'quantiles_05_25_50_75_95': [0.26837578415870667, 0.451274037361145, 0.5891949534416199, 0.7027691602706909, 0.8399699926376343], 'histogram_10_bins_0_1': [1, 29, 99, 172, 333, 383, 416, 308, 151, 28]}
2026-10-03 08:30:33,116 [RSIAT_adapter.py] => QKSR diagnostics task=8 epoch=27 gamma=0.22869217 gradients={} kernel={'min': 0.08386950194835663, 'mean': 0.6066074967384338, 'std': 0.16680032014846802, 'max': 0.9867289662361145, 'quantiles_05_25_50_75_95': [0.3102782368659973, 0.47681140899658203, 0.6252654790878296, 0.7369729280471802, 0.8540326952934265], 'histogram_10_bins_0_1': [1, 3, 60, 198, 280, 335, 387, 429, 190, 37]}
2026-10-03 08:30:39,755 [RSIAT_adapter.py] => QKSR diagnostics task=8 epoch=28 gamma=0.22869217 gradients={} kernel={'min': 0.0908166915178299, 'mean': 0.5726256370544434, 'std': 0.17647875845432281, 'max': 0.9970271587371826, 'quantiles_05_25_50_75_95': [0.28492578864097595, 0.44349274039268494, 0.5831835269927979, 0.7056107521057129, 0.8380743861198425], 'histogram_10_bins_0_1': [14, 29, 73, 241, 286, 391, 382, 331, 146, 27]}
2026-10-03 08:30:46,406 [RSIAT_adapter.py] => QKSR diagnostics task=8 epoch=29 gamma=0.22869217 gradients={} kernel={'min': 0.06140487268567085, 'mean': 0.5847893357276917, 'std': 0.19117751717567444, 'max': 0.9971343278884888, 'quantiles_05_25_50_75_95': [0.2527398467063904, 0.4515917897224426, 0.5992188453674316, 0.7290752530097961, 0.8746880888938904], 'histogram_10_bins_0_1': [1, 38, 136, 188, 265, 338, 377, 297, 215, 65]}
2026-10-03 08:31:06,908 [RSIAT_adapter.py] => QKSR diagnostics task=8 epoch=30 gamma=0.22869217 gradients={} kernel={'min': 0.06658777594566345, 'mean': 0.5598444938659668, 'std': 0.1748841106891632, 'max': 0.9816092848777771, 'quantiles_05_25_50_75_95': [0.2665761113166809, 0.4364841878414154, 0.5815666317939758, 0.6949707865715027, 0.813879132270813], 'histogram_10_bins_0_1': [26, 21, 104, 231, 306, 350, 426, 324, 117, 15]}
2026-10-03 08:31:06,908 [RSIAT_adapter.py] => Task 8, Epoch 30/30 => Loss 4.128, Loss_c 2.379, Losses_rt 1.749, Train_accy 78.26, Test_accy 83.39, Time 6.65s
2026-10-03 08:31:06,908 [RSIAT_adapter.py] => Task 8 peak GPU memory: 4873.14 MiB
2026-10-03 08:31:23,835 [base.py] => CA Task 8 => Loss 0.063, Test_accy skipped
2026-10-03 08:31:24,351 [base.py] => CA Task 8 => Loss 0.062, Test_accy skipped
2026-10-03 08:31:24,866 [base.py] => CA Task 8 => Loss 0.058, Test_accy skipped
2026-10-03 08:31:25,380 [base.py] => CA Task 8 => Loss 0.059, Test_accy skipped
2026-10-03 08:31:25,895 [base.py] => CA Task 8 => Loss 0.052, Test_accy skipped
2026-10-03 08:31:26,411 [base.py] => CA Task 8 => Loss 0.053, Test_accy skipped
2026-10-03 08:31:26,926 [base.py] => CA Task 8 => Loss 0.053, Test_accy skipped
2026-10-03 08:31:27,441 [base.py] => CA Task 8 => Loss 0.053, Test_accy skipped
2026-10-03 08:31:27,955 [base.py] => CA Task 8 => Loss 0.054, Test_accy skipped
2026-10-03 08:31:40,102 [base.py] => CA Task 8 => Loss 0.052, Test_accy 83.570
2026-10-03 08:31:51,373 [trainer.py] => CNN: {'total': 83.57, '00-09': 81.85, '10-19': 84.6, '20-29': 84.79, '30-39': 85.5, '40-49': 80.21, '50-59': 84.35, '60-69': 82.89, '70-79': 83.64, '80-89': 84.0, '90-99': 80.63, '100-109': 83.05, '110-119': 83.29, '120-129': 79.76, '130-139': 89.86, '140-149': 89.2, '150-159': 81.23, '160-169': 78.4, '170-179': 83.2, 'old': 83.85, 'new': 80.77}
2026-10-03 08:31:51,373 [trainer.py] => Continual metrics after task 8: BWT=-3.9025, forgetting=3.9238, task_acc=[83.33, 85.16, 82.38, 83.25, 82.81, 83.18, 85.22, 85.24, 80.77]
2026-10-03 08:31:51,650 [base.py] => Saved checkpoint: /kaggle/working/qksr_runs/ckpt/imagenetr_qksr/imagenetr/20_20/seed_1993/task_8.pkl
2026-10-03 08:31:51,671 [trainer.py] => Removed superseded checkpoint: /kaggle/working/qksr_runs/ckpt/imagenetr_qksr/imagenetr/20_20/seed_1993/task_7.pkl
2026-10-03 08:31:51,671 [trainer.py] => CNN top1 curve: [95.62, 91.44, 89.24, 88.22, 86.75, 85.55, 85.22, 84.31, 83.57]
2026-10-03 08:31:51,672 [trainer.py] => CNN top5 curve: [99.29, 98.15, 97.74, 96.8, 96.39, 95.73, 95.78, 95.41, 94.78]
2026-10-03 08:31:51,672 [trainer.py] => Average Accuracy (CNN): 87.76888888888888
2026-10-03 08:31:51,672 [trainer.py] => All params: 87126528
2026-10-03 08:31:51,672 [trainer.py] => Trainable params: 1327872
2026-10-03 08:31:51,673 [RSIAT_adapter.py] => Learning on 180-200
2026-10-03 08:31:51,761 [RSIAT_adapter.py] => QKSR calibration task=9 samples=512 indices=[1681, 661, 1433, 1552, 2233, 477, 1703, 1049, 2099, 822, 1755, 1092, 1611, 1768, 1067, 2224, 201, 953, 1971, 1936, 1813, 2079, 1675, 1272, 1503, 718, 1000, 846, 235, 2109, 1386, 1636, 641, 1542, 1472, 608, 1539, 1931, 828, 2085, 1030, 585, 1131, 2188, 902, 643, 1603, 1378, 1297, 829, 118, 537, 2246, 771, 93, 26, 325, 1816, 2134, 2132, 708, 1895, 2145, 1855, 2123, 914, 1597, 882, 339, 224, 983, 1822, 96, 1483, 1946, 1152, 1118, 1458, 159, 1403, 620, 1132, 1172, 444, 1623, 1251, 1915, 1748, 2013, 110, 214, 1770, 1485, 783, 89, 51, 1534, 1062, 870, 1215, 73, 430, 834, 1144, 2122, 1576, 192, 499, 495, 143, 474, 145, 1758, 1619, 1752, 2061, 312, 230, 2077, 1815, 1126, 1756, 1573, 563, 868, 1960, 1207, 154, 1149, 696, 1820, 773, 930, 1130, 756, 628, 1561, 749, 2010, 324, 924, 805, 1117, 913, 697, 1216, 2, 1984, 455, 652, 84, 1583, 618, 1857, 405, 1538, 780, 1830, 1103, 1385, 1411, 2098, 1151, 2219, 526, 2049, 637, 903, 242, 175, 1100, 384, 53, 951, 65, 1992, 1002, 255, 2056, 269, 1344, 1656, 71, 1324, 2100, 873, 1919, 581, 1912, 179, 573, 437, 963, 1684, 2074, 923, 1167, 353, 1422, 1867, 5, 346, 1083, 223, 574, 824, 1905, 191, 1966, 939, 1983, 975, 1101, 1351, 1938, 1863, 976, 839, 1320, 1763, 1599, 1224, 1877, 397, 1594, 840, 2176, 381, 764, 1500, 966, 241, 739, 1293, 625, 1310, 827, 316, 1842, 1801, 785, 723, 956, 361, 438, 566, 1795, 1346, 1733, 531, 1443, 699, 0, 669, 2223, 1228, 376, 855, 323, 735, 811, 1647, 2002, 2268, 418, 1097, 2261, 894, 1349, 1939, 450, 1243, 1409, 814, 1809, 70, 1685, 2097, 1316, 1680, 452, 2210, 216, 1388, 229, 1209, 864, 1174, 2092, 2166, 1782, 336, 297, 287, 298, 1916, 2068, 693, 2160, 340, 442, 2177, 1980, 1194, 1269, 2189, 370, 1492, 1430, 114, 178, 163, 547, 1892, 1613, 2048, 290, 650, 1989, 1330, 502, 2227, 1264, 1033, 1547, 1026, 1627, 1415, 758, 651, 712, 972, 402, 1206, 1744, 1498, 1767, 726, 375, 970, 878, 334, 704, 886, 1289, 155, 2127, 1173, 1434, 1589, 1226, 429, 1731, 2197, 1363, 1387, 466, 305, 1296, 2119, 1670, 724, 630, 1532, 1306, 1640, 1937, 896, 1056, 1693, 2139, 335, 2150, 317, 1944, 262, 1052, 1495, 2207, 125, 2200, 1360, 1588, 1742, 1491, 1468, 1736, 116, 2208, 969, 2257, 2007, 662, 2021, 1212, 2014, 1861, 30, 1060, 2152, 142, 225, 2242, 1567, 459, 860, 1431, 2083, 2158, 2102, 616, 1517, 1043, 993, 952, 1797, 1392, 1784, 1273, 1170, 403, 1389, 777, 858, 112, 1022, 1730, 1237, 2023, 1179, 1982, 1777, 691, 342, 417, 1714, 1302, 105, 1786, 1899, 720, 1549, 1399, 791, 109, 802, 1827, 968, 1850, 1793, 1638, 1358, 197, 1715, 1897, 1133, 820, 1691, 2087, 126, 140, 2190, 404, 1769, 984, 796, 702, 725, 776, 54, 2173, 1340, 167, 2093, 1924, 1869, 842, 1159, 1255, 942, 812, 162, 668, 517, 1281, 2266, 1775, 329, 945, 1010, 1236, 2047, 288, 1661, 522, 701, 911, 592, 2035, 597, 1322, 954, 91, 406, 1456, 1053, 1244, 694, 1948, 1279, 692, 1139]
2026-10-03 08:32:07,113 [toolkit.py] => All params: 87290624
2026-10-03 08:32:07,113 [toolkit.py] => Trainable params: 1491968
2026-10-03 08:32:14,947 [RSIAT_adapter.py] => QKSR diagnostics task=9 epoch=1 gamma=0.22869217 gradients={} kernel={'min': 0.1003701388835907, 'mean': 0.5768262147903442, 'std': 0.19715619087219238, 'max': 0.9999920129776001, 'quantiles_05_25_50_75_95': [0.26886385679244995, 0.42470255494117737, 0.5783027410507202, 0.7197361588478088, 0.9140239953994751], 'histogram_10_bins_0_1': [0, 55, 166, 316, 372, 443, 444, 404, 172, 148]}
2026-10-03 08:32:22,807 [RSIAT_adapter.py] => QKSR diagnostics task=9 epoch=2 gamma=0.22869217 gradients={} kernel={'min': 0.1095113679766655, 'mean': 0.5966014862060547, 'std': 0.17560358345508575, 'max': 0.996244490146637, 'quantiles_05_25_50_75_95': [0.2940983176231384, 0.4705054759979248, 0.6109333634376526, 0.729946494102478, 0.858686625957489], 'histogram_10_bins_0_1': [0, 25, 109, 253, 353, 463, 541, 490, 201, 85]}
2026-10-03 08:32:30,584 [RSIAT_adapter.py] => QKSR diagnostics task=9 epoch=3 gamma=0.22869217 gradients={} kernel={'min': 0.06967256963253021, 'mean': 0.5924511551856995, 'std': 0.18552276492118835, 'max': 0.9999120235443115, 'quantiles_05_25_50_75_95': [0.28049373626708984, 0.4498838782310486, 0.611480712890625, 0.7286779284477234, 0.8726780414581299], 'histogram_10_bins_0_1': [1, 22, 140, 299, 343, 390, 536, 471, 223, 95]}
2026-10-03 08:32:38,375 [RSIAT_adapter.py] => QKSR diagnostics task=9 epoch=4 gamma=0.22869217 gradients={} kernel={'min': 0.13140445947647095, 'mean': 0.6300702095031738, 'std': 0.16372191905975342, 'max': 0.9970071911811829, 'quantiles_05_25_50_75_95': [0.3535711169242859, 0.5155869722366333, 0.6360346078872681, 0.7486801743507385, 0.9016937017440796], 'histogram_10_bins_0_1': [0, 10, 48, 169, 314, 515, 572, 503, 258, 131]}
2026-10-03 08:32:46,143 [RSIAT_adapter.py] => QKSR diagnostics task=9 epoch=5 gamma=0.22869217 gradients={} kernel={'min': 0.06044158339500427, 'mean': 0.56828373670578, 'std': 0.17320355772972107, 'max': 0.9964972138404846, 'quantiles_05_25_50_75_95': [0.29342156648635864, 0.44020184874534607, 0.5777966976165771, 0.690925657749176, 0.8464626669883728], 'histogram_10_bins_0_1': [1, 42, 92, 344, 404, 499, 552, 359, 172, 55]}
2026-10-03 08:32:53,941 [RSIAT_adapter.py] => QKSR diagnostics task=9 epoch=6 gamma=0.22869217 gradients={} kernel={'min': 0.09893164783716202, 'mean': 0.61570805311203, 'std': 0.16382412612438202, 'max': 0.9918045997619629, 'quantiles_05_25_50_75_95': [0.3275027573108673, 0.5002692937850952, 0.6240063905715942, 0.74234938621521, 0.8732190132141113], 'histogram_10_bins_0_1': [1, 5, 47, 246, 331, 506, 555, 465, 294, 70]}
2026-10-03 08:33:01,718 [RSIAT_adapter.py] => QKSR diagnostics task=9 epoch=7 gamma=0.22869217 gradients={} kernel={'min': 0.14699038863182068, 'mean': 0.6109908819198608, 'std': 0.15730178356170654, 'max': 0.9835849404335022, 'quantiles_05_25_50_75_95': [0.3509681522846222, 0.4976131319999695, 0.620368242263794, 0.7295287251472473, 0.8565342426300049], 'histogram_10_bins_0_1': [0, 2, 50, 236, 351, 509, 586, 484, 260, 42]}
2026-10-03 08:33:09,502 [RSIAT_adapter.py] => QKSR diagnostics task=9 epoch=8 gamma=0.22869217 gradients={} kernel={'min': 0.06383992731571198, 'mean': 0.5717582702636719, 'std': 0.17417024075984955, 'max': 0.9969924092292786, 'quantiles_05_25_50_75_95': [0.30109041929244995, 0.44529423117637634, 0.5776432752609253, 0.6951597929000854, 0.8525232672691345], 'histogram_10_bins_0_1': [18, 29, 78, 315, 424, 519, 533, 365, 165, 74]}
2026-10-03 08:33:17,262 [RSIAT_adapter.py] => QKSR diagnostics task=9 epoch=9 gamma=0.22869217 gradients={} kernel={'min': 0.1211250051856041, 'mean': 0.5871025323867798, 'std': 0.16376598179340363, 'max': 0.9983680844306946, 'quantiles_05_25_50_75_95': [0.3037264943122864, 0.4704810380935669, 0.6011297106742859, 0.7026036977767944, 0.8423904180526733], 'histogram_10_bins_0_1': [0, 25, 95, 249, 385, 499, 632, 411, 170, 54]}
2026-10-03 08:33:25,043 [RSIAT_adapter.py] => QKSR diagnostics task=9 epoch=10 gamma=0.22869217 gradients={} kernel={'min': 0.1079593226313591, 'mean': 0.6232399940490723, 'std': 0.17223340272903442, 'max': 0.9990030527114868, 'quantiles_05_25_50_75_95': [0.3240867853164673, 0.49964845180511475, 0.6369074583053589, 0.7537196278572083, 0.8799119591712952], 'histogram_10_bins_0_1': [0, 13, 76, 205, 337, 459, 506, 517, 316, 91]}
2026-10-03 08:33:32,903 [RSIAT_adapter.py] => QKSR diagnostics task=9 epoch=11 gamma=0.22869217 gradients={} kernel={'min': 0.10030589997768402, 'mean': 0.6114134192466736, 'std': 0.17537856101989746, 'max': 0.9999984502792358, 'quantiles_05_25_50_75_95': [0.31408143043518066, 0.47951000928878784, 0.6348215341567993, 0.7478911876678467, 0.8673475384712219], 'histogram_10_bins_0_1': [0, 12, 93, 290, 316, 376, 537, 554, 272, 70]}
2026-10-03 08:33:40,681 [RSIAT_adapter.py] => QKSR diagnostics task=9 epoch=12 gamma=0.22869217 gradients={} kernel={'min': 0.14942465722560883, 'mean': 0.628129780292511, 'std': 0.17223012447357178, 'max': 0.9879559278488159, 'quantiles_05_25_50_75_95': [0.3284645080566406, 0.508991003036499, 0.6474956274032593, 0.7562952041625977, 0.8843560218811035], 'histogram_10_bins_0_1': [0, 32, 64, 195, 301, 398, 568, 562, 305, 95]}
2026-10-03 08:33:48,449 [RSIAT_adapter.py] => QKSR diagnostics task=9 epoch=13 gamma=0.22869217 gradients={} kernel={'min': 0.058678846806287766, 'mean': 0.5974827408790588, 'std': 0.17836925387382507, 'max': 0.995843231678009, 'quantiles_05_25_50_75_95': [0.29953908920288086, 0.4599378705024719, 0.6048284769058228, 0.7354576587677002, 0.8804419636726379], 'histogram_10_bins_0_1': [1, 26, 101, 255, 398, 451, 501, 444, 250, 93]}
2026-10-03 08:33:56,226 [RSIAT_adapter.py] => QKSR diagnostics task=9 epoch=14 gamma=0.22869217 gradients={} kernel={'min': 0.05640677735209465, 'mean': 0.5810295343399048, 'std': 0.1949375718832016, 'max': 0.9970930814743042, 'quantiles_05_25_50_75_95': [0.21851052343845367, 0.45094504952430725, 0.59055495262146, 0.7236977219581604, 0.8828433752059937], 'histogram_10_bins_0_1': [14, 99, 98, 243, 370, 471, 469, 436, 212, 108]}
2026-10-03 08:34:04,005 [RSIAT_adapter.py] => QKSR diagnostics task=9 epoch=15 gamma=0.22869217 gradients={} kernel={'min': 0.1195337250828743, 'mean': 0.5948715806007385, 'std': 0.17627468705177307, 'max': 0.9996398091316223, 'quantiles_05_25_50_75_95': [0.2920580804347992, 0.4609517455101013, 0.6101669073104858, 0.7280526161193848, 0.8608265519142151], 'histogram_10_bins_0_1': [0, 36, 97, 274, 381, 416, 550, 472, 212, 82]}
2026-10-03 08:34:11,779 [RSIAT_adapter.py] => QKSR diagnostics task=9 epoch=16 gamma=0.22869217 gradients={} kernel={'min': 0.11302968859672546, 'mean': 0.6072630882263184, 'std': 0.16428571939468384, 'max': 0.9944576025009155, 'quantiles_05_25_50_75_95': [0.3289894163608551, 0.49166810512542725, 0.6107386350631714, 0.731265127658844, 0.8645825386047363], 'histogram_10_bins_0_1': [0, 4, 73, 231, 370, 521, 527, 481, 240, 73]}
2026-10-03 08:34:19,542 [RSIAT_adapter.py] => QKSR diagnostics task=9 epoch=17 gamma=0.22869217 gradients={} kernel={'min': 0.13694506883621216, 'mean': 0.618088960647583, 'std': 0.16721516847610474, 'max': 0.9874328970909119, 'quantiles_05_25_50_75_95': [0.30836939811706543, 0.5052761435508728, 0.6433970928192139, 0.7430185675621033, 0.8543685078620911], 'histogram_10_bins_0_1': [0, 13, 95, 214, 289, 417, 579, 568, 308, 37]}
2026-10-03 08:34:27,370 [RSIAT_adapter.py] => QKSR diagnostics task=9 epoch=18 gamma=0.22869217 gradients={} kernel={'min': 0.04971909895539284, 'mean': 0.6140322089195251, 'std': 0.17601044476032257, 'max': 0.9890785217285156, 'quantiles_05_25_50_75_95': [0.3013044595718384, 0.48302021622657776, 0.6311768293380737, 0.746160626411438, 0.8770074248313904], 'histogram_10_bins_0_1': [1, 24, 100, 219, 344, 420, 507, 538, 279, 88]}
2026-10-03 08:34:35,313 [RSIAT_adapter.py] => QKSR diagnostics task=9 epoch=19 gamma=0.22869217 gradients={} kernel={'min': 0.09566552191972733, 'mean': 0.5758107304573059, 'std': 0.20686322450637817, 'max': 1.0, 'quantiles_05_25_50_75_95': [0.22000952064990997, 0.43013811111450195, 0.5838077068328857, 0.7275943756103516, 0.9155606031417847], 'histogram_10_bins_0_1': [12, 93, 147, 299, 344, 433, 456, 366, 219, 151]}
2026-10-03 08:34:43,091 [RSIAT_adapter.py] => QKSR diagnostics task=9 epoch=20 gamma=0.22869217 gradients={} kernel={'min': 0.07989664375782013, 'mean': 0.5482646822929382, 'std': 0.1837669461965561, 'max': 0.9923862218856812, 'quantiles_05_25_50_75_95': [0.22916220128536224, 0.4121765196323395, 0.5724362134933472, 0.6909488439559937, 0.8220551013946533], 'histogram_10_bins_0_1': [2, 88, 186, 311, 383, 449, 516, 400, 165, 20]}
2026-10-03 08:34:50,894 [RSIAT_adapter.py] => QKSR diagnostics task=9 epoch=21 gamma=0.22869217 gradients={} kernel={'min': 0.13355128467082977, 'mean': 0.5949085354804993, 'std': 0.17206841707229614, 'max': 0.9971720576286316, 'quantiles_05_25_50_75_95': [0.30002492666244507, 0.4655819833278656, 0.610930323600769, 0.7258170247077942, 0.857399582862854], 'histogram_10_bins_0_1': [0, 23, 103, 267, 362, 448, 568, 438, 255, 56]}
2026-10-03 08:34:58,719 [RSIAT_adapter.py] => QKSR diagnostics task=9 epoch=22 gamma=0.22869217 gradients={} kernel={'min': 0.05170000344514847, 'mean': 0.5764456987380981, 'std': 0.1858997642993927, 'max': 0.9978252649307251, 'quantiles_05_25_50_75_95': [0.28852230310440063, 0.43325525522232056, 0.581202507019043, 0.7144151329994202, 0.881929874420166], 'histogram_10_bins_0_1': [1, 53, 116, 322, 414, 432, 495, 387, 200, 100]}
2026-10-03 08:35:06,487 [RSIAT_adapter.py] => QKSR diagnostics task=9 epoch=23 gamma=0.22869217 gradients={} kernel={'min': 0.16250765323638916, 'mean': 0.5904456973075867, 'std': 0.17559780180454254, 'max': 0.9893406629562378, 'quantiles_05_25_50_75_95': [0.2809188663959503, 0.4654727578163147, 0.6036174893379211, 0.724846601486206, 0.8527940511703491], 'histogram_10_bins_0_1': [0, 8, 159, 263, 326, 482, 528, 468, 231, 55]}
2026-10-03 08:35:14,265 [RSIAT_adapter.py] => QKSR diagnostics task=9 epoch=24 gamma=0.22869217 gradients={} kernel={'min': 0.1015474796295166, 'mean': 0.5960982441902161, 'std': 0.1745316982269287, 'max': 0.9999909400939941, 'quantiles_05_25_50_75_95': [0.3053946793079376, 0.45786339044570923, 0.6152779459953308, 0.7284618616104126, 0.8619474172592163], 'histogram_10_bins_0_1': [0, 14, 104, 318, 330, 409, 563, 481, 242, 59]}
2026-10-03 08:35:22,038 [RSIAT_adapter.py] => QKSR diagnostics task=9 epoch=25 gamma=0.22869217 gradients={} kernel={'min': 0.10892342776060104, 'mean': 0.5825060606002808, 'std': 0.19744755327701569, 'max': 0.9997538924217224, 'quantiles_05_25_50_75_95': [0.23922637104988098, 0.4252796769142151, 0.6103274822235107, 0.7346805334091187, 0.8772345185279846], 'histogram_10_bins_0_1': [0, 69, 167, 325, 288, 363, 501, 500, 212, 95]}
2026-10-03 08:35:29,804 [RSIAT_adapter.py] => QKSR diagnostics task=9 epoch=26 gamma=0.22869217 gradients={} kernel={'min': 0.051982004195451736, 'mean': 0.5649178624153137, 'std': 0.19909091293811798, 'max': 0.9988356232643127, 'quantiles_05_25_50_75_95': [0.2359151691198349, 0.39908120036125183, 0.5844159722328186, 0.7130206823348999, 0.8666352033615112], 'histogram_10_bins_0_1': [2, 67, 191, 372, 314, 387, 499, 396, 201, 91]}
2026-10-03 08:35:37,567 [RSIAT_adapter.py] => QKSR diagnostics task=9 epoch=27 gamma=0.22869217 gradients={} kernel={'min': 0.06993452459573746, 'mean': 0.5964010953903198, 'std': 0.1945098340511322, 'max': 0.9999977946281433, 'quantiles_05_25_50_75_95': [0.28664734959602356, 0.44340991973876953, 0.6055954694747925, 0.7428659200668335, 0.9150798320770264], 'histogram_10_bins_0_1': [1, 36, 135, 293, 357, 406, 464, 443, 240, 145]}
2026-10-03 08:35:45,348 [RSIAT_adapter.py] => QKSR diagnostics task=9 epoch=28 gamma=0.22869217 gradients={} kernel={'min': 0.047031745314598083, 'mean': 0.5877364873886108, 'std': 0.18807794153690338, 'max': 0.9995671510696411, 'quantiles_05_25_50_75_95': [0.2747030556201935, 0.4471724331378937, 0.593772292137146, 0.7303315997123718, 0.8945355415344238], 'histogram_10_bins_0_1': [1, 45, 116, 282, 406, 443, 460, 427, 226, 114]}
2026-10-03 08:35:53,115 [RSIAT_adapter.py] => QKSR diagnostics task=9 epoch=29 gamma=0.22869217 gradients={} kernel={'min': 0.060923852026462555, 'mean': 0.5667120218276978, 'std': 0.19355061650276184, 'max': 0.999354898929596, 'quantiles_05_25_50_75_95': [0.24701322615146637, 0.4166189432144165, 0.5731538534164429, 0.7197855710983276, 0.8627210855484009], 'histogram_10_bins_0_1': [2, 61, 166, 337, 400, 402, 441, 412, 220, 79]}
2026-10-03 08:36:32,507 [RSIAT_adapter.py] => QKSR diagnostics task=9 epoch=30 gamma=0.22869217 gradients={} kernel={'min': 0.24649375677108765, 'mean': 0.6014882922172546, 'std': 0.1612895131111145, 'max': 0.983439564704895, 'quantiles_05_25_50_75_95': [0.3238198161125183, 0.4764140546321869, 0.6108410954475403, 0.7217545509338379, 0.8526949286460876], 'histogram_10_bins_0_1': [0, 0, 49, 311, 356, 481, 568, 452, 257, 46]}
2026-10-03 08:36:32,508 [RSIAT_adapter.py] => Task 9, Epoch 30/30 => Loss 3.859, Loss_c 2.131, Losses_rt 1.728, Train_accy 79.25, Test_accy 82.79, Time 7.77s
2026-10-03 08:36:32,508 [RSIAT_adapter.py] => Task 9 peak GPU memory: 4880.10 MiB
2026-10-03 08:36:49,059 [base.py] => CA Task 9 => Loss 0.068, Test_accy skipped
2026-10-03 08:36:49,653 [base.py] => CA Task 9 => Loss 0.064, Test_accy skipped
2026-10-03 08:36:50,246 [base.py] => CA Task 9 => Loss 0.060, Test_accy skipped
2026-10-03 08:36:50,838 [base.py] => CA Task 9 => Loss 0.059, Test_accy skipped
2026-10-03 08:36:51,431 [base.py] => CA Task 9 => Loss 0.058, Test_accy skipped
2026-10-03 08:36:52,024 [base.py] => CA Task 9 => Loss 0.057, Test_accy skipped
2026-10-03 08:36:52,617 [base.py] => CA Task 9 => Loss 0.057, Test_accy skipped
2026-10-03 08:36:53,210 [base.py] => CA Task 9 => Loss 0.055, Test_accy skipped
2026-10-03 08:36:53,802 [base.py] => CA Task 9 => Loss 0.053, Test_accy skipped
2026-10-03 08:37:08,291 [base.py] => CA Task 9 => Loss 0.057, Test_accy 82.880
2026-10-03 08:37:22,790 [trainer.py] => CNN: {'total': 82.88, '00-09': 80.92, '10-19': 83.03, '20-29': 82.2, '30-39': 82.54, '40-49': 80.21, '50-59': 82.43, '60-69': 82.57, '70-79': 83.27, '80-89': 84.0, '90-99': 79.06, '100-109': 79.32, '110-119': 83.02, '120-129': 78.17, '130-139': 88.51, '140-149': 89.47, '150-159': 81.51, '160-169': 79.6, '170-179': 84.02, '180-189': 82.71, '190-199': 87.68, 'old': 82.65, 'new': 85.15}
2026-10-03 08:37:22,790 [trainer.py] => Continual metrics after task 9: BWT=-4.3467, forgetting=4.4122, task_acc=[82.06, 82.38, 81.38, 82.9, 82.26, 81.4, 83.76, 85.52, 81.78, 85.15]
2026-10-03 08:37:23,077 [base.py] => Saved checkpoint: /kaggle/working/qksr_runs/ckpt/imagenetr_qksr/imagenetr/20_20/seed_1993/task_9.pkl
2026-10-03 08:37:23,099 [trainer.py] => Removed superseded checkpoint: /kaggle/working/qksr_runs/ckpt/imagenetr_qksr/imagenetr/20_20/seed_1993/task_8.pkl
2026-10-03 08:37:23,099 [trainer.py] => CNN top1 curve: [95.62, 91.44, 89.24, 88.22, 86.75, 85.55, 85.22, 84.31, 83.57, 82.88]
2026-10-03 08:37:23,099 [trainer.py] => CNN top5 curve: [99.29, 98.15, 97.74, 96.8, 96.39, 95.73, 95.78, 95.41, 94.78, 94.28]
2026-10-03 08:37:23,099 [trainer.py] => Average Accuracy (CNN): 87.28
2026-10-03 08:37:23,201 [trainer.py] => Average Seed Accuracy (CNN): 87.28
