2026-09-30 01:21:38,725 [trainer.py] => config: /content/qksr_cifar224.json
2026-09-30 01:21:38,726 [trainer.py] => prefix: qksr
2026-09-30 01:21:38,726 [trainer.py] => dataset: cifar224
2026-09-30 01:21:38,727 [trainer.py] => save_checkpoints: True
2026-09-30 01:21:38,727 [trainer.py] => resume: True
2026-09-30 01:21:38,727 [trainer.py] => isolate_runs: True
2026-09-30 01:21:38,727 [trainer.py] => keep_last_checkpoint: True
2026-09-30 01:21:38,727 [trainer.py] => compact_diagonal_checkpoint: False
2026-09-30 01:21:38,727 [trainer.py] => eval_interval: 0
2026-09-30 01:21:38,727 [trainer.py] => ca_eval_interval: 0
2026-09-30 01:21:38,728 [trainer.py] => num_workers: 2
2026-09-30 01:21:38,728 [trainer.py] => stats_num_workers: 2
2026-09-30 01:21:38,728 [trainer.py] => pin_memory: True
2026-09-30 01:21:38,728 [trainer.py] => persistent_workers: True
2026-09-30 01:21:38,728 [trainer.py] => val_ratio: 0.0
2026-09-30 01:21:38,728 [trainer.py] => shuffle: True
2026-09-30 01:21:38,728 [trainer.py] => ssca: True
2026-09-30 01:21:38,728 [trainer.py] => ca: True
2026-09-30 01:21:38,729 [trainer.py] => init_cls: 10
2026-09-30 01:21:38,729 [trainer.py] => increment: 10
2026-09-30 01:21:38,729 [trainer.py] => model_name: adapter
2026-09-30 01:21:38,729 [trainer.py] => convnet_type: pretrained_vit_b16_224_in21k_adapter
2026-09-30 01:21:38,729 [trainer.py] => device: [device(type='cuda', index=0)]
2026-09-30 01:21:38,729 [trainer.py] => seed: 1993
2026-09-30 01:21:38,729 [trainer.py] => init_epochs: 10
2026-09-30 01:21:38,730 [trainer.py] => warmup_epoch: 7
2026-09-30 01:21:38,730 [trainer.py] => inc_epochs: 30
2026-09-30 01:21:38,730 [trainer.py] => ca_epochs: 10
2026-09-30 01:21:38,730 [trainer.py] => init_lr: 0.018461273665041644
2026-09-30 01:21:38,730 [trainer.py] => batch_size: 64
2026-09-30 01:21:38,730 [trainer.py] => weight_decay: 0.0001714081878951529
2026-09-30 01:21:38,730 [trainer.py] => min_lr: 0
2026-09-30 01:21:38,730 [trainer.py] => ffn_num: 64
2026-09-30 01:21:38,731 [trainer.py] => optimizer: sgd
2026-09-30 01:21:38,731 [trainer.py] => scale: 40.0
2026-09-30 01:21:38,731 [trainer.py] => margin: 0.1
2026-09-30 01:21:38,731 [trainer.py] => alpha: 0.5
2026-09-30 01:21:38,731 [trainer.py] => rs_margin: 0.3
2026-09-30 01:21:38,731 [trainer.py] => lambda_rs: 0.2
2026-09-30 01:21:38,731 [trainer.py] => beta: 1.0
2026-09-30 01:21:38,732 [trainer.py] => gamma: 0.4
2026-09-30 01:21:38,732 [trainer.py] => ae_code_dims: 256
2026-09-30 01:21:38,732 [trainer.py] => ae_init_lr: 0.0005611742230603744
2026-09-30 01:21:38,732 [trainer.py] => ae_weight_decay: 0.0029339295871570244
2026-09-30 01:21:38,732 [trainer.py] => use_quantum_kernel_base: True
2026-09-30 01:21:38,732 [trainer.py] => use_quantum_kernel_inc: True
2026-09-30 01:21:38,732 [trainer.py] => q_kernel_type: pqk
2026-09-30 01:21:38,733 [trainer.py] => q_kernel_order: 1
2026-09-30 01:21:38,733 [trainer.py] => q_order2_weight: 1.0
2026-09-30 01:21:38,733 [trainer.py] => q_num_qubits: 8
2026-09-30 01:21:38,733 [trainer.py] => q_num_layers: 2
2026-09-30 01:21:38,733 [trainer.py] => q_reupload: False
2026-09-30 01:21:38,733 [trainer.py] => q_dtype: float32
2026-09-30 01:21:38,733 [trainer.py] => q_gamma_mode: bounded_learned
2026-09-30 01:21:38,733 [trainer.py] => q_calib_samples: 512
2026-09-30 01:21:38,734 [trainer.py] => q_init_seed: 1234
2026-09-30 01:21:38,734 [trainer.py] => q_metric_lr_mult: 0.1
2026-09-30 01:21:38,734 [trainer.py] => q_inc_train_mode: frozen
2026-09-30 01:21:38,734 [trainer.py] => inc_loss_mode: mean
2026-09-30 01:21:38,734 [trainer.py] => q_inc_pair: old_proj
2026-09-30 01:21:38,734 [trainer.py] => rs_margin_q: 0.5
2026-09-30 01:21:38,734 [trainer.py] => rs_margin_q_mode: fixed
2026-09-30 01:21:38,735 [trainer.py] => rs_margin_quantile: 0.9
2026-09-30 01:21:38,735 [trainer.py] => rs_margin_inc: 0.3
2026-09-30 01:21:38,735 [trainer.py] => output_root: /content/drive/MyDrive/QKSR_runs
2026-09-30 01:21:41,379 [data_manager.py] => [68, 56, 78, 8, 23, 84, 90, 65, 74, 76, 40, 89, 3, 92, 55, 9, 26, 80, 43, 38, 58, 70, 77, 1, 85, 19, 17, 50, 28, 53, 13, 81, 45, 82, 6, 59, 83, 16, 15, 44, 91, 41, 72, 60, 79, 52, 20, 10, 31, 54, 37, 95, 14, 71, 96, 98, 97, 2, 64, 66, 42, 22, 35, 86, 24, 34, 87, 21, 99, 0, 88, 27, 18, 94, 11, 12, 47, 25, 30, 46, 62, 69, 36, 61, 7, 63, 75, 5, 32, 4, 51, 48, 73, 93, 39, 67, 29, 49, 57, 33]
2026-09-30 01:21:46,746 [_builder.py] => Loading pretrained weights from Hugging Face hub (timm/vit_base_patch16_224.augreg_in21k)
2026-09-30 01:21:47,079 [_client.py] => HTTP Request: GET https://huggingface.co/api/agent-harnesses "HTTP/1.1 200 OK"
2026-09-30 01:21:47,326 [_client.py] => HTTP Request: HEAD https://huggingface.co/timm/vit_base_patch16_224.augreg_in21k/resolve/main/model.safetensors "HTTP/1.1 302 Found"
2026-09-30 01:21:47,327 [_http.py] => Warning: You are sending unauthenticated requests to the HF Hub. Please set a HF_TOKEN to enable higher rate limits and faster downloads.
2026-09-30 01:21:47,617 [_client.py] => HTTP Request: GET https://huggingface.co/api/models/timm/vit_base_patch16_224.augreg_in21k/xet-read-token/bb70896cd6bffdd579c3d4f7284f39d0c4ab46c3 "HTTP/1.1 200 OK"
2026-09-30 01:21:51,428 [_hub.py] => [timm/vit_base_patch16_224.augreg_in21k] Safe alternative available for 'pytorch_model.bin' (as 'model.safetensors'). Loading weights using safetensors.
2026-09-30 01:21:51,934 [RSIAT_adapter.py] => QKSR parameter counts: {'projector': 6152, 'metric': 17, 'total': 6169, 'trainable': 6169}
2026-09-30 01:21:52,426 [trainer.py] => Resume enabled but no checkpoint was found. Starting from task 0.
2026-09-30 01:21:52,427 [trainer.py] => All params: 86988288
2026-09-30 01:21:52,428 [trainer.py] => Trainable params: 1189632
2026-09-30 01:21:52,429 [RSIAT_adapter.py] => Learning on 0-10
2026-09-30 01:21:52,442 [RSIAT_adapter.py] => QKSR calibration task=0 samples=512 indices=[4775, 1747, 1010, 3185, 1544, 2199, 2006, 286, 4119, 4316, 2593, 2343, 1590, 4205, 95, 3047, 3044, 3827, 4544, 899, 458, 1267, 2268, 1484, 4077, 4657, 2463, 2281, 282, 701, 3499, 403, 3472, 3070, 4924, 2825, 2106, 3658, 1686, 391, 1871, 4022, 1632, 5, 4335, 184, 1003, 2017, 4115, 961, 1909, 2623, 695, 4893, 418, 4196, 4390, 3464, 945, 4155, 2286, 684, 1824, 3064, 3241, 1656, 3507, 4778, 2020, 2231, 1419, 43, 4409, 3583, 4057, 4509, 173, 4551, 3379, 314, 597, 2840, 4147, 4121, 4700, 3443, 4862, 3682, 2814, 2533, 442, 3787, 3435, 3391, 3474, 3167, 2974, 2498, 3019, 865, 338, 2186, 768, 2146, 1613, 2299, 761, 2754, 2460, 4611, 2597, 834, 2178, 3223, 4018, 814, 4482, 1677, 4787, 3415, 131, 1241, 4273, 1214, 1617, 3977, 4541, 3597, 1673, 4578, 2411, 4089, 4917, 1471, 4751, 3571, 4097, 3017, 387, 2513, 4896, 1598, 1549, 2285, 4922, 1383, 516, 2746, 1052, 4756, 2174, 4191, 3161, 507, 3181, 2796, 4136, 3191, 1247, 3190, 3075, 4403, 2184, 3106, 3451, 4071, 3220, 16, 2016, 4671, 1178, 4875, 3477, 1730, 2528, 4031, 567, 350, 3506, 3449, 1803, 629, 1032, 4958, 59, 4963, 1340, 3744, 1403, 3529, 4008, 1129, 49, 1304, 2512, 163, 3349, 753, 4805, 2245, 1812, 1867, 293, 3987, 1960, 4087, 2931, 109, 3375, 1379, 3354, 4366, 1065, 2058, 1988, 648, 3131, 585, 3315, 2220, 2473, 3598, 3937, 4175, 2305, 997, 2764, 2790, 541, 2866, 1955, 1735, 4454, 510, 921, 4821, 382, 2715, 2521, 2864, 4391, 3486, 1610, 2464, 4736, 1807, 729, 1141, 3649, 3625, 967, 1309, 4093, 4004, 4117, 1826, 2468, 1276, 4481, 3761, 2403, 2027, 528, 1163, 2989, 4868, 1041, 3874, 1566, 4166, 4344, 1665, 2633, 1058, 4289, 3180, 1636, 1627, 924, 4555, 3794, 3385, 133, 1188, 3834, 232, 189, 4230, 4939, 2014, 1092, 3718, 3348, 3015, 3797, 1554, 2295, 420, 455, 325, 4559, 3558, 3634, 251, 120, 3782, 464, 478, 457, 2868, 4405, 1024, 2856, 4711, 77, 269, 2350, 2587, 607, 4076, 4327, 2257, 1030, 1336, 4827, 2933, 3742, 2661, 4966, 3059, 625, 767, 4796, 1958, 675, 2279, 576, 2987, 475, 1575, 2774, 4138, 3035, 1503, 2574, 2961, 1885, 724, 2833, 3982, 1767, 412, 4884, 4619, 4056, 1738, 4637, 678, 2853, 2025, 3189, 371, 1374, 2828, 1282, 332, 2895, 3005, 2019, 4241, 1025, 4502, 4472, 626, 4760, 258, 2217, 1703, 2788, 4264, 1849, 2525, 1122, 4574, 1410, 3061, 485, 4201, 1720, 4617, 1243, 3436, 957, 4374, 549, 4651, 3580, 1452, 2908, 3162, 1929, 50, 1983, 3940, 2606, 368, 1742, 1464, 602, 135, 3991, 1913, 4534, 4852, 3942, 2559, 3048, 2547, 218, 2776, 3968, 2556, 425, 2224, 280, 1312, 4182, 2785, 3120, 426, 3329, 2074, 1200, 3207, 4352, 1094, 1332, 3398, 3078, 4612, 72, 2003, 4999, 2336, 2977, 803, 4549, 2427, 322, 4073, 2408, 756, 4474, 2884, 4545, 300, 1675, 4174, 1964, 1314, 994, 583, 2135, 4194, 3667, 4961, 4086, 2730, 2602, 1115, 3304, 2782, 1661, 3493, 4513, 450, 1907, 2847, 2569, 4538, 2412, 241, 3265, 1440, 3596, 788, 4703, 3489, 3382, 1906, 3692, 2942, 3135, 260, 4608, 1229, 4370, 295, 2452, 1265, 3268, 4294, 1132, 3331, 523, 2479, 4733, 573, 2510, 3683, 4607, 2636]
2026-09-30 01:21:59,467 [RSIAT_adapter.py] => QKSR gamma calibrated at task 0: gamma0=0.46167517, mode=bounded_learned
2026-09-30 01:21:59,471 [toolkit.py] => All params: 86257945
2026-09-30 01:21:59,471 [toolkit.py] => Trainable params: 1203481
2026-09-30 01:24:09,096 [RSIAT_adapter.py] => QKSR diagnostics task=0 epoch=1 gamma=0.46167517 gradients={'gamma_param': 0.0, 'projector.linear.weight': 0.0, 'projector.linear.bias': 0.0, 'encoder.theta': 0.0} kernel={'min': 0.13949653506278992, 'mean': 0.4536260664463043, 'std': 0.2475563883781433, 'max': 1.0, 'quantiles_05_25_50_75_95': [0.16397559642791748, 0.27663689851760864, 0.4160414934158325, 0.5091507434844971, 1.0], 'histogram_10_bins_0_1': [0, 6, 16, 10, 14, 4, 4, 2, 0, 8]}
2026-09-30 01:26:42,628 [RSIAT_adapter.py] => QKSR diagnostics task=0 epoch=2 gamma=0.44860125 gradients={'gamma_param': 0.020261550322175026, 'projector.linear.weight': 0.0027759522199630737, 'projector.linear.bias': 0.0034782870206981897, 'encoder.theta': 0.0012245161924511194} kernel={'min': 0.32809990644454956, 'mean': 0.5441223382949829, 'std': 0.1978939175605774, 'max': 1.0, 'quantiles_05_25_50_75_95': [0.36605626344680786, 0.41169440746307373, 0.48084232211112976, 0.5647735595703125, 1.0], 'histogram_10_bins_0_1': [0, 0, 0, 16, 22, 10, 6, 2, 0, 8]}
2026-09-30 01:29:14,822 [RSIAT_adapter.py] => QKSR diagnostics task=0 epoch=3 gamma=0.43114996 gradients={'gamma_param': 0.002165613230317831, 'projector.linear.weight': 0.00379552086815238, 'projector.linear.bias': 0.005469734314829111, 'encoder.theta': 0.0019341057632118464} kernel={'min': 0.37180179357528687, 'mean': 0.7984631657600403, 'std': 0.18051199615001678, 'max': 1.0, 'quantiles_05_25_50_75_95': [0.38892823457717896, 0.7742473483085632, 0.845766544342041, 0.9234908819198608, 1.0], 'histogram_10_bins_0_1': [0, 0, 0, 4, 4, 6, 0, 6, 20, 24]}
2026-09-30 01:31:48,262 [RSIAT_adapter.py] => QKSR diagnostics task=0 epoch=4 gamma=0.41915917 gradients={'gamma_param': 0.013179315254092216, 'projector.linear.weight': 0.009305376559495926, 'projector.linear.bias': 0.008016237989068031, 'encoder.theta': 0.0018957676365971565} kernel={'min': 0.2862134873867035, 'mean': 0.769572377204895, 'std': 0.20560316741466522, 'max': 1.0, 'quantiles_05_25_50_75_95': [0.405981183052063, 0.6607955098152161, 0.8358856439590454, 0.9580960869789124, 1.0], 'histogram_10_bins_0_1': [0, 0, 2, 0, 8, 4, 4, 10, 12, 24]}
2026-09-30 01:34:21,075 [RSIAT_adapter.py] => QKSR diagnostics task=0 epoch=5 gamma=0.41118091 gradients={'gamma_param': 0.010083534754812717, 'projector.linear.weight': 0.007141955196857452, 'projector.linear.bias': 0.008004143834114075, 'encoder.theta': 0.00242812093347311} kernel={'min': 0.22241361439228058, 'mean': 0.6215025782585144, 'std': 0.25574183464050293, 'max': 1.0, 'quantiles_05_25_50_75_95': [0.23517684638500214, 0.4231223165988922, 0.6161573529243469, 0.8495030999183655, 1.0], 'histogram_10_bins_0_1': [0, 0, 12, 4, 8, 6, 8, 6, 8, 12]}
2026-09-30 01:36:54,670 [RSIAT_adapter.py] => QKSR diagnostics task=0 epoch=6 gamma=0.40678239 gradients={'gamma_param': 0.009297880344092846, 'projector.linear.weight': 0.008046045899391174, 'projector.linear.bias': 0.004298839718103409, 'encoder.theta': 0.0021675163879990578} kernel={'min': 0.5207931399345398, 'mean': 0.801048994064331, 'std': 0.15396980941295624, 'max': 1.0, 'quantiles_05_25_50_75_95': [0.5268390774726868, 0.6649970412254333, 0.8367965221405029, 0.9365170001983643, 1.0], 'histogram_10_bins_0_1': [0, 0, 0, 0, 0, 12, 6, 8, 14, 24]}
2026-09-30 01:39:27,697 [RSIAT_adapter.py] => QKSR diagnostics task=0 epoch=7 gamma=0.40431413 gradients={'gamma_param': 0.052949972450733185, 'projector.linear.weight': 0.013236423954367638, 'projector.linear.bias': 0.018249938264489174, 'encoder.theta': 0.005328213330358267} kernel={'min': 0.3372265100479126, 'mean': 0.704427182674408, 'std': 0.20653507113456726, 'max': 1.0, 'quantiles_05_25_50_75_95': [0.40104737877845764, 0.5258046388626099, 0.6768165826797485, 0.8867205381393433, 1.0], 'histogram_10_bins_0_1': [0, 0, 0, 4, 8, 14, 10, 2, 12, 14]}
2026-09-30 01:42:00,329 [RSIAT_adapter.py] => QKSR diagnostics task=0 epoch=8 gamma=0.4031612 gradients={'gamma_param': 0.035084933042526245, 'projector.linear.weight': 0.00460711307823658, 'projector.linear.bias': 0.0067049008794128895, 'encoder.theta': 0.0018901273142546415} kernel={'min': 0.3340914845466614, 'mean': 0.7095595598220825, 'std': 0.23227928578853607, 'max': 1.0, 'quantiles_05_25_50_75_95': [0.41463857889175415, 0.5347751379013062, 0.6038845777511597, 0.9701234102249146, 1.0], 'histogram_10_bins_0_1': [0, 0, 0, 2, 10, 18, 8, 0, 0, 26]}
2026-09-30 01:44:33,498 [RSIAT_adapter.py] => QKSR diagnostics task=0 epoch=9 gamma=0.40277541 gradients={'gamma_param': 0.09203848987817764, 'projector.linear.weight': 0.01488219853490591, 'projector.linear.bias': 0.017354708164930344, 'encoder.theta': 0.0044660987332463264} kernel={'min': 0.3816264867782593, 'mean': 0.7316800355911255, 'std': 0.22084413468837738, 'max': 1.0, 'quantiles_05_25_50_75_95': [0.4032056927680969, 0.5358272790908813, 0.7182486653327942, 0.9675872921943665, 1.0], 'histogram_10_bins_0_1': [0, 0, 0, 2, 10, 12, 6, 8, 0, 26]}
2026-09-30 01:47:22,498 [RSIAT_adapter.py] => QKSR diagnostics task=0 epoch=10 gamma=0.40267032 gradients={'gamma_param': 0.006180448457598686, 'projector.linear.weight': 0.007545656990259886, 'projector.linear.bias': 0.011300096288323402, 'encoder.theta': 0.003287886967882514} kernel={'min': 0.4356837272644043, 'mean': 0.7771915793418884, 'std': 0.19230708479881287, 'max': 1.0, 'quantiles_05_25_50_75_95': [0.4515115022659302, 0.5969222784042358, 0.8455325365066528, 0.9367551803588867, 1.0], 'histogram_10_bins_0_1': [0, 0, 0, 0, 10, 6, 8, 2, 12, 26]}
2026-09-30 01:47:22,499 [RSIAT_adapter.py] => Task 0, Epoch 10/10 => Loss 0.645, Loss_c 0.608, Losses_rt 0.038, Train_accy 94.28, Test_accy 99.00, Time 152.86s
2026-09-30 01:47:22,500 [RSIAT_adapter.py] => Task 0 peak GPU memory: 5760.37 MiB
2026-09-30 01:49:02,621 [trainer.py] => CNN: {'total': 99.0, '00-09': 99.0, 'old': 0.0, 'new': 99.0}
2026-09-30 01:49:09,084 [base.py] => Saved checkpoint: /content/drive/MyDrive/QKSR_runs/ckpt/qksr/cifar224/10_10/seed_1993/task_0.pkl
2026-09-30 01:49:09,100 [trainer.py] => CNN top1 curve: [99.0]
2026-09-30 01:49:09,100 [trainer.py] => CNN top5 curve: [100.0]
2026-09-30 01:49:09,101 [trainer.py] => Average Accuracy (CNN): 99.0
2026-09-30 01:49:09,102 [trainer.py] => All params: 86995968
2026-09-30 01:49:09,103 [trainer.py] => Trainable params: 1197312
2026-09-30 01:49:09,106 [RSIAT_adapter.py] => Learning on 10-20
2026-09-30 01:49:09,201 [RSIAT_adapter.py] => QKSR calibration task=1 samples=512 indices=[4083, 3720, 866, 645, 3075, 2512, 4727, 2478, 3073, 1895, 1256, 4659, 54, 2254, 2221, 2067, 3726, 1000, 536, 388, 3514, 3132, 2737, 4104, 598, 1481, 1564, 4446, 2824, 1059, 1761, 4234, 2087, 4546, 4733, 3960, 1315, 517, 537, 2258, 530, 1485, 1181, 4061, 3880, 3182, 613, 2321, 1643, 1877, 759, 3250, 4195, 3184, 3193, 3198, 162, 178, 2389, 4681, 554, 4366, 214, 1681, 2295, 1357, 1476, 3223, 4034, 429, 4006, 3258, 1891, 1438, 3574, 1528, 488, 1930, 1025, 2351, 1911, 170, 552, 3549, 4416, 627, 3671, 2350, 3799, 685, 525, 2562, 1210, 290, 4822, 3459, 1071, 1230, 2946, 1544, 2203, 2047, 1040, 4099, 4031, 4610, 1617, 2360, 407, 2771, 914, 2132, 4815, 1785, 4042, 856, 1173, 4077, 3583, 812, 1648, 2250, 1404, 1549, 3836, 2279, 3760, 1718, 4755, 2488, 2977, 4208, 269, 2879, 2785, 227, 1838, 2734, 354, 1775, 3169, 765, 1434, 248, 1457, 3196, 1587, 2388, 2507, 2264, 4867, 3025, 1118, 3959, 4428, 1310, 4375, 3495, 910, 3891, 1378, 1505, 3290, 3207, 1139, 258, 2982, 1723, 4342, 2076, 3337, 4199, 1120, 4019, 2950, 1242, 3040, 1090, 534, 3642, 3091, 85, 1199, 1353, 4872, 4063, 3662, 2205, 873, 4832, 3465, 5, 4052, 1509, 1488, 1674, 457, 4133, 3104, 4329, 3030, 2575, 1627, 3580, 4936, 4076, 2180, 3359, 4122, 280, 3251, 3978, 2153, 4878, 4658, 2259, 2307, 2226, 947, 657, 4422, 1856, 2021, 2200, 924, 1521, 4615, 1444, 1386, 3148, 3315, 4787, 2530, 296, 4743, 107, 209, 4200, 4907, 3889, 3287, 348, 3721, 3347, 1933, 3853, 4592, 4447, 1489, 3588, 1855, 4361, 3808, 4774, 2621, 2110, 740, 377, 4692, 1772, 1635, 911, 3782, 2712, 3826, 1840, 876, 1131, 3902, 4211, 3819, 291, 2538, 2260, 3887, 3046, 2156, 850, 4265, 3951, 2725, 421, 2075, 4071, 4712, 680, 1149, 4785, 4618, 2, 2292, 3705, 1298, 4598, 4947, 2204, 584, 2149, 4593, 4971, 4729, 1240, 1258, 2467, 1623, 4226, 3832, 3783, 4769, 917, 4623, 3878, 3036, 877, 1534, 3713, 174, 1568, 2786, 3323, 3792, 3921, 3781, 895, 719, 3017, 2058, 376, 1803, 4928, 2883, 3679, 1138, 3709, 2346, 4196, 1344, 311, 2018, 3240, 4293, 97, 2708, 3735, 3357, 4665, 4670, 780, 4645, 2796, 573, 3933, 1725, 12, 2534, 3660, 1751, 4306, 3243, 3059, 221, 2191, 2935, 31, 1029, 4778, 1871, 4572, 3856, 2709, 971, 1471, 4221, 3784, 3877, 1102, 1263, 3021, 577, 2476, 4183, 1309, 1939, 1588, 474, 837, 3585, 933, 2352, 2371, 3319, 3013, 1762, 62, 4807, 4225, 4455, 4158, 2036, 2766, 1101, 3267, 1830, 2808, 25, 1658, 1456, 2899, 4600, 736, 527, 4563, 2570, 313, 4786, 1009, 3906, 582, 2019, 1053, 2717, 2144, 136, 2949, 2509, 3045, 1506, 696, 559, 23, 2072, 4962, 683, 745, 4898, 2138, 273, 1552, 1462, 4686, 2649, 2918, 3405, 2426, 1405, 1350, 741, 4374, 3412, 2464, 1474, 4779, 4138, 4792, 4100, 4536, 177, 3900, 1170, 2070, 3918, 4459, 2816, 2423, 2316, 1108, 4960, 153, 3757, 660, 2644, 4816, 4641, 2415, 2595, 4155, 1279, 3222, 4396, 2089, 3171, 3899, 2968, 2645, 1591, 3439, 1093, 792, 1013, 1804, 1902, 750, 1407, 3274, 1007, 2393, 2639, 4404, 1105, 1740, 1005, 4800, 1091, 1975, 1527, 3823, 2278, 4920, 1051, 3558, 431, 4114]
2026-09-30 01:50:28,080 [toolkit.py] => All params: 87135872
2026-09-30 01:50:28,081 [toolkit.py] => Trainable params: 1337216
2026-09-30 01:54:17,817 [RSIAT_adapter.py] => QKSR diagnostics task=1 epoch=1 gamma=0.40267032 gradients={} kernel={'min': 0.388981431722641, 'mean': 0.7235976457595825, 'std': 0.1507297307252884, 'max': 0.9673115611076355, 'quantiles_05_25_50_75_95': [0.49253329634666443, 0.602939248085022, 0.7456276416778564, 0.8528302907943726, 0.9260092973709106], 'histogram_10_bins_0_1': [0, 0, 0, 1, 5, 12, 17, 13, 22, 10]}
2026-09-30 01:58:08,223 [RSIAT_adapter.py] => QKSR diagnostics task=1 epoch=2 gamma=0.40267032 gradients={} kernel={'min': 0.36983340978622437, 'mean': 0.6917988061904907, 'std': 0.1633799821138382, 'max': 0.9596250653266907, 'quantiles_05_25_50_75_95': [0.44940730929374695, 0.5689349174499512, 0.6535627841949463, 0.8559046387672424, 0.9373809695243835], 'histogram_10_bins_0_1': [0, 0, 0, 1, 10, 17, 18, 4, 19, 11]}
2026-09-30 02:01:59,668 [RSIAT_adapter.py] => QKSR diagnostics task=1 epoch=3 gamma=0.40267032 gradients={} kernel={'min': 0.4195166230201721, 'mean': 0.691710889339447, 'std': 0.1544732004404068, 'max': 0.9678913354873657, 'quantiles_05_25_50_75_95': [0.4505413770675659, 0.5581408143043518, 0.6724950075149536, 0.8505398631095886, 0.9075604677200317], 'histogram_10_bins_0_1': [0, 0, 0, 0, 9, 17, 18, 9, 19, 8]}
2026-09-30 02:05:52,001 [RSIAT_adapter.py] => QKSR diagnostics task=1 epoch=4 gamma=0.40267032 gradients={} kernel={'min': 0.49517494440078735, 'mean': 0.7354013919830322, 'std': 0.13870248198509216, 'max': 0.9603183269500732, 'quantiles_05_25_50_75_95': [0.5256472826004028, 0.6385868787765503, 0.7072709798812866, 0.8707965612411499, 0.9289753437042236], 'histogram_10_bins_0_1': [0, 0, 0, 0, 2, 14, 20, 15, 11, 18]}
2026-09-30 02:09:43,461 [RSIAT_adapter.py] => QKSR diagnostics task=1 epoch=5 gamma=0.40267032 gradients={} kernel={'min': 0.3263394832611084, 'mean': 0.6733366250991821, 'std': 0.17845430970191956, 'max': 0.956935465335846, 'quantiles_05_25_50_75_95': [0.42476674914360046, 0.5482060313224792, 0.630103349685669, 0.8673988580703735, 0.9387483596801758], 'histogram_10_bins_0_1': [0, 0, 0, 4, 11, 20, 11, 10, 10, 14]}
2026-09-30 02:13:35,659 [RSIAT_adapter.py] => QKSR diagnostics task=1 epoch=6 gamma=0.40267032 gradients={} kernel={'min': 0.44210824370384216, 'mean': 0.7126478552818298, 'std': 0.15339620411396027, 'max': 0.9758228659629822, 'quantiles_05_25_50_75_95': [0.5020236372947693, 0.5885000228881836, 0.678749680519104, 0.8705674409866333, 0.9549924731254578], 'histogram_10_bins_0_1': [0, 0, 0, 0, 4, 19, 23, 9, 9, 16]}
2026-09-30 02:17:26,829 [RSIAT_adapter.py] => QKSR diagnostics task=1 epoch=7 gamma=0.40267032 gradients={} kernel={'min': 0.3451056182384491, 'mean': 0.7254118919372559, 'std': 0.1601116806268692, 'max': 0.9536264538764954, 'quantiles_05_25_50_75_95': [0.4518010914325714, 0.6107073426246643, 0.7236264944076538, 0.8760442733764648, 0.9352340698242188], 'histogram_10_bins_0_1': [0, 0, 0, 1, 8, 11, 16, 13, 18, 13]}
2026-09-30 02:21:18,979 [RSIAT_adapter.py] => QKSR diagnostics task=1 epoch=8 gamma=0.40267032 gradients={} kernel={'min': 0.393251895904541, 'mean': 0.6815789341926575, 'std': 0.15056897699832916, 'max': 0.9783973693847656, 'quantiles_05_25_50_75_95': [0.46030834317207336, 0.5442506670951843, 0.6771959066390991, 0.7994938492774963, 0.9088769555091858], 'histogram_10_bins_0_1': [0, 0, 0, 2, 7, 18, 18, 15, 13, 7]}
2026-09-30 02:25:11,344 [RSIAT_adapter.py] => QKSR diagnostics task=1 epoch=9 gamma=0.40267032 gradients={} kernel={'min': 0.4525230824947357, 'mean': 0.724215030670166, 'std': 0.15269479155540466, 'max': 0.9692161679267883, 'quantiles_05_25_50_75_95': [0.4905373156070709, 0.6087636351585388, 0.6729047298431396, 0.8947498202323914, 0.9515112042427063], 'histogram_10_bins_0_1': [0, 0, 0, 0, 6, 11, 27, 7, 11, 18]}
2026-09-30 02:29:03,673 [RSIAT_adapter.py] => QKSR diagnostics task=1 epoch=10 gamma=0.40267032 gradients={} kernel={'min': 0.3710413873195648, 'mean': 0.7104620337486267, 'std': 0.15449391305446625, 'max': 0.9516782760620117, 'quantiles_05_25_50_75_95': [0.47393131256103516, 0.5700995922088623, 0.7322031855583191, 0.8554575443267822, 0.937042236328125], 'histogram_10_bins_0_1': [0, 0, 0, 1, 6, 18, 12, 16, 18, 9]}
2026-09-30 02:32:55,433 [RSIAT_adapter.py] => QKSR diagnostics task=1 epoch=11 gamma=0.40267032 gradients={} kernel={'min': 0.3652927577495575, 'mean': 0.6731019020080566, 'std': 0.1624382585287094, 'max': 0.9273536205291748, 'quantiles_05_25_50_75_95': [0.42702293395996094, 0.5452861785888672, 0.6599167585372925, 0.8184131383895874, 0.9086398482322693], 'histogram_10_bins_0_1': [0, 0, 0, 3, 8, 20, 15, 11, 14, 9]}
2026-09-30 02:36:47,979 [RSIAT_adapter.py] => QKSR diagnostics task=1 epoch=12 gamma=0.40267032 gradients={} kernel={'min': 0.42179039120674133, 'mean': 0.6949343085289001, 'std': 0.14508236944675446, 'max': 0.9680495858192444, 'quantiles_05_25_50_75_95': [0.4793124794960022, 0.5851617455482483, 0.6714154481887817, 0.8288814425468445, 0.9268373250961304], 'histogram_10_bins_0_1': [0, 0, 0, 0, 6, 18, 22, 8, 16, 10]}
2026-09-30 02:40:40,533 [RSIAT_adapter.py] => QKSR diagnostics task=1 epoch=13 gamma=0.40267032 gradients={} kernel={'min': 0.3674609959125519, 'mean': 0.6791237592697144, 'std': 0.14844262599945068, 'max': 0.9697173237800598, 'quantiles_05_25_50_75_95': [0.47267860174179077, 0.5641599297523499, 0.65849769115448, 0.7774533629417419, 0.9289118647575378], 'histogram_10_bins_0_1': [0, 0, 0, 1, 7, 20, 20, 14, 10, 8]}
2026-09-30 02:44:32,183 [RSIAT_adapter.py] => QKSR diagnostics task=1 epoch=14 gamma=0.40267032 gradients={} kernel={'min': 0.34080424904823303, 'mean': 0.6741995215415955, 'std': 0.17151238024234772, 'max': 0.9504004120826721, 'quantiles_05_25_50_75_95': [0.4222603440284729, 0.5399828553199768, 0.650732159614563, 0.8423528671264648, 0.9179621338844299], 'histogram_10_bins_0_1': [0, 0, 0, 3, 14, 11, 16, 12, 17, 7]}
2026-09-30 02:48:24,207 [RSIAT_adapter.py] => QKSR diagnostics task=1 epoch=15 gamma=0.40267032 gradients={} kernel={'min': 0.47711965441703796, 'mean': 0.7179457545280457, 'std': 0.15380559861660004, 'max': 0.9751514196395874, 'quantiles_05_25_50_75_95': [0.5078677535057068, 0.5766466856002808, 0.7068834900856018, 0.8858481645584106, 0.9405529499053955], 'histogram_10_bins_0_1': [0, 0, 0, 0, 2, 23, 13, 14, 12, 16]}
2026-09-30 02:52:16,763 [RSIAT_adapter.py] => QKSR diagnostics task=1 epoch=16 gamma=0.40267032 gradients={} kernel={'min': 0.40039101243019104, 'mean': 0.7081373333930969, 'std': 0.14933110773563385, 'max': 0.9611802697181702, 'quantiles_05_25_50_75_95': [0.5048753619194031, 0.5974180698394775, 0.6839007139205933, 0.8602406978607178, 0.9337387084960938], 'histogram_10_bins_0_1': [0, 0, 0, 0, 4, 17, 25, 9, 8, 17]}
2026-09-30 02:56:09,489 [RSIAT_adapter.py] => QKSR diagnostics task=1 epoch=17 gamma=0.40267032 gradients={} kernel={'min': 0.25326138734817505, 'mean': 0.6374337077140808, 'std': 0.18383406102657318, 'max': 0.9582736492156982, 'quantiles_05_25_50_75_95': [0.3733232021331787, 0.48974162340164185, 0.6141152381896973, 0.7865786552429199, 0.9166480302810669], 'histogram_10_bins_0_1': [0, 0, 1, 8, 12, 17, 11, 12, 8, 11]}
2026-09-30 03:00:02,378 [RSIAT_adapter.py] => QKSR diagnostics task=1 epoch=18 gamma=0.40267032 gradients={} kernel={'min': 0.39860254526138306, 'mean': 0.699905514717102, 'std': 0.13670594990253448, 'max': 0.9394519925117493, 'quantiles_05_25_50_75_95': [0.5075268745422363, 0.6077110767364502, 0.6615481376647949, 0.8243099451065063, 0.929995596408844], 'histogram_10_bins_0_1': [0, 0, 0, 1, 3, 14, 27, 12, 14, 9]}
2026-09-30 03:03:54,965 [RSIAT_adapter.py] => QKSR diagnostics task=1 epoch=19 gamma=0.40267032 gradients={} kernel={'min': 0.36823463439941406, 'mean': 0.6671086549758911, 'std': 0.16543467342853546, 'max': 0.9571108222007751, 'quantiles_05_25_50_75_95': [0.4516463279724121, 0.5370906591415405, 0.6340510845184326, 0.8156809210777283, 0.9358541369438171], 'histogram_10_bins_0_1': [0, 0, 0, 2, 15, 16, 16, 9, 12, 10]}
2026-09-30 03:07:46,605 [RSIAT_adapter.py] => QKSR diagnostics task=1 epoch=20 gamma=0.40267032 gradients={} kernel={'min': 0.39605191349983215, 'mean': 0.6633850336074829, 'std': 0.1534910351037979, 'max': 0.9743683934211731, 'quantiles_05_25_50_75_95': [0.47359907627105713, 0.5343510508537292, 0.6308885812759399, 0.8258926868438721, 0.9361913204193115], 'histogram_10_bins_0_1': [0, 0, 0, 1, 6, 31, 14, 6, 16, 6]}
2026-09-30 03:11:38,216 [RSIAT_adapter.py] => QKSR diagnostics task=1 epoch=21 gamma=0.40267032 gradients={} kernel={'min': 0.30996376276016235, 'mean': 0.6545940637588501, 'std': 0.1662009060382843, 'max': 0.9563168883323669, 'quantiles_05_25_50_75_95': [0.3836081922054291, 0.5441190600395203, 0.6324881315231323, 0.8029162287712097, 0.9302785396575928], 'histogram_10_bins_0_1': [0, 0, 0, 7, 5, 21, 20, 7, 13, 7]}
2026-09-30 03:15:29,823 [RSIAT_adapter.py] => QKSR diagnostics task=1 epoch=22 gamma=0.40267032 gradients={} kernel={'min': 0.33579352498054504, 'mean': 0.7175297737121582, 'std': 0.14299657940864563, 'max': 0.936195969581604, 'quantiles_05_25_50_75_95': [0.4576602578163147, 0.6108721494674683, 0.7438993453979492, 0.8152898550033569, 0.9121279716491699], 'histogram_10_bins_0_1': [0, 0, 0, 1, 5, 13, 15, 20, 19, 7]}
2026-09-30 03:19:21,996 [RSIAT_adapter.py] => QKSR diagnostics task=1 epoch=23 gamma=0.40267032 gradients={} kernel={'min': 0.3801824450492859, 'mean': 0.7381462454795837, 'std': 0.15065552294254303, 'max': 0.9855509400367737, 'quantiles_05_25_50_75_95': [0.48720210790634155, 0.6097195148468018, 0.7601679563522339, 0.8670196533203125, 0.945019006729126], 'histogram_10_bins_0_1': [0, 0, 0, 1, 5, 11, 18, 11, 21, 13]}
2026-09-30 03:23:12,387 [RSIAT_adapter.py] => QKSR diagnostics task=1 epoch=24 gamma=0.40267032 gradients={} kernel={'min': 0.3952300250530243, 'mean': 0.697232723236084, 'std': 0.14779077470302582, 'max': 0.9684390425682068, 'quantiles_05_25_50_75_95': [0.4645356833934784, 0.5681984424591064, 0.7004125118255615, 0.8091567754745483, 0.928411602973938], 'histogram_10_bins_0_1': [0, 0, 0, 2, 6, 18, 13, 19, 13, 9]}
2026-09-30 03:27:04,471 [RSIAT_adapter.py] => QKSR diagnostics task=1 epoch=25 gamma=0.40267032 gradients={} kernel={'min': 0.3937922418117523, 'mean': 0.7330421805381775, 'std': 0.143762469291687, 'max': 0.9640578627586365, 'quantiles_05_25_50_75_95': [0.5012614727020264, 0.6111137866973877, 0.7545855045318604, 0.8584789633750916, 0.9366360306739807], 'histogram_10_bins_0_1': [0, 0, 0, 1, 3, 15, 11, 23, 15, 12]}
2026-09-30 03:30:55,146 [RSIAT_adapter.py] => QKSR diagnostics task=1 epoch=26 gamma=0.40267032 gradients={} kernel={'min': 0.4136289656162262, 'mean': 0.7250241637229919, 'std': 0.13999027013778687, 'max': 0.9538127779960632, 'quantiles_05_25_50_75_95': [0.46787846088409424, 0.617049515247345, 0.731289267539978, 0.8578566908836365, 0.9360221028327942], 'histogram_10_bins_0_1': [0, 0, 0, 0, 6, 8, 16, 26, 13, 11]}
2026-09-30 03:34:46,180 [RSIAT_adapter.py] => QKSR diagnostics task=1 epoch=27 gamma=0.40267032 gradients={} kernel={'min': 0.4657118022441864, 'mean': 0.7140973210334778, 'std': 0.15712907910346985, 'max': 0.9618338942527771, 'quantiles_05_25_50_75_95': [0.5094708800315857, 0.5856115818023682, 0.6611414551734924, 0.8832473754882812, 0.9550148844718933], 'histogram_10_bins_0_1': [0, 0, 0, 0, 4, 22, 20, 6, 9, 19]}
2026-09-30 03:38:37,822 [RSIAT_adapter.py] => QKSR diagnostics task=1 epoch=28 gamma=0.40267032 gradients={} kernel={'min': 0.3630356788635254, 'mean': 0.6833633780479431, 'std': 0.17071372270584106, 'max': 0.9758142828941345, 'quantiles_05_25_50_75_95': [0.4387296140193939, 0.5507401823997498, 0.6382696032524109, 0.8470028638839722, 0.9495095610618591], 'histogram_10_bins_0_1': [0, 0, 0, 1, 12, 17, 16, 5, 18, 11]}
2026-09-30 03:42:29,394 [RSIAT_adapter.py] => QKSR diagnostics task=1 epoch=29 gamma=0.40267032 gradients={} kernel={'min': 0.42893216013908386, 'mean': 0.6875061392784119, 'std': 0.1389230489730835, 'max': 0.9899873733520508, 'quantiles_05_25_50_75_95': [0.48406845331192017, 0.5753210186958313, 0.6707875728607178, 0.7736383676528931, 0.9259187579154968], 'histogram_10_bins_0_1': [0, 0, 0, 0, 6, 19, 17, 22, 8, 8]}
2026-09-30 03:46:53,013 [RSIAT_adapter.py] => QKSR diagnostics task=1 epoch=30 gamma=0.40267032 gradients={} kernel={'min': 0.3274494409561157, 'mean': 0.6889261603355408, 'std': 0.16066065430641174, 'max': 0.9640611410140991, 'quantiles_05_25_50_75_95': [0.42795324325561523, 0.5857909917831421, 0.6539288759231567, 0.8285231590270996, 0.9539445638656616], 'histogram_10_bins_0_1': [0, 0, 0, 3, 5, 15, 25, 11, 7, 14]}
2026-09-30 03:46:53,015 [RSIAT_adapter.py] => Task 1, Epoch 30/30 => Loss 1.354, Loss_c 0.793, Losses_rt 0.561, Train_accy 85.44, Test_accy 96.80, Time 231.90s
2026-09-30 03:46:53,015 [RSIAT_adapter.py] => Task 1 peak GPU memory: 6253.16 MiB
2026-09-30 03:49:36,472 [base.py] => CA Task 1 => Loss 0.013, Test_accy skipped
2026-09-30 03:49:36,584 [base.py] => CA Task 1 => Loss 0.006, Test_accy skipped
2026-09-30 03:49:36,715 [base.py] => CA Task 1 => Loss 0.006, Test_accy skipped
2026-09-30 03:49:36,846 [base.py] => CA Task 1 => Loss 0.006, Test_accy skipped
2026-09-30 03:49:36,957 [base.py] => CA Task 1 => Loss 0.006, Test_accy skipped
2026-09-30 03:49:37,085 [base.py] => CA Task 1 => Loss 0.007, Test_accy skipped
2026-09-30 03:49:37,220 [base.py] => CA Task 1 => Loss 0.005, Test_accy skipped
2026-09-30 03:49:37,345 [base.py] => CA Task 1 => Loss 0.008, Test_accy skipped
2026-09-30 03:49:37,447 [base.py] => CA Task 1 => Loss 0.006, Test_accy skipped
2026-09-30 03:50:09,173 [base.py] => CA Task 1 => Loss 0.006, Test_accy 97.500
2026-09-30 03:50:41,311 [trainer.py] => CNN: {'total': 97.5, '00-09': 98.2, '10-19': 96.8, 'old': 98.2, 'new': 96.8}
2026-09-30 03:50:41,312 [trainer.py] => Continual metrics after task 1: BWT=-0.8000, forgetting=0.8000, task_acc=[98.2, 96.8]
2026-09-30 03:50:42,854 [base.py] => Saved checkpoint: /content/drive/MyDrive/QKSR_runs/ckpt/qksr/cifar224/10_10/seed_1993/task_1.pkl
2026-09-30 03:50:42,860 [trainer.py] => Removed superseded checkpoint: /content/drive/MyDrive/QKSR_runs/ckpt/qksr/cifar224/10_10/seed_1993/task_0.pkl
2026-09-30 03:50:42,861 [trainer.py] => CNN top1 curve: [99.0, 97.5]
2026-09-30 03:50:42,861 [trainer.py] => CNN top5 curve: [100.0, 99.65]
2026-09-30 03:50:42,861 [trainer.py] => Average Accuracy (CNN): 98.25
2026-09-30 03:50:42,863 [trainer.py] => All params: 87003648
2026-09-30 03:50:42,865 [trainer.py] => Trainable params: 1204992
2026-09-30 03:50:42,869 [RSIAT_adapter.py] => Learning on 20-30
2026-09-30 03:50:43,112 [RSIAT_adapter.py] => QKSR calibration task=2 samples=512 indices=[1547, 1313, 3815, 2616, 333, 1286, 2755, 3290, 3945, 1354, 4286, 4508, 577, 3877, 1305, 1487, 4627, 2703, 280, 2398, 4841, 4217, 2228, 985, 4359, 1293, 1689, 4190, 2364, 1534, 1526, 3910, 374, 3944, 2175, 2471, 2067, 2846, 484, 1259, 3199, 2941, 4410, 2065, 2284, 1903, 3704, 4180, 2992, 2582, 3129, 145, 2203, 4691, 473, 786, 4592, 3835, 4378, 2688, 4617, 2048, 581, 1809, 137, 636, 3716, 4629, 1108, 1761, 1253, 1735, 953, 4756, 2301, 2813, 1318, 2128, 3791, 1699, 4695, 4153, 4726, 4178, 3205, 3044, 2254, 4739, 27, 1189, 4649, 1023, 1691, 4090, 940, 2374, 2489, 2019, 2947, 1327, 3058, 4082, 830, 3895, 4977, 2882, 3373, 2744, 1170, 4249, 127, 3427, 2084, 4607, 430, 1949, 336, 4498, 1414, 445, 2259, 605, 3105, 3067, 4865, 3261, 3638, 4923, 2856, 1304, 4367, 1116, 3232, 4126, 909, 4894, 202, 1669, 825, 2014, 4950, 4333, 4987, 2290, 1576, 1853, 2790, 692, 1300, 110, 2768, 803, 2483, 4674, 4414, 67, 2656, 2274, 135, 2487, 4625, 3402, 2925, 1892, 3214, 3002, 3735, 65, 1914, 1831, 3365, 590, 1298, 4839, 195, 3860, 3697, 516, 2367, 3309, 3629, 2799, 4961, 3915, 4870, 689, 2935, 1278, 853, 3528, 3131, 54, 3630, 4061, 303, 1929, 3072, 3185, 743, 1584, 1249, 3948, 4046, 175, 4376, 878, 2079, 3864, 2130, 3302, 2740, 1855, 4655, 1977, 3004, 1997, 2112, 2749, 726, 1642, 3216, 4008, 4732, 767, 4535, 525, 698, 4962, 1281, 2907, 2371, 1945, 3252, 1763, 1946, 488, 3346, 2049, 2181, 1321, 4353, 2523, 4747, 3858, 3022, 4727, 880, 4140, 94, 1557, 3435, 1741, 2423, 1186, 4078, 3391, 307, 3461, 1935, 3278, 3615, 3955, 1174, 706, 2660, 418, 4267, 2264, 746, 4027, 2683, 1988, 2269, 4944, 2155, 1899, 811, 4708, 1649, 386, 1908, 2631, 3356, 2100, 3139, 3470, 2951, 2961, 3220, 327, 1263, 2838, 4572, 2965, 3680, 2241, 4171, 4054, 2952, 4147, 4798, 2566, 2460, 826, 152, 1248, 313, 1564, 4323, 2518, 1912, 2400, 3812, 2141, 3532, 4168, 1652, 3430, 715, 3926, 3962, 3451, 4556, 4832, 4013, 2094, 81, 1265, 4422, 235, 4792, 4280, 41, 504, 4811, 2317, 3133, 1507, 1055, 186, 2922, 4037, 2767, 369, 1717, 4860, 540, 4819, 4204, 2123, 655, 323, 3509, 1158, 1832, 3848, 4976, 2031, 268, 3855, 3539, 452, 596, 639, 1011, 4041, 1348, 1734, 3923, 1273, 4175, 3693, 3758, 4892, 4039, 2047, 1233, 2654, 3082, 2998, 4470, 883, 2070, 4848, 966, 4986, 4338, 4871, 144, 939, 4940, 701, 3351, 1593, 2845, 1379, 122, 4980, 465, 1315, 3458, 1705, 4068, 3681, 2858, 4351, 2041, 874, 4057, 631, 2745, 2068, 2710, 3138, 2298, 1804, 26, 1659, 1474, 869, 3925, 1471, 3228, 1417, 2676, 3499, 3320, 2784, 75, 602, 2080, 1686, 2816, 3520, 4748, 3683, 2795, 4906, 644, 2783, 555, 2035, 83, 2481, 3347, 4678, 3446, 1757, 3875, 2213, 2995, 4995, 3796, 1008, 2541, 4842, 496, 704, 3213, 9, 4449, 663, 1387, 4181, 4157, 3753, 3305, 1973, 2046, 3288, 2403, 3765, 1964, 4459, 4579, 1816, 285, 823, 4993, 3627, 4690, 4361, 40, 3718, 3822, 4350, 2792, 3163, 4974, 1202, 3015, 2473, 31, 1469, 4689, 863, 1360, 3596, 2597, 922, 2667, 3760, 2215, 2554, 2825, 3099, 4876, 348, 2622, 3122, 1877, 2077]
2026-09-30 03:52:02,966 [toolkit.py] => All params: 87143552
2026-09-30 03:52:02,967 [toolkit.py] => Trainable params: 1344896
2026-09-30 03:55:55,053 [RSIAT_adapter.py] => QKSR diagnostics task=2 epoch=1 gamma=0.40267032 gradients={} kernel={'min': 0.4633283019065857, 'mean': 0.7266247868537903, 'std': 0.16281725466251373, 'max': 0.9753323197364807, 'quantiles_05_25_50_75_95': [0.4949267506599426, 0.5846751928329468, 0.6914141178131104, 0.8931870460510254, 0.9597694873809814], 'histogram_10_bins_0_1': [0, 0, 0, 0, 10, 38, 34, 14, 27, 37]}
2026-09-30 03:59:46,833 [RSIAT_adapter.py] => QKSR diagnostics task=2 epoch=2 gamma=0.40267032 gradients={} kernel={'min': 0.4862983524799347, 'mean': 0.7695133090019226, 'std': 0.13176582753658295, 'max': 0.9825729727745056, 'quantiles_05_25_50_75_95': [0.5466504693031311, 0.6541671752929688, 0.7897826433181763, 0.881842851638794, 0.9477661848068237], 'histogram_10_bins_0_1': [0, 0, 0, 0, 2, 18, 35, 33, 42, 30]}
2026-09-30 04:03:37,982 [RSIAT_adapter.py] => QKSR diagnostics task=2 epoch=3 gamma=0.40267032 gradients={} kernel={'min': 0.4389367401599884, 'mean': 0.7216892838478088, 'std': 0.14080865681171417, 'max': 0.9896132946014404, 'quantiles_05_25_50_75_95': [0.5186276435852051, 0.6037567853927612, 0.7250411510467529, 0.8225995302200317, 0.9516798853874207], 'histogram_10_bins_0_1': [0, 0, 0, 0, 5, 35, 34, 36, 27, 23]}
2026-09-30 04:07:29,906 [RSIAT_adapter.py] => QKSR diagnostics task=2 epoch=4 gamma=0.40267032 gradients={} kernel={'min': 0.4049324095249176, 'mean': 0.7274376153945923, 'std': 0.16014690697193146, 'max': 0.9601136445999146, 'quantiles_05_25_50_75_95': [0.4340001344680786, 0.5833252668380737, 0.7895978689193726, 0.8528276681900024, 0.9237213134765625], 'histogram_10_bins_0_1': [0, 0, 0, 0, 20, 25, 16, 25, 55, 19]}
2026-09-30 04:11:22,405 [RSIAT_adapter.py] => QKSR diagnostics task=2 epoch=5 gamma=0.40267032 gradients={} kernel={'min': 0.40800124406814575, 'mean': 0.6883053779602051, 'std': 0.14567551016807556, 'max': 0.9840567708015442, 'quantiles_05_25_50_75_95': [0.472622811794281, 0.5674266815185547, 0.6725026369094849, 0.8253214359283447, 0.9224998950958252], 'histogram_10_bins_0_1': [0, 0, 0, 0, 16, 39, 40, 17, 32, 16]}
2026-09-30 04:15:15,171 [RSIAT_adapter.py] => QKSR diagnostics task=2 epoch=6 gamma=0.40267032 gradients={} kernel={'min': 0.44184988737106323, 'mean': 0.7622278332710266, 'std': 0.13355733454227448, 'max': 0.9924070835113525, 'quantiles_05_25_50_75_95': [0.5624581575393677, 0.6512570381164551, 0.7601808905601501, 0.8903858661651611, 0.9613137245178223], 'histogram_10_bins_0_1': [0, 0, 0, 0, 3, 17, 36, 38, 32, 34]}
2026-09-30 04:19:07,193 [RSIAT_adapter.py] => QKSR diagnostics task=2 epoch=7 gamma=0.40267032 gradients={} kernel={'min': 0.44770362973213196, 'mean': 0.7463358640670776, 'std': 0.1428861767053604, 'max': 0.9775746464729309, 'quantiles_05_25_50_75_95': [0.5036270022392273, 0.6281580924987793, 0.7653114199638367, 0.8620680570602417, 0.9350314140319824], 'histogram_10_bins_0_1': [0, 0, 0, 0, 8, 26, 18, 35, 48, 25]}
2026-09-30 04:22:58,976 [RSIAT_adapter.py] => QKSR diagnostics task=2 epoch=8 gamma=0.40267032 gradients={} kernel={'min': 0.40739330649375916, 'mean': 0.7381000518798828, 'std': 0.1530817747116089, 'max': 0.96870356798172, 'quantiles_05_25_50_75_95': [0.4644293785095215, 0.5970543622970581, 0.7560216784477234, 0.8721654415130615, 0.9341964721679688], 'histogram_10_bins_0_1': [0, 0, 0, 0, 14, 27, 19, 33, 38, 29]}
2026-09-30 04:26:50,055 [RSIAT_adapter.py] => QKSR diagnostics task=2 epoch=9 gamma=0.40267032 gradients={} kernel={'min': 0.39692866802215576, 'mean': 0.7294583320617676, 'std': 0.1714962124824524, 'max': 0.9979475736618042, 'quantiles_05_25_50_75_95': [0.46232983469963074, 0.5884304046630859, 0.7365682125091553, 0.8926792740821838, 0.9734428524971008], 'histogram_10_bins_0_1': [0, 0, 0, 1, 15, 29, 26, 25, 25, 39]}
2026-09-30 04:30:41,992 [RSIAT_adapter.py] => QKSR diagnostics task=2 epoch=10 gamma=0.40267032 gradients={} kernel={'min': 0.39877739548683167, 'mean': 0.7064814567565918, 'std': 0.14795607328414917, 'max': 0.9828908443450928, 'quantiles_05_25_50_75_95': [0.4713383913040161, 0.5977640748023987, 0.6816524863243103, 0.8166130781173706, 0.9658840894699097], 'histogram_10_bins_0_1': [0, 0, 0, 2, 7, 32, 44, 27, 26, 22]}
2026-09-30 04:34:33,354 [RSIAT_adapter.py] => QKSR diagnostics task=2 epoch=11 gamma=0.40267032 gradients={} kernel={'min': 0.43312525749206543, 'mean': 0.739483654499054, 'std': 0.15359608829021454, 'max': 0.9901379942893982, 'quantiles_05_25_50_75_95': [0.48750564455986023, 0.6118737459182739, 0.7501544952392578, 0.8797693252563477, 0.9487019181251526], 'histogram_10_bins_0_1': [0, 0, 0, 0, 11, 27, 26, 33, 31, 32]}
2026-09-30 04:38:24,819 [RSIAT_adapter.py] => QKSR diagnostics task=2 epoch=12 gamma=0.40267032 gradients={} kernel={'min': 0.4452793598175049, 'mean': 0.7589549422264099, 'std': 0.12029000371694565, 'max': 0.9863925576210022, 'quantiles_05_25_50_75_95': [0.5404416918754578, 0.6936678290367126, 0.7581628561019897, 0.8485430479049683, 0.9593400359153748], 'histogram_10_bins_0_1': [0, 0, 0, 0, 1, 19, 22, 61, 34, 23]}
2026-09-30 04:42:16,358 [RSIAT_adapter.py] => QKSR diagnostics task=2 epoch=13 gamma=0.40267032 gradients={} kernel={'min': 0.4258875548839569, 'mean': 0.6977531313896179, 'std': 0.12542949616909027, 'max': 0.9823761582374573, 'quantiles_05_25_50_75_95': [0.4763939678668976, 0.6028589010238647, 0.7030433416366577, 0.7721747159957886, 0.9323356747627258], 'histogram_10_bins_0_1': [0, 0, 0, 0, 11, 27, 39, 52, 19, 12]}
2026-09-30 04:46:07,788 [RSIAT_adapter.py] => QKSR diagnostics task=2 epoch=14 gamma=0.40267032 gradients={} kernel={'min': 0.36337992548942566, 'mean': 0.7367731928825378, 'std': 0.14505532383918762, 'max': 0.9875786304473877, 'quantiles_05_25_50_75_95': [0.4603441655635834, 0.6424853205680847, 0.7633471488952637, 0.8460671305656433, 0.9401178359985352], 'histogram_10_bins_0_1': [0, 0, 0, 2, 13, 16, 31, 37, 40, 21]}
2026-09-30 04:49:59,227 [RSIAT_adapter.py] => QKSR diagnostics task=2 epoch=15 gamma=0.40267032 gradients={} kernel={'min': 0.4027918875217438, 'mean': 0.70417720079422, 'std': 0.15853749215602875, 'max': 0.9919955730438232, 'quantiles_05_25_50_75_95': [0.46178874373435974, 0.5663885474205017, 0.7007310390472412, 0.8377468585968018, 0.9385029077529907], 'histogram_10_bins_0_1': [0, 0, 0, 0, 21, 24, 34, 22, 38, 21]}
2026-09-30 04:53:50,243 [RSIAT_adapter.py] => QKSR diagnostics task=2 epoch=16 gamma=0.40267032 gradients={} kernel={'min': 0.24977655708789825, 'mean': 0.6925987005233765, 'std': 0.18225033581256866, 'max': 0.9916720390319824, 'quantiles_05_25_50_75_95': [0.374978244304657, 0.5663328170776367, 0.7012165188789368, 0.8515831232070923, 0.9504888653755188], 'histogram_10_bins_0_1': [0, 0, 2, 8, 18, 19, 33, 28, 26, 26]}
2026-09-30 04:57:42,031 [RSIAT_adapter.py] => QKSR diagnostics task=2 epoch=17 gamma=0.40267032 gradients={} kernel={'min': 0.28906959295272827, 'mean': 0.7182416319847107, 'std': 0.175856813788414, 'max': 0.9767751097679138, 'quantiles_05_25_50_75_95': [0.38842177391052246, 0.5893816947937012, 0.7484369277954102, 0.872146487236023, 0.9413138031959534], 'histogram_10_bins_0_1': [0, 0, 1, 9, 11, 21, 26, 26, 40, 26]}
2026-09-30 05:01:34,002 [RSIAT_adapter.py] => QKSR diagnostics task=2 epoch=18 gamma=0.40267032 gradients={} kernel={'min': 0.46903789043426514, 'mean': 0.7585914731025696, 'std': 0.15655556321144104, 'max': 0.9910016655921936, 'quantiles_05_25_50_75_95': [0.5020490288734436, 0.6079323887825012, 0.7959259748458862, 0.8927839994430542, 0.9608041644096375], 'histogram_10_bins_0_1': [0, 0, 0, 0, 8, 30, 21, 22, 42, 37]}
2026-09-30 05:05:25,322 [RSIAT_adapter.py] => QKSR diagnostics task=2 epoch=19 gamma=0.40267032 gradients={} kernel={'min': 0.4435421824455261, 'mean': 0.7208300828933716, 'std': 0.13819298148155212, 'max': 0.9879761934280396, 'quantiles_05_25_50_75_95': [0.501796305179596, 0.6213766932487488, 0.7012062072753906, 0.815432608127594, 0.9492559432983398], 'histogram_10_bins_0_1': [0, 0, 0, 0, 8, 25, 46, 36, 22, 23]}
2026-09-30 05:09:17,865 [RSIAT_adapter.py] => QKSR diagnostics task=2 epoch=20 gamma=0.40267032 gradients={} kernel={'min': 0.38006553053855896, 'mean': 0.6753436326980591, 'std': 0.16740678250789642, 'max': 0.9901459217071533, 'quantiles_05_25_50_75_95': [0.44977954030036926, 0.5358197093009949, 0.6444628238677979, 0.8258501291275024, 0.9596588611602783], 'histogram_10_bins_0_1': [0, 0, 0, 1, 20, 47, 31, 16, 21, 24]}
2026-09-30 05:13:09,625 [RSIAT_adapter.py] => QKSR diagnostics task=2 epoch=21 gamma=0.40267032 gradients={} kernel={'min': 0.4589041769504547, 'mean': 0.7416369318962097, 'std': 0.15125702321529388, 'max': 0.9937824010848999, 'quantiles_05_25_50_75_95': [0.4938105344772339, 0.6173576712608337, 0.7579460740089417, 0.872403621673584, 0.9516587257385254], 'histogram_10_bins_0_1': [0, 0, 0, 0, 11, 26, 27, 30, 34, 32]}
2026-09-30 05:17:02,534 [RSIAT_adapter.py] => QKSR diagnostics task=2 epoch=22 gamma=0.40267032 gradients={} kernel={'min': 0.2616521120071411, 'mean': 0.679390549659729, 'std': 0.16974937915802002, 'max': 0.9634476900100708, 'quantiles_05_25_50_75_95': [0.38786032795906067, 0.5593467354774475, 0.7007333040237427, 0.8298825025558472, 0.92495197057724], 'histogram_10_bins_0_1': [0, 0, 2, 9, 15, 36, 18, 32, 33, 15]}
2026-09-30 05:20:54,384 [RSIAT_adapter.py] => QKSR diagnostics task=2 epoch=23 gamma=0.40267032 gradients={} kernel={'min': 0.4763690233230591, 'mean': 0.7467111945152283, 'std': 0.13099224865436554, 'max': 0.9568442106246948, 'quantiles_05_25_50_75_95': [0.514710545539856, 0.6442899107933044, 0.7670824527740479, 0.8566802740097046, 0.9313883781433105], 'histogram_10_bins_0_1': [0, 0, 0, 0, 7, 21, 29, 37, 46, 20]}
2026-09-30 05:24:46,300 [RSIAT_adapter.py] => QKSR diagnostics task=2 epoch=24 gamma=0.40267032 gradients={} kernel={'min': 0.3580327033996582, 'mean': 0.7077441215515137, 'std': 0.1635938584804535, 'max': 0.9761822819709778, 'quantiles_05_25_50_75_95': [0.4536791741847992, 0.572789192199707, 0.6800408959388733, 0.877752423286438, 0.9539051055908203], 'histogram_10_bins_0_1': [0, 0, 0, 2, 15, 31, 39, 17, 28, 28]}
2026-09-30 05:28:38,098 [RSIAT_adapter.py] => QKSR diagnostics task=2 epoch=25 gamma=0.40267032 gradients={} kernel={'min': 0.37602919340133667, 'mean': 0.690471351146698, 'std': 0.14711210131645203, 'max': 0.9884949922561646, 'quantiles_05_25_50_75_95': [0.47114747762680054, 0.5788671970367432, 0.658724308013916, 0.824757993221283, 0.92979496717453], 'histogram_10_bins_0_1': [0, 0, 0, 1, 13, 42, 31, 24, 33, 16]}
2026-09-30 05:32:29,840 [RSIAT_adapter.py] => QKSR diagnostics task=2 epoch=26 gamma=0.40267032 gradients={} kernel={'min': 0.44215744733810425, 'mean': 0.7586072683334351, 'std': 0.15582050383090973, 'max': 0.9753566980361938, 'quantiles_05_25_50_75_95': [0.502971351146698, 0.6193284392356873, 0.802133321762085, 0.8957046270370483, 0.9601272940635681], 'histogram_10_bins_0_1': [0, 0, 0, 0, 7, 25, 25, 23, 43, 37]}
2026-09-30 05:36:21,890 [RSIAT_adapter.py] => QKSR diagnostics task=2 epoch=27 gamma=0.40267032 gradients={} kernel={'min': 0.330331951379776, 'mean': 0.6833203434944153, 'std': 0.15763938426971436, 'max': 0.9812320470809937, 'quantiles_05_25_50_75_95': [0.3798234760761261, 0.6102115511894226, 0.6683708429336548, 0.7874436378479004, 0.9350353479385376], 'histogram_10_bins_0_1': [0, 0, 0, 10, 11, 17, 55, 29, 18, 20]}
2026-09-30 05:40:13,763 [RSIAT_adapter.py] => QKSR diagnostics task=2 epoch=28 gamma=0.40267032 gradients={} kernel={'min': 0.29030266404151917, 'mean': 0.7337894439697266, 'std': 0.1816028505563736, 'max': 0.995043158531189, 'quantiles_05_25_50_75_95': [0.32184991240501404, 0.6251693367958069, 0.7565407752990723, 0.8876347541809082, 0.9463745951652527], 'histogram_10_bins_0_1': [0, 0, 3, 12, 4, 13, 30, 28, 36, 34]}
2026-09-30 05:44:05,948 [RSIAT_adapter.py] => QKSR diagnostics task=2 epoch=29 gamma=0.40267032 gradients={} kernel={'min': 0.4717518389225006, 'mean': 0.7336656451225281, 'std': 0.14624515175819397, 'max': 0.9870052337646484, 'quantiles_05_25_50_75_95': [0.5043038129806519, 0.6048185229301453, 0.7354331016540527, 0.8565990328788757, 0.953921914100647], 'histogram_10_bins_0_1': [0, 0, 0, 0, 7, 32, 26, 38, 28, 29]}
2026-09-30 05:48:45,478 [RSIAT_adapter.py] => QKSR diagnostics task=2 epoch=30 gamma=0.40267032 gradients={} kernel={'min': 0.4575754404067993, 'mean': 0.7176117300987244, 'std': 0.13962219655513763, 'max': 0.9892248511314392, 'quantiles_05_25_50_75_95': [0.546406090259552, 0.6082245111465454, 0.6645921468734741, 0.8520225286483765, 0.955299437046051], 'histogram_10_bins_0_1': [0, 0, 0, 0, 2, 33, 55, 22, 21, 27]}
2026-09-30 05:48:45,479 [RSIAT_adapter.py] => Task 2, Epoch 30/30 => Loss 0.965, Loss_c 0.415, Losses_rt 0.550, Train_accy 91.66, Test_accy 96.13, Time 232.11s
2026-09-30 05:48:45,480 [RSIAT_adapter.py] => Task 2 peak GPU memory: 6253.83 MiB
2026-09-30 05:51:30,034 [base.py] => CA Task 2 => Loss 0.028, Test_accy skipped
2026-09-30 05:51:30,205 [base.py] => CA Task 2 => Loss 0.023, Test_accy skipped
2026-09-30 05:51:30,370 [base.py] => CA Task 2 => Loss 0.017, Test_accy skipped
2026-09-30 05:51:30,535 [base.py] => CA Task 2 => Loss 0.018, Test_accy skipped
2026-09-30 05:51:30,695 [base.py] => CA Task 2 => Loss 0.017, Test_accy skipped
2026-09-30 05:51:30,862 [base.py] => CA Task 2 => Loss 0.016, Test_accy skipped
2026-09-30 05:51:31,021 [base.py] => CA Task 2 => Loss 0.017, Test_accy skipped
2026-09-30 05:51:31,181 [base.py] => CA Task 2 => Loss 0.016, Test_accy skipped
2026-09-30 05:51:31,336 [base.py] => CA Task 2 => Loss 0.016, Test_accy skipped
2026-09-30 05:52:19,165 [base.py] => CA Task 2 => Loss 0.017, Test_accy 96.700
2026-09-30 05:53:06,265 [trainer.py] => CNN: {'total': 96.7, '00-09': 97.5, '10-19': 95.2, '20-29': 97.4, 'old': 96.35, 'new': 97.4}
2026-09-30 05:53:06,266 [trainer.py] => Continual metrics after task 2: BWT=-1.5500, forgetting=1.5500, task_acc=[97.5, 95.2, 97.4]
2026-09-30 05:53:12,632 [base.py] => Saved checkpoint: /content/drive/MyDrive/QKSR_runs/ckpt/qksr/cifar224/10_10/seed_1993/task_2.pkl
2026-09-30 05:53:12,641 [trainer.py] => Removed superseded checkpoint: /content/drive/MyDrive/QKSR_runs/ckpt/qksr/cifar224/10_10/seed_1993/task_1.pkl
2026-09-30 05:53:12,643 [trainer.py] => CNN top1 curve: [99.0, 97.5, 96.7]
2026-09-30 05:53:12,643 [trainer.py] => CNN top5 curve: [100.0, 99.65, 99.6]
2026-09-30 05:53:12,645 [trainer.py] => Average Accuracy (CNN): 97.73333333333333
2026-09-30 05:53:12,647 [trainer.py] => All params: 87011328
2026-09-30 05:53:12,648 [trainer.py] => Trainable params: 1212672
2026-09-30 05:53:12,649 [RSIAT_adapter.py] => Learning on 30-40
2026-09-30 05:53:12,826 [RSIAT_adapter.py] => QKSR calibration task=3 samples=512 indices=[4683, 114, 727, 4140, 230, 2412, 889, 1958, 2985, 3754, 154, 2007, 2993, 3892, 3669, 486, 3666, 2556, 2953, 810, 2868, 650, 3836, 2638, 866, 919, 4611, 2751, 1470, 1156, 1117, 392, 2222, 472, 1993, 4015, 2202, 649, 3397, 4105, 1685, 501, 435, 3886, 5, 4778, 2670, 4236, 348, 1280, 918, 3590, 1802, 2052, 3017, 1441, 1708, 1531, 4299, 321, 1803, 76, 1819, 4884, 2498, 4957, 1530, 717, 1005, 1020, 1654, 2895, 2178, 3194, 530, 63, 600, 2830, 3344, 613, 4906, 3281, 1434, 3428, 2701, 1326, 3516, 517, 329, 1783, 3290, 1780, 1010, 4809, 3027, 3514, 1808, 1083, 601, 2949, 2731, 3994, 12, 216, 1778, 2391, 4881, 850, 2262, 3492, 4165, 3361, 898, 1817, 2346, 2468, 2660, 3881, 359, 458, 634, 2720, 2362, 2410, 2268, 2935, 3737, 2422, 4932, 2093, 3875, 3269, 4653, 3437, 349, 2126, 4800, 3166, 383, 2573, 3692, 229, 2328, 4718, 697, 3328, 1758, 2956, 4143, 995, 4026, 4429, 3927, 2107, 1367, 2282, 4661, 3820, 2307, 2706, 682, 1097, 3915, 3573, 337, 4534, 2026, 1301, 888, 451, 4742, 3949, 567, 990, 457, 693, 4259, 2414, 2030, 1914, 474, 255, 4916, 1922, 3533, 44, 1590, 667, 97, 4380, 2227, 2714, 503, 2194, 2425, 3108, 111, 2208, 1308, 2735, 553, 4508, 738, 2563, 2497, 4067, 1437, 655, 2031, 614, 4343, 1325, 264, 4311, 2051, 816, 3556, 853, 2239, 262, 405, 4298, 4556, 4372, 2555, 2785, 4381, 875, 4120, 2038, 313, 444, 145, 3440, 3725, 2654, 610, 2652, 3596, 1153, 3189, 1336, 1549, 1041, 4930, 4741, 2465, 328, 2348, 892, 3736, 864, 2388, 736, 105, 1062, 3335, 3606, 3136, 1988, 4988, 1717, 4737, 4454, 4458, 2672, 1133, 3962, 588, 1716, 2102, 3797, 4202, 3655, 4946, 3904, 1009, 130, 1864, 4113, 3107, 4728, 4438, 3721, 117, 3021, 42, 3469, 3911, 4082, 3869, 3760, 4920, 541, 4002, 236, 3505, 1566, 3825, 2469, 1332, 2664, 98, 1287, 4516, 1478, 2969, 1793, 3845, 224, 2756, 669, 2628, 2853, 2739, 1422, 3983, 2579, 1963, 2986, 4785, 3071, 1185, 2933, 4307, 2811, 4064, 3901, 3603, 3000, 696, 3471, 2153, 1089, 1517, 4811, 1886, 2657, 4784, 4852, 617, 1450, 4918, 1420, 2431, 1692, 2466, 3569, 4563, 191, 1753, 638, 1144, 2224, 1569, 2317, 4717, 4408, 3431, 1545, 2493, 3608, 284, 4137, 1764, 2787, 2530, 2351, 3458, 3980, 3426, 4483, 689, 3684, 662, 1781, 2845, 2566, 4802, 4101, 2325, 607, 3140, 1815, 3706, 2514, 2987, 4445, 113, 3982, 3042, 3391, 3486, 2776, 4780, 2214, 3319, 4670, 2442, 1826, 1040, 4770, 3544, 2473, 3504, 4764, 1956, 4304, 1458, 4821, 2094, 189, 557, 1088, 926, 3285, 2004, 4517, 3757, 159, 3237, 570, 1330, 4616, 767, 3343, 268, 4853, 4624, 4116, 549, 3783, 1504, 1522, 3530, 1619, 3114, 625, 1962, 2408, 2880, 563, 572, 2155, 2298, 1519, 1107, 1380, 4644, 254, 4159, 3104, 1955, 1863, 4972, 3408, 3672, 908, 4938, 1999, 1105, 2339, 1447, 4654, 3079, 269, 2105, 1641, 3823, 3003, 1927, 3453, 3429, 266, 324, 3466, 1121, 203, 1398, 1063, 1459, 4564, 2181, 4755, 3219, 1445, 237, 4649, 775, 3879, 1635, 4803, 710, 2106, 490, 1712, 2311, 4801, 531, 876, 387, 1730, 2398, 1718, 1042, 1756, 4169, 2420, 3018, 3438, 3296, 4682]
2026-09-30 12:12:47,038 [trainer.py] => config: /content/qksr_cifar224.json
2026-09-30 12:12:47,511 [trainer.py] => prefix: qksr
2026-09-30 12:12:47,511 [trainer.py] => dataset: cifar224
2026-09-30 12:12:47,511 [trainer.py] => save_checkpoints: True
2026-09-30 12:12:47,511 [trainer.py] => resume: True
2026-09-30 12:12:47,512 [trainer.py] => isolate_runs: True
2026-09-30 12:12:47,512 [trainer.py] => keep_last_checkpoint: True
2026-09-30 12:12:47,512 [trainer.py] => compact_diagonal_checkpoint: False
2026-09-30 12:12:47,512 [trainer.py] => eval_interval: 0
2026-09-30 12:12:47,512 [trainer.py] => ca_eval_interval: 0
2026-09-30 12:12:47,512 [trainer.py] => num_workers: 2
2026-09-30 12:12:47,512 [trainer.py] => stats_num_workers: 2
2026-09-30 12:12:47,512 [trainer.py] => pin_memory: True
2026-09-30 12:12:47,513 [trainer.py] => persistent_workers: True
2026-09-30 12:12:47,513 [trainer.py] => val_ratio: 0.0
2026-09-30 12:12:47,513 [trainer.py] => shuffle: True
2026-09-30 12:12:47,513 [trainer.py] => ssca: True
2026-09-30 12:12:47,513 [trainer.py] => ca: True
2026-09-30 12:12:47,513 [trainer.py] => init_cls: 10
2026-09-30 12:12:47,513 [trainer.py] => increment: 10
2026-09-30 12:12:47,513 [trainer.py] => model_name: adapter
2026-09-30 12:12:47,513 [trainer.py] => convnet_type: pretrained_vit_b16_224_in21k_adapter
2026-09-30 12:12:47,513 [trainer.py] => device: [device(type='cuda', index=0)]
2026-09-30 12:12:47,514 [trainer.py] => seed: 1993
2026-09-30 12:12:47,514 [trainer.py] => init_epochs: 10
2026-09-30 12:12:47,514 [trainer.py] => warmup_epoch: 7
2026-09-30 12:12:47,514 [trainer.py] => inc_epochs: 30
2026-09-30 12:12:47,514 [trainer.py] => ca_epochs: 10
2026-09-30 12:12:47,514 [trainer.py] => init_lr: 0.018461273665041644
2026-09-30 12:12:47,514 [trainer.py] => batch_size: 64
2026-09-30 12:12:47,514 [trainer.py] => weight_decay: 0.0001714081878951529
2026-09-30 12:12:47,515 [trainer.py] => min_lr: 0
2026-09-30 12:12:47,515 [trainer.py] => ffn_num: 64
2026-09-30 12:12:47,515 [trainer.py] => optimizer: sgd
2026-09-30 12:12:47,515 [trainer.py] => scale: 40.0
2026-09-30 12:12:47,515 [trainer.py] => margin: 0.1
2026-09-30 12:12:47,515 [trainer.py] => alpha: 0.5
2026-09-30 12:12:47,515 [trainer.py] => rs_margin: 0.3
2026-09-30 12:12:47,515 [trainer.py] => lambda_rs: 0.2
2026-09-30 12:12:47,515 [trainer.py] => beta: 1.0
2026-09-30 12:12:47,516 [trainer.py] => gamma: 0.4
2026-09-30 12:12:47,516 [trainer.py] => ae_code_dims: 256
2026-09-30 12:12:47,516 [trainer.py] => ae_init_lr: 0.0005611742230603744
2026-09-30 12:12:47,516 [trainer.py] => ae_weight_decay: 0.0029339295871570244
2026-09-30 12:12:47,516 [trainer.py] => use_quantum_kernel_base: True
2026-09-30 12:12:47,516 [trainer.py] => use_quantum_kernel_inc: True
2026-09-30 12:12:47,516 [trainer.py] => q_kernel_type: pqk
2026-09-30 12:12:47,516 [trainer.py] => q_kernel_order: 1
2026-09-30 12:12:47,516 [trainer.py] => q_order2_weight: 1.0
2026-09-30 12:12:47,517 [trainer.py] => q_num_qubits: 8
2026-09-30 12:12:47,517 [trainer.py] => q_num_layers: 2
2026-09-30 12:12:47,517 [trainer.py] => q_reupload: False
2026-09-30 12:12:47,517 [trainer.py] => q_dtype: float32
2026-09-30 12:12:47,517 [trainer.py] => q_gamma_mode: bounded_learned
2026-09-30 12:12:47,517 [trainer.py] => q_calib_samples: 512
2026-09-30 12:12:47,517 [trainer.py] => q_init_seed: 1234
2026-09-30 12:12:47,517 [trainer.py] => q_metric_lr_mult: 0.1
2026-09-30 12:12:47,517 [trainer.py] => q_inc_train_mode: frozen
2026-09-30 12:12:47,518 [trainer.py] => inc_loss_mode: mean
2026-09-30 12:12:47,518 [trainer.py] => q_inc_pair: old_proj
2026-09-30 12:12:47,518 [trainer.py] => rs_margin_q: 0.5
2026-09-30 12:12:47,518 [trainer.py] => rs_margin_q_mode: fixed
2026-09-30 12:12:47,518 [trainer.py] => rs_margin_quantile: 0.9
2026-09-30 12:12:47,518 [trainer.py] => rs_margin_inc: 0.3
2026-09-30 12:12:47,518 [trainer.py] => output_root: /content/drive/MyDrive/QKSR_runs
2026-09-30 12:12:50,723 [data_manager.py] => [68, 56, 78, 8, 23, 84, 90, 65, 74, 76, 40, 89, 3, 92, 55, 9, 26, 80, 43, 38, 58, 70, 77, 1, 85, 19, 17, 50, 28, 53, 13, 81, 45, 82, 6, 59, 83, 16, 15, 44, 91, 41, 72, 60, 79, 52, 20, 10, 31, 54, 37, 95, 14, 71, 96, 98, 97, 2, 64, 66, 42, 22, 35, 86, 24, 34, 87, 21, 99, 0, 88, 27, 18, 94, 11, 12, 47, 25, 30, 46, 62, 69, 36, 61, 7, 63, 75, 5, 32, 4, 51, 48, 73, 93, 39, 67, 29, 49, 57, 33]
2026-09-30 12:12:54,096 [_builder.py] => Loading pretrained weights from Hugging Face hub (timm/vit_base_patch16_224.augreg_in21k)
2026-09-30 12:12:54,275 [_client.py] => HTTP Request: GET https://huggingface.co/api/agent-harnesses "HTTP/1.1 200 OK"
2026-09-30 12:12:54,370 [_client.py] => HTTP Request: HEAD https://huggingface.co/timm/vit_base_patch16_224.augreg_in21k/resolve/main/model.safetensors "HTTP/1.1 302 Found"
2026-09-30 12:12:54,518 [_client.py] => HTTP Request: GET https://huggingface.co/api/models/timm/vit_base_patch16_224.augreg_in21k/xet-read-token/bb70896cd6bffdd579c3d4f7284f39d0c4ab46c3 "HTTP/1.1 200 OK"
2026-09-30 12:12:57,357 [_hub.py] => [timm/vit_base_patch16_224.augreg_in21k] Safe alternative available for 'pytorch_model.bin' (as 'model.safetensors'). Loading weights using safetensors.
2026-09-30 12:12:57,813 [RSIAT_adapter.py] => QKSR parameter counts: {'projector': 6152, 'metric': 17, 'total': 6169, 'trainable': 6169}
2026-09-30 12:13:11,845 [base.py] => Loaded checkpoint /content/drive/MyDrive/QKSR_runs/ckpt/qksr/cifar224/10_10/seed_1993/task_2.pkl; completed task=2, known_classes=30, total_classes=30
2026-09-30 12:13:11,850 [trainer.py] => Resuming experiment from task 3
2026-09-30 12:13:11,852 [trainer.py] => All params: 87011328
2026-09-30 12:13:11,853 [trainer.py] => Trainable params: 1212672
2026-09-30 12:13:11,853 [RSIAT_adapter.py] => Learning on 30-40
2026-09-30 12:13:11,871 [RSIAT_adapter.py] => QKSR calibration task=3 samples=512 indices=[4683, 114, 727, 4140, 230, 2412, 889, 1958, 2985, 3754, 154, 2007, 2993, 3892, 3669, 486, 3666, 2556, 2953, 810, 2868, 650, 3836, 2638, 866, 919, 4611, 2751, 1470, 1156, 1117, 392, 2222, 472, 1993, 4015, 2202, 649, 3397, 4105, 1685, 501, 435, 3886, 5, 4778, 2670, 4236, 348, 1280, 918, 3590, 1802, 2052, 3017, 1441, 1708, 1531, 4299, 321, 1803, 76, 1819, 4884, 2498, 4957, 1530, 717, 1005, 1020, 1654, 2895, 2178, 3194, 530, 63, 600, 2830, 3344, 613, 4906, 3281, 1434, 3428, 2701, 1326, 3516, 517, 329, 1783, 3290, 1780, 1010, 4809, 3027, 3514, 1808, 1083, 601, 2949, 2731, 3994, 12, 216, 1778, 2391, 4881, 850, 2262, 3492, 4165, 3361, 898, 1817, 2346, 2468, 2660, 3881, 359, 458, 634, 2720, 2362, 2410, 2268, 2935, 3737, 2422, 4932, 2093, 3875, 3269, 4653, 3437, 349, 2126, 4800, 3166, 383, 2573, 3692, 229, 2328, 4718, 697, 3328, 1758, 2956, 4143, 995, 4026, 4429, 3927, 2107, 1367, 2282, 4661, 3820, 2307, 2706, 682, 1097, 3915, 3573, 337, 4534, 2026, 1301, 888, 451, 4742, 3949, 567, 990, 457, 693, 4259, 2414, 2030, 1914, 474, 255, 4916, 1922, 3533, 44, 1590, 667, 97, 4380, 2227, 2714, 503, 2194, 2425, 3108, 111, 2208, 1308, 2735, 553, 4508, 738, 2563, 2497, 4067, 1437, 655, 2031, 614, 4343, 1325, 264, 4311, 2051, 816, 3556, 853, 2239, 262, 405, 4298, 4556, 4372, 2555, 2785, 4381, 875, 4120, 2038, 313, 444, 145, 3440, 3725, 2654, 610, 2652, 3596, 1153, 3189, 1336, 1549, 1041, 4930, 4741, 2465, 328, 2348, 892, 3736, 864, 2388, 736, 105, 1062, 3335, 3606, 3136, 1988, 4988, 1717, 4737, 4454, 4458, 2672, 1133, 3962, 588, 1716, 2102, 3797, 4202, 3655, 4946, 3904, 1009, 130, 1864, 4113, 3107, 4728, 4438, 3721, 117, 3021, 42, 3469, 3911, 4082, 3869, 3760, 4920, 541, 4002, 236, 3505, 1566, 3825, 2469, 1332, 2664, 98, 1287, 4516, 1478, 2969, 1793, 3845, 224, 2756, 669, 2628, 2853, 2739, 1422, 3983, 2579, 1963, 2986, 4785, 3071, 1185, 2933, 4307, 2811, 4064, 3901, 3603, 3000, 696, 3471, 2153, 1089, 1517, 4811, 1886, 2657, 4784, 4852, 617, 1450, 4918, 1420, 2431, 1692, 2466, 3569, 4563, 191, 1753, 638, 1144, 2224, 1569, 2317, 4717, 4408, 3431, 1545, 2493, 3608, 284, 4137, 1764, 2787, 2530, 2351, 3458, 3980, 3426, 4483, 689, 3684, 662, 1781, 2845, 2566, 4802, 4101, 2325, 607, 3140, 1815, 3706, 2514, 2987, 4445, 113, 3982, 3042, 3391, 3486, 2776, 4780, 2214, 3319, 4670, 2442, 1826, 1040, 4770, 3544, 2473, 3504, 4764, 1956, 4304, 1458, 4821, 2094, 189, 557, 1088, 926, 3285, 2004, 4517, 3757, 159, 3237, 570, 1330, 4616, 767, 3343, 268, 4853, 4624, 4116, 549, 3783, 1504, 1522, 3530, 1619, 3114, 625, 1962, 2408, 2880, 563, 572, 2155, 2298, 1519, 1107, 1380, 4644, 254, 4159, 3104, 1955, 1863, 4972, 3408, 3672, 908, 4938, 1999, 1105, 2339, 1447, 4654, 3079, 269, 2105, 1641, 3823, 3003, 1927, 3453, 3429, 266, 324, 3466, 1121, 203, 1398, 1063, 1459, 4564, 2181, 4755, 3219, 1445, 237, 4649, 775, 3879, 1635, 4803, 710, 2106, 490, 1712, 2311, 4801, 531, 876, 387, 1730, 2398, 1718, 1042, 1756, 4169, 2420, 3018, 3438, 3296, 4682]
2026-09-30 12:14:09,686 [toolkit.py] => All params: 87151232
2026-09-30 12:14:09,687 [toolkit.py] => Trainable params: 1352576
2026-09-30 12:17:32,937 [RSIAT_adapter.py] => QKSR diagnostics task=3 epoch=1 gamma=0.40267032 gradients={} kernel={'min': 0.26464638113975525, 'mean': 0.6454750895500183, 'std': 0.17703202366828918, 'max': 0.9629470109939575, 'quantiles_05_25_50_75_95': [0.3447974622249603, 0.5083119869232178, 0.6808596849441528, 0.7900011539459229, 0.8733488321304321], 'histogram_10_bins_0_1': [0, 0, 3, 34, 22, 21, 55, 47, 52, 6]}
2026-09-30 12:21:07,090 [RSIAT_adapter.py] => QKSR diagnostics task=3 epoch=2 gamma=0.40267032 gradients={} kernel={'min': 0.3347729444503784, 'mean': 0.6689057350158691, 'std': 0.1640455275774002, 'max': 0.9706463813781738, 'quantiles_05_25_50_75_95': [0.4164242446422577, 0.5352796316146851, 0.6907812356948853, 0.8014363646507263, 0.9237741827964783], 'histogram_10_bins_0_1': [0, 0, 0, 6, 43, 43, 33, 54, 41, 20]}
2026-09-30 12:24:41,586 [RSIAT_adapter.py] => QKSR diagnostics task=3 epoch=3 gamma=0.40267032 gradients={} kernel={'min': 0.2818377614021301, 'mean': 0.6838656663894653, 'std': 0.18948893249034882, 'max': 0.9968947768211365, 'quantiles_05_25_50_75_95': [0.35037997364997864, 0.530502438545227, 0.6888335943222046, 0.8542073369026184, 0.9478639960289001], 'histogram_10_bins_0_1': [0, 0, 2, 16, 31, 37, 41, 24, 56, 33]}
2026-09-30 12:28:15,159 [RSIAT_adapter.py] => QKSR diagnostics task=3 epoch=4 gamma=0.40267032 gradients={} kernel={'min': 0.38659146428108215, 'mean': 0.7416369318962097, 'std': 0.13498595356941223, 'max': 0.974234402179718, 'quantiles_05_25_50_75_95': [0.4914347231388092, 0.6378186941146851, 0.7524962425231934, 0.85394287109375, 0.9355838298797607], 'histogram_10_bins_0_1': [0, 0, 0, 1, 14, 29, 39, 66, 62, 29]}
2026-09-30 12:31:49,729 [RSIAT_adapter.py] => QKSR diagnostics task=3 epoch=5 gamma=0.40267032 gradients={} kernel={'min': 0.29607993364334106, 'mean': 0.7053735852241516, 'std': 0.17968128621578217, 'max': 0.9749130010604858, 'quantiles_05_25_50_75_95': [0.3989326059818268, 0.5465713739395142, 0.7276713848114014, 0.8647190928459167, 0.946037232875824], 'histogram_10_bins_0_1': [0, 0, 2, 11, 31, 32, 31, 45, 46, 42]}
2026-09-30 12:35:24,497 [RSIAT_adapter.py] => QKSR diagnostics task=3 epoch=6 gamma=0.40267032 gradients={} kernel={'min': 0.30867379903793335, 'mean': 0.7325084805488586, 'std': 0.1556827872991562, 'max': 0.9950871467590332, 'quantiles_05_25_50_75_95': [0.5030572414398193, 0.6077985763549805, 0.7172254920005798, 0.8854680061340332, 0.9621894955635071], 'histogram_10_bins_0_1': [0, 0, 0, 5, 7, 43, 59, 33, 46, 47]}
2026-09-30 12:38:59,413 [RSIAT_adapter.py] => QKSR diagnostics task=3 epoch=7 gamma=0.40267032 gradients={} kernel={'min': 0.326229989528656, 'mean': 0.7203736901283264, 'std': 0.17423216998577118, 'max': 0.9898843765258789, 'quantiles_05_25_50_75_95': [0.4394646883010864, 0.5611518025398254, 0.7641933560371399, 0.8780133724212646, 0.9378023147583008], 'histogram_10_bins_0_1': [0, 0, 0, 6, 35, 31, 30, 40, 58, 40]}
2026-09-30 12:42:33,703 [RSIAT_adapter.py] => QKSR diagnostics task=3 epoch=8 gamma=0.40267032 gradients={} kernel={'min': 0.4809190332889557, 'mean': 0.7418242692947388, 'std': 0.13787996768951416, 'max': 0.9958299994468689, 'quantiles_05_25_50_75_95': [0.5141029953956604, 0.6369578242301941, 0.7342597246170044, 0.8664888143539429, 0.9453110694885254], 'histogram_10_bins_0_1': [0, 0, 0, 0, 9, 33, 60, 47, 50, 41]}
2026-09-30 12:46:07,651 [RSIAT_adapter.py] => QKSR diagnostics task=3 epoch=9 gamma=0.40267032 gradients={} kernel={'min': 0.312278151512146, 'mean': 0.6459267735481262, 'std': 0.16707463562488556, 'max': 0.9953192472457886, 'quantiles_05_25_50_75_95': [0.4240322709083557, 0.5290108323097229, 0.6119311451911926, 0.7213711738586426, 0.9693578481674194], 'histogram_10_bins_0_1': [0, 0, 0, 8, 33, 67, 64, 17, 20, 31]}
2026-09-30 12:49:41,793 [RSIAT_adapter.py] => QKSR diagnostics task=3 epoch=10 gamma=0.40267032 gradients={} kernel={'min': 0.3470228612422943, 'mean': 0.6269862651824951, 'std': 0.1382874995470047, 'max': 0.9851359724998474, 'quantiles_05_25_50_75_95': [0.4538101255893707, 0.5222809910774231, 0.5961519479751587, 0.6999312043190002, 0.8876875042915344], 'histogram_10_bins_0_1': [0, 0, 0, 3, 38, 81, 58, 20, 30, 10]}
2026-09-30 12:53:15,541 [RSIAT_adapter.py] => QKSR diagnostics task=3 epoch=11 gamma=0.40267032 gradients={} kernel={'min': 0.38270899653434753, 'mean': 0.7194623947143555, 'std': 0.1686328798532486, 'max': 0.992091715335846, 'quantiles_05_25_50_75_95': [0.460234135389328, 0.5658659934997559, 0.705364465713501, 0.876056432723999, 0.961029052734375], 'histogram_10_bins_0_1': [0, 0, 0, 2, 17, 53, 42, 36, 36, 54]}
2026-09-30 12:56:49,711 [RSIAT_adapter.py] => QKSR diagnostics task=3 epoch=12 gamma=0.40267032 gradients={} kernel={'min': 0.27730709314346313, 'mean': 0.7276811599731445, 'std': 0.1519947350025177, 'max': 0.991220235824585, 'quantiles_05_25_50_75_95': [0.4389900267124176, 0.6193974018096924, 0.7552608251571655, 0.8449427485466003, 0.9284971356391907], 'histogram_10_bins_0_1': [0, 0, 3, 5, 14, 24, 46, 51, 73, 24]}
2026-09-30 13:00:23,963 [RSIAT_adapter.py] => QKSR diagnostics task=3 epoch=13 gamma=0.40267032 gradients={} kernel={'min': 0.33591926097869873, 'mean': 0.6580387949943542, 'std': 0.1928337812423706, 'max': 0.9838477373123169, 'quantiles_05_25_50_75_95': [0.4174981117248535, 0.48038941621780396, 0.6123360395431519, 0.8455653190612793, 0.9562272429466248], 'histogram_10_bins_0_1': [0, 0, 0, 6, 70, 43, 20, 26, 31, 44]}
2026-09-30 13:03:58,056 [RSIAT_adapter.py] => QKSR diagnostics task=3 epoch=14 gamma=0.40267032 gradients={} kernel={'min': 0.3065750300884247, 'mean': 0.6868917346000671, 'std': 0.16027721762657166, 'max': 0.9795430302619934, 'quantiles_05_25_50_75_95': [0.45556649565696716, 0.5451197028160095, 0.6744407415390015, 0.8350679278373718, 0.9292510747909546], 'histogram_10_bins_0_1': [0, 0, 0, 3, 31, 47, 48, 35, 52, 24]}
2026-09-30 13:07:32,380 [RSIAT_adapter.py] => QKSR diagnostics task=3 epoch=15 gamma=0.40267032 gradients={} kernel={'min': 0.30851107835769653, 'mean': 0.668769121170044, 'std': 0.1568433940410614, 'max': 0.9568162560462952, 'quantiles_05_25_50_75_95': [0.3916643261909485, 0.549087405204773, 0.6750503778457642, 0.8030480146408081, 0.8945630192756653], 'histogram_10_bins_0_1': [0, 0, 0, 13, 24, 43, 54, 44, 53, 9]}
2026-09-30 13:11:06,743 [RSIAT_adapter.py] => QKSR diagnostics task=3 epoch=16 gamma=0.40267032 gradients={} kernel={'min': 0.26647284626960754, 'mean': 0.6805179715156555, 'std': 0.1598520576953888, 'max': 0.9684953689575195, 'quantiles_05_25_50_75_95': [0.3802782893180847, 0.5710363984107971, 0.6971898674964905, 0.8081222176551819, 0.9002346396446228], 'histogram_10_bins_0_1': [0, 0, 2, 17, 17, 32, 54, 51, 54, 13]}
2026-09-30 13:14:41,393 [RSIAT_adapter.py] => QKSR diagnostics task=3 epoch=17 gamma=0.40267032 gradients={} kernel={'min': 0.4111955463886261, 'mean': 0.7210671305656433, 'std': 0.1480807662010193, 'max': 0.9870017766952515, 'quantiles_05_25_50_75_95': [0.49364417791366577, 0.6028748154640198, 0.6929950714111328, 0.8554099798202515, 0.9577226638793945], 'histogram_10_bins_0_1': [0, 0, 0, 0, 14, 45, 62, 32, 57, 30]}
2026-09-30 13:18:15,943 [RSIAT_adapter.py] => QKSR diagnostics task=3 epoch=18 gamma=0.40267032 gradients={} kernel={'min': 0.4354144036769867, 'mean': 0.7213850021362305, 'std': 0.16167588531970978, 'max': 0.9870187044143677, 'quantiles_05_25_50_75_95': [0.4907209277153015, 0.582487940788269, 0.7073861956596375, 0.8739207983016968, 0.9690892696380615], 'histogram_10_bins_0_1': [0, 0, 0, 0, 18, 52, 48, 28, 47, 47]}
2026-09-30 13:21:50,512 [RSIAT_adapter.py] => QKSR diagnostics task=3 epoch=19 gamma=0.40267032 gradients={} kernel={'min': 0.46334031224250793, 'mean': 0.7556402087211609, 'std': 0.13813075423240662, 'max': 0.9753830432891846, 'quantiles_05_25_50_75_95': [0.5513548254966736, 0.6387183666229248, 0.7395738363265991, 0.8910260200500488, 0.9473684430122375], 'histogram_10_bins_0_1': [0, 0, 0, 0, 3, 37, 60, 41, 49, 50]}
2026-09-30 13:25:24,630 [RSIAT_adapter.py] => QKSR diagnostics task=3 epoch=20 gamma=0.40267032 gradients={} kernel={'min': 0.307242214679718, 'mean': 0.6688811182975769, 'std': 0.16391704976558685, 'max': 0.9892536997795105, 'quantiles_05_25_50_75_95': [0.4170789122581482, 0.5317244529724121, 0.6706081628799438, 0.7975281476974487, 0.9425401091575623], 'histogram_10_bins_0_1': [0, 0, 0, 7, 37, 47, 47, 45, 32, 25]}
2026-09-30 13:28:58,595 [RSIAT_adapter.py] => QKSR diagnostics task=3 epoch=21 gamma=0.40267032 gradients={} kernel={'min': 0.2274044007062912, 'mean': 0.6366354823112488, 'std': 0.18422797322273254, 'max': 0.9813840985298157, 'quantiles_05_25_50_75_95': [0.3426661789417267, 0.49021756649017334, 0.6236885786056519, 0.792216420173645, 0.9356449842453003], 'histogram_10_bins_0_1': [0, 0, 5, 13, 48, 41, 57, 19, 32, 25]}
2026-09-30 13:32:32,757 [RSIAT_adapter.py] => QKSR diagnostics task=3 epoch=22 gamma=0.40267032 gradients={} kernel={'min': 0.35579022765159607, 'mean': 0.7004421353340149, 'std': 0.18369214236736298, 'max': 0.9751263856887817, 'quantiles_05_25_50_75_95': [0.41064926981925964, 0.5289318561553955, 0.7436069250106812, 0.8626968264579773, 0.9409221410751343], 'histogram_10_bins_0_1': [0, 0, 0, 8, 43, 34, 21, 35, 62, 37]}
2026-09-30 13:36:06,561 [RSIAT_adapter.py] => QKSR diagnostics task=3 epoch=23 gamma=0.40267032 gradients={} kernel={'min': 0.3342229127883911, 'mean': 0.6858824491500854, 'std': 0.1596737504005432, 'max': 0.9903751015663147, 'quantiles_05_25_50_75_95': [0.4121500551700592, 0.5811411142349243, 0.689530611038208, 0.8108329176902771, 0.9222471117973328], 'histogram_10_bins_0_1': [0, 0, 0, 10, 32, 28, 56, 46, 50, 18]}
2026-09-30 13:39:41,702 [RSIAT_adapter.py] => QKSR diagnostics task=3 epoch=24 gamma=0.40267032 gradients={} kernel={'min': 0.3854611814022064, 'mean': 0.7143591642379761, 'std': 0.14643755555152893, 'max': 0.9834118485450745, 'quantiles_05_25_50_75_95': [0.4982660412788391, 0.6022586822509766, 0.7058658599853516, 0.84581458568573, 0.9325907230377197], 'histogram_10_bins_0_1': [0, 0, 0, 2, 11, 47, 59, 43, 44, 34]}
2026-09-30 13:43:15,747 [RSIAT_adapter.py] => QKSR diagnostics task=3 epoch=25 gamma=0.40267032 gradients={} kernel={'min': 0.3876093626022339, 'mean': 0.7488600611686707, 'std': 0.14086869359016418, 'max': 0.9791185259819031, 'quantiles_05_25_50_75_95': [0.5027778744697571, 0.6470213532447815, 0.7538648843765259, 0.8730800151824951, 0.9547527432441711], 'histogram_10_bins_0_1': [0, 0, 0, 1, 11, 25, 58, 58, 40, 47]}
2026-09-30 13:46:50,855 [RSIAT_adapter.py] => QKSR diagnostics task=3 epoch=26 gamma=0.40267032 gradients={} kernel={'min': 0.3081197142601013, 'mean': 0.7148616909980774, 'std': 0.16993315517902374, 'max': 0.9882683753967285, 'quantiles_05_25_50_75_95': [0.43004003167152405, 0.5840741395950317, 0.7521336078643799, 0.861107349395752, 0.9442417621612549], 'histogram_10_bins_0_1': [0, 0, 0, 8, 28, 32, 34, 44, 60, 34]}
2026-09-30 13:50:24,456 [RSIAT_adapter.py] => QKSR diagnostics task=3 epoch=27 gamma=0.40267032 gradients={} kernel={'min': 0.28325289487838745, 'mean': 0.6778431534767151, 'std': 0.16316789388656616, 'max': 0.9760770201683044, 'quantiles_05_25_50_75_95': [0.40699151158332825, 0.5504671335220337, 0.6933499574661255, 0.8048714995384216, 0.9333881139755249], 'histogram_10_bins_0_1': [0, 0, 1, 10, 29, 40, 46, 53, 43, 18]}
2026-09-30 13:53:58,032 [RSIAT_adapter.py] => QKSR diagnostics task=3 epoch=28 gamma=0.40267032 gradients={} kernel={'min': 0.31179699301719666, 'mean': 0.6801266670227051, 'std': 0.1612577736377716, 'max': 0.9702829718589783, 'quantiles_05_25_50_75_95': [0.4273768365383148, 0.5451780557632446, 0.6714752912521362, 0.8273521065711975, 0.9254525899887085], 'histogram_10_bins_0_1': [0, 0, 0, 8, 27, 55, 44, 36, 45, 25]}
2026-09-30 13:57:32,492 [RSIAT_adapter.py] => QKSR diagnostics task=3 epoch=29 gamma=0.40267032 gradients={} kernel={'min': 0.3854978084564209, 'mean': 0.6955817341804504, 'std': 0.1254570335149765, 'max': 0.9774466753005981, 'quantiles_05_25_50_75_95': [0.5170162320137024, 0.5997033715248108, 0.6834655404090881, 0.7883483171463013, 0.9143964052200317], 'histogram_10_bins_0_1': [0, 0, 0, 1, 7, 53, 69, 56, 37, 17]}
2026-09-30 14:02:04,760 [RSIAT_adapter.py] => QKSR diagnostics task=3 epoch=30 gamma=0.40267032 gradients={} kernel={'min': 0.44693875312805176, 'mean': 0.7293170094490051, 'std': 0.12911765277385712, 'max': 0.9889435172080994, 'quantiles_05_25_50_75_95': [0.5280241370201111, 0.6317682266235352, 0.7198752164840698, 0.8266055583953857, 0.937682032585144], 'histogram_10_bins_0_1': [0, 0, 0, 0, 6, 34, 66, 60, 44, 30]}
2026-09-30 14:02:04,761 [RSIAT_adapter.py] => Task 3, Epoch 30/30 => Loss 1.182, Loss_c 0.637, Losses_rt 0.545, Train_accy 79.28, Test_accy 94.42, Time 213.94s
2026-09-30 14:02:04,762 [RSIAT_adapter.py] => Task 3 peak GPU memory: 6253.64 MiB
2026-09-30 14:04:39,770 [base.py] => CA Task 3 => Loss 0.040, Test_accy skipped
2026-09-30 14:04:40,006 [base.py] => CA Task 3 => Loss 0.032, Test_accy skipped
2026-09-30 14:04:40,297 [base.py] => CA Task 3 => Loss 0.027, Test_accy skipped
2026-09-30 14:04:40,563 [base.py] => CA Task 3 => Loss 0.027, Test_accy skipped
2026-09-30 14:04:40,823 [base.py] => CA Task 3 => Loss 0.024, Test_accy skipped
2026-09-30 14:04:41,080 [base.py] => CA Task 3 => Loss 0.026, Test_accy skipped
2026-09-30 14:04:41,369 [base.py] => CA Task 3 => Loss 0.025, Test_accy skipped
2026-09-30 14:04:41,647 [base.py] => CA Task 3 => Loss 0.027, Test_accy skipped
2026-09-30 14:04:41,910 [base.py] => CA Task 3 => Loss 0.026, Test_accy skipped
2026-09-30 14:05:40,770 [base.py] => CA Task 3 => Loss 0.028, Test_accy 96.020
2026-09-30 14:06:38,904 [trainer.py] => CNN: {'total': 96.02, '00-09': 96.7, '10-19': 94.7, '20-29': 97.3, '30-39': 95.4, 'old': 96.23, 'new': 95.4}
2026-09-30 14:06:38,905 [trainer.py] => Continual metrics after task 3: BWT=-1.5000, forgetting=1.5000, task_acc=[96.7, 94.7, 97.3, 95.4]
2026-09-30 14:06:40,783 [base.py] => Saved checkpoint: /content/drive/MyDrive/QKSR_runs/ckpt/qksr/cifar224/10_10/seed_1993/task_3.pkl
2026-09-30 14:06:40,850 [trainer.py] => Removed superseded checkpoint: /content/drive/MyDrive/QKSR_runs/ckpt/qksr/cifar224/10_10/seed_1993/task_2.pkl
2026-09-30 14:06:40,850 [trainer.py] => CNN top1 curve: [99.0, 97.5, 96.7, 96.02]
2026-09-30 14:06:40,851 [trainer.py] => CNN top5 curve: [100.0, 99.65, 99.6, 99.58]
2026-09-30 14:06:40,851 [trainer.py] => Average Accuracy (CNN): 97.305
2026-09-30 14:06:40,852 [trainer.py] => All params: 87019008
2026-09-30 14:06:40,855 [trainer.py] => Trainable params: 1220352
2026-09-30 14:06:40,857 [RSIAT_adapter.py] => Learning on 40-50
2026-09-30 14:06:41,029 [RSIAT_adapter.py] => QKSR calibration task=4 samples=512 indices=[4820, 2873, 3507, 3595, 3338, 1620, 2500, 3992, 2627, 925, 4185, 2721, 2893, 3521, 2680, 2114, 2208, 4085, 1323, 4574, 586, 961, 4610, 94, 615, 3428, 3172, 3254, 1959, 2099, 1334, 4321, 595, 2544, 2817, 3711, 1049, 4652, 2440, 2142, 638, 3440, 1162, 4191, 986, 997, 1233, 4991, 3467, 1651, 2048, 4215, 1574, 608, 4271, 4547, 983, 4964, 4691, 2411, 3938, 477, 3852, 2791, 3897, 3173, 4439, 1912, 2781, 1345, 938, 1667, 407, 1880, 4012, 1169, 4919, 4575, 2474, 3808, 3334, 1531, 916, 3696, 757, 1189, 3972, 2273, 3893, 2988, 120, 2659, 2175, 4263, 3449, 1072, 1138, 3878, 2644, 2991, 1744, 4021, 1938, 4130, 1826, 1884, 2228, 1543, 4472, 1265, 3680, 1377, 4148, 4880, 1340, 1616, 2162, 2597, 753, 1936, 3868, 1391, 2105, 904, 578, 1872, 1408, 4228, 3765, 1319, 1329, 699, 1180, 4861, 771, 1347, 1548, 1921, 1919, 3815, 2364, 2365, 834, 1249, 3961, 3908, 4745, 1829, 744, 3306, 2253, 4967, 3885, 1572, 1524, 156, 4178, 4491, 2690, 1995, 2773, 4231, 2759, 2447, 819, 4675, 4020, 324, 2141, 3234, 1644, 3617, 1110, 4895, 4760, 218, 272, 3794, 261, 3432, 1617, 113, 3648, 434, 4700, 382, 3554, 1720, 3628, 2106, 1210, 2262, 2052, 2218, 1784, 10, 1724, 1971, 670, 1453, 2564, 130, 3096, 2744, 940, 5, 3152, 1124, 3709, 557, 2768, 1321, 4462, 1382, 536, 2456, 494, 204, 758, 4083, 4274, 4194, 3536, 309, 4295, 4182, 3514, 2896, 2852, 1430, 3740, 165, 225, 2895, 2708, 2358, 4318, 607, 682, 424, 3891, 2396, 585, 863, 1585, 3588, 2089, 3828, 1922, 1316, 1269, 2462, 2476, 1240, 807, 1182, 476, 3430, 1310, 1093, 4636, 3276, 243, 970, 2284, 1034, 1629, 1402, 151, 1754, 4013, 4293, 2093, 570, 4484, 2484, 3915, 544, 480, 4511, 4891, 4283, 1627, 2457, 933, 4681, 737, 3367, 1308, 628, 3010, 2126, 3039, 617, 4554, 4131, 2271, 1786, 4216, 2333, 4731, 4630, 1513, 1080, 3081, 4583, 4940, 2138, 1519, 2729, 762, 2758, 2532, 725, 3874, 4937, 4514, 2584, 546, 1877, 1855, 1680, 3348, 1603, 3778, 1126, 704, 2326, 1981, 2372, 2265, 2914, 3730, 491, 4560, 2513, 1394, 36, 4639, 3883, 2108, 2487, 3437, 3176, 67, 4333, 4594, 4394, 4581, 3533, 3405, 1379, 4974, 3161, 4740, 2601, 3271, 4369, 4589, 2257, 335, 110, 95, 596, 2716, 1202, 2015, 3780, 1226, 2172, 2311, 2001, 4183, 1838, 2508, 136, 3421, 636, 475, 1839, 2992, 2437, 3149, 843, 633, 1847, 907, 2959, 882, 4501, 924, 1050, 1602, 321, 3075, 4930, 2728, 826, 3094, 4934, 1879, 3795, 985, 107, 4851, 3215, 1196, 129, 664, 169, 1215, 1386, 4123, 1942, 3702, 3498, 1254, 1177, 4365, 2774, 359, 4348, 3062, 3308, 1974, 4602, 1693, 3264, 3414, 3877, 4370, 1739, 4588, 1360, 3626, 4428, 592, 4015, 558, 3029, 330, 4235, 2185, 3261, 4998, 858, 4657, 2408, 1259, 1729, 785, 4941, 3504, 2635, 3662, 518, 1969, 2590, 1130, 4401, 2877, 4772, 4535, 2770, 1561, 2493, 1789, 1812, 2521, 635, 552, 4852, 1118, 4506, 3061, 349, 2480, 3106, 2237, 1702, 969, 3460, 3777, 612, 1672, 1330, 4757, 3499, 1897, 39, 4421, 680, 4095, 2452, 4579, 2073, 4061, 3356, 3138, 868, 1649, 4450, 2010, 4783, 1209, 383, 563, 1327, 3110, 3673, 4722, 82]
2026-09-30 14:07:54,081 [toolkit.py] => All params: 87158912
2026-09-30 14:07:54,082 [toolkit.py] => Trainable params: 1360256
2026-09-30 14:08:57,369 [trainer.py] => config: /content/qksr_cifar224.json
2026-09-30 14:08:57,371 [trainer.py] => prefix: qksr
2026-09-30 14:08:57,371 [trainer.py] => dataset: cifar224
2026-09-30 14:08:57,371 [trainer.py] => save_checkpoints: True
2026-09-30 14:08:57,371 [trainer.py] => resume: True
2026-09-30 14:08:57,371 [trainer.py] => isolate_runs: True
2026-09-30 14:08:57,372 [trainer.py] => keep_last_checkpoint: True
2026-09-30 14:08:57,372 [trainer.py] => compact_diagonal_checkpoint: False
2026-09-30 14:08:57,372 [trainer.py] => eval_interval: 0
2026-09-30 14:08:57,372 [trainer.py] => ca_eval_interval: 0
2026-09-30 14:08:57,372 [trainer.py] => num_workers: 2
2026-09-30 14:08:57,372 [trainer.py] => stats_num_workers: 2
2026-09-30 14:08:57,372 [trainer.py] => pin_memory: True
2026-09-30 14:08:57,373 [trainer.py] => persistent_workers: True
2026-09-30 14:08:57,373 [trainer.py] => val_ratio: 0.0
2026-09-30 14:08:57,373 [trainer.py] => shuffle: True
2026-09-30 14:08:57,373 [trainer.py] => ssca: True
2026-09-30 14:08:57,373 [trainer.py] => ca: True
2026-09-30 14:08:57,373 [trainer.py] => init_cls: 10
2026-09-30 14:08:57,373 [trainer.py] => increment: 10
2026-09-30 14:08:57,374 [trainer.py] => model_name: adapter
2026-09-30 14:08:57,374 [trainer.py] => convnet_type: pretrained_vit_b16_224_in21k_adapter
2026-09-30 14:08:57,374 [trainer.py] => device: [device(type='cuda', index=0)]
2026-09-30 14:08:57,374 [trainer.py] => seed: 1993
2026-09-30 14:08:57,375 [trainer.py] => init_epochs: 10
2026-09-30 14:08:57,375 [trainer.py] => warmup_epoch: 7
2026-09-30 14:08:57,375 [trainer.py] => inc_epochs: 30
2026-09-30 14:08:57,375 [trainer.py] => ca_epochs: 10
2026-09-30 14:08:57,375 [trainer.py] => init_lr: 0.018461273665041644
2026-09-30 14:08:57,375 [trainer.py] => batch_size: 64
2026-09-30 14:08:57,376 [trainer.py] => weight_decay: 0.0001714081878951529
2026-09-30 14:08:57,376 [trainer.py] => min_lr: 0
2026-09-30 14:08:57,376 [trainer.py] => ffn_num: 64
2026-09-30 14:08:57,376 [trainer.py] => optimizer: sgd
2026-09-30 14:08:57,376 [trainer.py] => scale: 40.0
2026-09-30 14:08:57,376 [trainer.py] => margin: 0.1
2026-09-30 14:08:57,376 [trainer.py] => alpha: 0.5
2026-09-30 14:08:57,377 [trainer.py] => rs_margin: 0.3
2026-09-30 14:08:57,377 [trainer.py] => lambda_rs: 0.2
2026-09-30 14:08:57,377 [trainer.py] => beta: 1.0
2026-09-30 14:08:57,377 [trainer.py] => gamma: 0.4
2026-09-30 14:08:57,377 [trainer.py] => ae_code_dims: 256
2026-09-30 14:08:57,377 [trainer.py] => ae_init_lr: 0.0005611742230603744
2026-09-30 14:08:57,377 [trainer.py] => ae_weight_decay: 0.0029339295871570244
2026-09-30 14:08:57,378 [trainer.py] => use_quantum_kernel_base: True
2026-09-30 14:08:57,378 [trainer.py] => use_quantum_kernel_inc: True
2026-09-30 14:08:57,378 [trainer.py] => q_kernel_type: pqk
2026-09-30 14:08:57,378 [trainer.py] => q_kernel_order: 1
2026-09-30 14:08:57,378 [trainer.py] => q_order2_weight: 1.0
2026-09-30 14:08:57,378 [trainer.py] => q_num_qubits: 8
2026-09-30 14:08:57,378 [trainer.py] => q_num_layers: 2
2026-09-30 14:08:57,379 [trainer.py] => q_reupload: False
2026-09-30 14:08:57,379 [trainer.py] => q_dtype: float32
2026-09-30 14:08:57,379 [trainer.py] => q_gamma_mode: bounded_learned
2026-09-30 14:08:57,379 [trainer.py] => q_calib_samples: 512
2026-09-30 14:08:57,379 [trainer.py] => q_init_seed: 1234
2026-09-30 14:08:57,379 [trainer.py] => q_metric_lr_mult: 0.1
2026-09-30 14:08:57,379 [trainer.py] => q_inc_train_mode: frozen
2026-09-30 14:08:57,380 [trainer.py] => inc_loss_mode: mean
2026-09-30 14:08:57,380 [trainer.py] => q_inc_pair: old_proj
2026-09-30 14:08:57,380 [trainer.py] => rs_margin_q: 0.5
2026-09-30 14:08:57,380 [trainer.py] => rs_margin_q_mode: fixed
2026-09-30 14:08:57,380 [trainer.py] => rs_margin_quantile: 0.9
2026-09-30 14:08:57,380 [trainer.py] => rs_margin_inc: 0.3
2026-09-30 14:08:57,380 [trainer.py] => output_root: /content/drive/MyDrive/QKSR_runs
2026-09-30 14:09:00,189 [data_manager.py] => [68, 56, 78, 8, 23, 84, 90, 65, 74, 76, 40, 89, 3, 92, 55, 9, 26, 80, 43, 38, 58, 70, 77, 1, 85, 19, 17, 50, 28, 53, 13, 81, 45, 82, 6, 59, 83, 16, 15, 44, 91, 41, 72, 60, 79, 52, 20, 10, 31, 54, 37, 95, 14, 71, 96, 98, 97, 2, 64, 66, 42, 22, 35, 86, 24, 34, 87, 21, 99, 0, 88, 27, 18, 94, 11, 12, 47, 25, 30, 46, 62, 69, 36, 61, 7, 63, 75, 5, 32, 4, 51, 48, 73, 93, 39, 67, 29, 49, 57, 33]
2026-09-30 14:09:03,574 [_builder.py] => Loading pretrained weights from Hugging Face hub (timm/vit_base_patch16_224.augreg_in21k)
2026-09-30 14:09:03,748 [_client.py] => HTTP Request: HEAD https://huggingface.co/timm/vit_base_patch16_224.augreg_in21k/resolve/main/model.safetensors "HTTP/1.1 302 Found"
2026-09-30 14:09:03,751 [_hub.py] => [timm/vit_base_patch16_224.augreg_in21k] Safe alternative available for 'pytorch_model.bin' (as 'model.safetensors'). Loading weights using safetensors.
2026-09-30 14:09:04,205 [RSIAT_adapter.py] => QKSR parameter counts: {'projector': 6152, 'metric': 17, 'total': 6169, 'trainable': 6169}
2026-09-30 14:09:05,388 [base.py] => Loaded checkpoint /content/drive/MyDrive/QKSR_runs/ckpt/qksr/cifar224/10_10/seed_1993/task_3.pkl; completed task=3, known_classes=40, total_classes=40
2026-09-30 14:09:05,400 [trainer.py] => Resuming experiment from task 4
2026-09-30 14:09:05,402 [trainer.py] => All params: 87019008
2026-09-30 14:09:05,403 [trainer.py] => Trainable params: 1220352
2026-09-30 14:09:05,404 [RSIAT_adapter.py] => Learning on 40-50
2026-09-30 14:09:05,425 [RSIAT_adapter.py] => QKSR calibration task=4 samples=512 indices=[4820, 2873, 3507, 3595, 3338, 1620, 2500, 3992, 2627, 925, 4185, 2721, 2893, 3521, 2680, 2114, 2208, 4085, 1323, 4574, 586, 961, 4610, 94, 615, 3428, 3172, 3254, 1959, 2099, 1334, 4321, 595, 2544, 2817, 3711, 1049, 4652, 2440, 2142, 638, 3440, 1162, 4191, 986, 997, 1233, 4991, 3467, 1651, 2048, 4215, 1574, 608, 4271, 4547, 983, 4964, 4691, 2411, 3938, 477, 3852, 2791, 3897, 3173, 4439, 1912, 2781, 1345, 938, 1667, 407, 1880, 4012, 1169, 4919, 4575, 2474, 3808, 3334, 1531, 916, 3696, 757, 1189, 3972, 2273, 3893, 2988, 120, 2659, 2175, 4263, 3449, 1072, 1138, 3878, 2644, 2991, 1744, 4021, 1938, 4130, 1826, 1884, 2228, 1543, 4472, 1265, 3680, 1377, 4148, 4880, 1340, 1616, 2162, 2597, 753, 1936, 3868, 1391, 2105, 904, 578, 1872, 1408, 4228, 3765, 1319, 1329, 699, 1180, 4861, 771, 1347, 1548, 1921, 1919, 3815, 2364, 2365, 834, 1249, 3961, 3908, 4745, 1829, 744, 3306, 2253, 4967, 3885, 1572, 1524, 156, 4178, 4491, 2690, 1995, 2773, 4231, 2759, 2447, 819, 4675, 4020, 324, 2141, 3234, 1644, 3617, 1110, 4895, 4760, 218, 272, 3794, 261, 3432, 1617, 113, 3648, 434, 4700, 382, 3554, 1720, 3628, 2106, 1210, 2262, 2052, 2218, 1784, 10, 1724, 1971, 670, 1453, 2564, 130, 3096, 2744, 940, 5, 3152, 1124, 3709, 557, 2768, 1321, 4462, 1382, 536, 2456, 494, 204, 758, 4083, 4274, 4194, 3536, 309, 4295, 4182, 3514, 2896, 2852, 1430, 3740, 165, 225, 2895, 2708, 2358, 4318, 607, 682, 424, 3891, 2396, 585, 863, 1585, 3588, 2089, 3828, 1922, 1316, 1269, 2462, 2476, 1240, 807, 1182, 476, 3430, 1310, 1093, 4636, 3276, 243, 970, 2284, 1034, 1629, 1402, 151, 1754, 4013, 4293, 2093, 570, 4484, 2484, 3915, 544, 480, 4511, 4891, 4283, 1627, 2457, 933, 4681, 737, 3367, 1308, 628, 3010, 2126, 3039, 617, 4554, 4131, 2271, 1786, 4216, 2333, 4731, 4630, 1513, 1080, 3081, 4583, 4940, 2138, 1519, 2729, 762, 2758, 2532, 725, 3874, 4937, 4514, 2584, 546, 1877, 1855, 1680, 3348, 1603, 3778, 1126, 704, 2326, 1981, 2372, 2265, 2914, 3730, 491, 4560, 2513, 1394, 36, 4639, 3883, 2108, 2487, 3437, 3176, 67, 4333, 4594, 4394, 4581, 3533, 3405, 1379, 4974, 3161, 4740, 2601, 3271, 4369, 4589, 2257, 335, 110, 95, 596, 2716, 1202, 2015, 3780, 1226, 2172, 2311, 2001, 4183, 1838, 2508, 136, 3421, 636, 475, 1839, 2992, 2437, 3149, 843, 633, 1847, 907, 2959, 882, 4501, 924, 1050, 1602, 321, 3075, 4930, 2728, 826, 3094, 4934, 1879, 3795, 985, 107, 4851, 3215, 1196, 129, 664, 169, 1215, 1386, 4123, 1942, 3702, 3498, 1254, 1177, 4365, 2774, 359, 4348, 3062, 3308, 1974, 4602, 1693, 3264, 3414, 3877, 4370, 1739, 4588, 1360, 3626, 4428, 592, 4015, 558, 3029, 330, 4235, 2185, 3261, 4998, 858, 4657, 2408, 1259, 1729, 785, 4941, 3504, 2635, 3662, 518, 1969, 2590, 1130, 4401, 2877, 4772, 4535, 2770, 1561, 2493, 1789, 1812, 2521, 635, 552, 4852, 1118, 4506, 3061, 349, 2480, 3106, 2237, 1702, 969, 3460, 3777, 612, 1672, 1330, 4757, 3499, 1897, 39, 4421, 680, 4095, 2452, 4579, 2073, 4061, 3356, 3138, 868, 1649, 4450, 2010, 4783, 1209, 383, 563, 1327, 3110, 3673, 4722, 82]
2026-09-30 14:10:20,308 [toolkit.py] => All params: 87158912
2026-09-30 14:10:20,309 [toolkit.py] => Trainable params: 1360256
2026-09-30 14:13:54,003 [RSIAT_adapter.py] => QKSR diagnostics task=4 epoch=1 gamma=0.40267032 gradients={} kernel={'min': 0.41627979278564453, 'mean': 0.7064236998558044, 'std': 0.16469517350196838, 'max': 0.9948402047157288, 'quantiles_05_25_50_75_95': [0.48643022775650024, 0.5664177536964417, 0.6708487272262573, 0.8740217685699463, 0.9672688841819763], 'histogram_10_bins_0_1': [0, 0, 0, 0, 25, 86, 62, 36, 55, 56]}
2026-09-30 14:17:28,637 [RSIAT_adapter.py] => QKSR diagnostics task=4 epoch=2 gamma=0.40267032 gradients={} kernel={'min': 0.37972837686538696, 'mean': 0.7451777458190918, 'std': 0.15527647733688354, 'max': 0.98960942029953, 'quantiles_05_25_50_75_95': [0.4857121407985687, 0.6109133362770081, 0.7665324211120605, 0.8839729428291321, 0.9548341631889343], 'histogram_10_bins_0_1': [0, 0, 0, 2, 18, 54, 49, 59, 74, 64]}
2026-09-30 14:21:03,242 [RSIAT_adapter.py] => QKSR diagnostics task=4 epoch=3 gamma=0.40267032 gradients={} kernel={'min': 0.2806853652000427, 'mean': 0.7170988917350769, 'std': 0.15443037450313568, 'max': 0.9881250262260437, 'quantiles_05_25_50_75_95': [0.4786081314086914, 0.604759693145752, 0.7139544486999512, 0.8562091588973999, 0.9493618607521057], 'histogram_10_bins_0_1': [0, 0, 1, 5, 19, 50, 74, 62, 54, 55]}
2026-09-30 14:24:36,888 [RSIAT_adapter.py] => QKSR diagnostics task=4 epoch=4 gamma=0.40267032 gradients={} kernel={'min': 0.3878057301044464, 'mean': 0.7186194658279419, 'std': 0.16309361159801483, 'max': 0.9847021102905273, 'quantiles_05_25_50_75_95': [0.48791465163230896, 0.572630763053894, 0.7005289793014526, 0.8799318075180054, 0.9564553499221802], 'histogram_10_bins_0_1': [0, 0, 0, 1, 25, 71, 63, 36, 63, 61]}
2026-09-30 14:28:10,681 [RSIAT_adapter.py] => QKSR diagnostics task=4 epoch=5 gamma=0.40267032 gradients={} kernel={'min': 0.42029446363449097, 'mean': 0.7183694243431091, 'std': 0.13701139390468597, 'max': 0.9924752712249756, 'quantiles_05_25_50_75_95': [0.5003997683525085, 0.6004721522331238, 0.7229734659194946, 0.8237353563308716, 0.9300279021263123], 'histogram_10_bins_0_1': [0, 0, 0, 0, 16, 64, 65, 77, 57, 41]}
2026-09-30 14:31:44,158 [RSIAT_adapter.py] => QKSR diagnostics task=4 epoch=6 gamma=0.40267032 gradients={} kernel={'min': 0.35630035400390625, 'mean': 0.6558821201324463, 'std': 0.15792642533779144, 'max': 0.9937795996665955, 'quantiles_05_25_50_75_95': [0.4352501928806305, 0.5408926010131836, 0.6131782531738281, 0.7643712759017944, 0.9698849320411682], 'histogram_10_bins_0_1': [0, 0, 0, 7, 35, 99, 71, 44, 30, 34]}
2026-09-30 14:35:18,586 [RSIAT_adapter.py] => QKSR diagnostics task=4 epoch=7 gamma=0.40267032 gradients={} kernel={'min': 0.375202476978302, 'mean': 0.7100054621696472, 'std': 0.1613338589668274, 'max': 0.9851295351982117, 'quantiles_05_25_50_75_95': [0.4599708914756775, 0.5589656829833984, 0.7254552841186523, 0.8400224447250366, 0.9617456197738647], 'histogram_10_bins_0_1': [0, 0, 0, 2, 40, 53, 51, 68, 58, 48]}
2026-09-30 14:38:52,104 [RSIAT_adapter.py] => QKSR diagnostics task=4 epoch=8 gamma=0.40267032 gradients={} kernel={'min': 0.30144110321998596, 'mean': 0.6618093848228455, 'std': 0.1488218754529953, 'max': 0.9959433078765869, 'quantiles_05_25_50_75_95': [0.44709745049476624, 0.5500004887580872, 0.6494286060333252, 0.7639919519424438, 0.9212538003921509], 'histogram_10_bins_0_1': [0, 0, 0, 6, 39, 82, 70, 54, 41, 28]}
2026-09-30 14:42:26,138 [RSIAT_adapter.py] => QKSR diagnostics task=4 epoch=9 gamma=0.40267032 gradients={} kernel={'min': 0.30215510725975037, 'mean': 0.7037039995193481, 'std': 0.16385270655155182, 'max': 0.9676007628440857, 'quantiles_05_25_50_75_95': [0.3809714913368225, 0.6135172247886658, 0.7276607751846313, 0.8382991552352905, 0.9188323020935059], 'histogram_10_bins_0_1': [0, 0, 0, 22, 28, 24, 56, 88, 65, 37]}
2026-09-30 14:46:00,722 [RSIAT_adapter.py] => QKSR diagnostics task=4 epoch=10 gamma=0.40267032 gradients={} kernel={'min': 0.26679766178131104, 'mean': 0.7130591869354248, 'std': 0.16714656352996826, 'max': 0.9686405658721924, 'quantiles_05_25_50_75_95': [0.39243775606155396, 0.611599326133728, 0.728286623954773, 0.8521971106529236, 0.9281717538833618], 'histogram_10_bins_0_1': [0, 0, 3, 16, 19, 37, 61, 68, 69, 47]}
2026-09-30 14:49:34,865 [RSIAT_adapter.py] => QKSR diagnostics task=4 epoch=11 gamma=0.40267032 gradients={} kernel={'min': 0.38337671756744385, 'mean': 0.7220488786697388, 'std': 0.14649619162082672, 'max': 0.9959893822669983, 'quantiles_05_25_50_75_95': [0.49514734745025635, 0.5991144180297852, 0.7256907224655151, 0.8438396453857422, 0.9551025032997131], 'histogram_10_bins_0_1': [0, 0, 0, 1, 16, 67, 54, 74, 68, 40]}
2026-09-30 14:53:08,959 [RSIAT_adapter.py] => QKSR diagnostics task=4 epoch=12 gamma=0.40267032 gradients={} kernel={'min': 0.314223051071167, 'mean': 0.7183501124382019, 'std': 0.1729624718427658, 'max': 0.9977423548698425, 'quantiles_05_25_50_75_95': [0.44648805260658264, 0.570125162601471, 0.7478913068771362, 0.8687132596969604, 0.9742718935012817], 'histogram_10_bins_0_1': [0, 0, 0, 8, 30, 60, 42, 56, 65, 59]}
2026-09-30 14:56:42,664 [RSIAT_adapter.py] => QKSR diagnostics task=4 epoch=13 gamma=0.40267032 gradients={} kernel={'min': 0.3804972469806671, 'mean': 0.7468439936637878, 'std': 0.16847291588783264, 'max': 0.9910584688186646, 'quantiles_05_25_50_75_95': [0.4449218213558197, 0.5991253852844238, 0.7744696736335754, 0.8929757475852966, 0.9674795269966125], 'histogram_10_bins_0_1': [0, 0, 0, 4, 28, 49, 42, 48, 76, 73]}
2026-09-30 15:00:16,496 [RSIAT_adapter.py] => QKSR diagnostics task=4 epoch=14 gamma=0.40267032 gradients={} kernel={'min': 0.3692745864391327, 'mean': 0.6735010147094727, 'std': 0.1297578513622284, 'max': 0.9868651032447815, 'quantiles_05_25_50_75_95': [0.46925193071365356, 0.5863662958145142, 0.6671251058578491, 0.7456902265548706, 0.915013313293457], 'histogram_10_bins_0_1': [0, 0, 0, 7, 22, 60, 103, 75, 33, 20]}
2026-09-30 15:03:51,060 [RSIAT_adapter.py] => QKSR diagnostics task=4 epoch=15 gamma=0.40267032 gradients={} kernel={'min': 0.2786833643913269, 'mean': 0.6821881532669067, 'std': 0.165160670876503, 'max': 0.9898392558097839, 'quantiles_05_25_50_75_95': [0.4162241518497467, 0.5633455514907837, 0.6598221063613892, 0.8127878904342651, 0.9375265836715698], 'histogram_10_bins_0_1': [0, 0, 4, 10, 26, 76, 61, 53, 50, 40]}
2026-09-30 15:07:25,476 [RSIAT_adapter.py] => QKSR diagnostics task=4 epoch=16 gamma=0.40267032 gradients={} kernel={'min': 0.27019765973091125, 'mean': 0.6601418852806091, 'std': 0.176375150680542, 'max': 0.993090033531189, 'quantiles_05_25_50_75_95': [0.40399637818336487, 0.5269904136657715, 0.6384375691413879, 0.8147585988044739, 0.9446823596954346], 'histogram_10_bins_0_1': [0, 0, 2, 13, 54, 70, 47, 45, 54, 35]}
2026-09-30 15:10:59,534 [RSIAT_adapter.py] => QKSR diagnostics task=4 epoch=17 gamma=0.40267032 gradients={} kernel={'min': 0.3501446545124054, 'mean': 0.709840714931488, 'std': 0.15921688079833984, 'max': 0.9928379058837891, 'quantiles_05_25_50_75_95': [0.4716041386127472, 0.5806520581245422, 0.6904852986335754, 0.8586673736572266, 0.9530078172683716], 'histogram_10_bins_0_1': [0, 0, 0, 2, 25, 71, 69, 45, 49, 59]}
2026-09-30 15:14:33,809 [RSIAT_adapter.py] => QKSR diagnostics task=4 epoch=18 gamma=0.40267032 gradients={} kernel={'min': 0.277201771736145, 'mean': 0.7103156447410583, 'std': 0.15603883564472198, 'max': 0.9750747680664062, 'quantiles_05_25_50_75_95': [0.4360862076282501, 0.5950712561607361, 0.7258703708648682, 0.8370126485824585, 0.9215081334114075], 'histogram_10_bins_0_1': [0, 0, 2, 6, 30, 45, 53, 69, 80, 35]}
2026-09-30 15:18:08,549 [RSIAT_adapter.py] => QKSR diagnostics task=4 epoch=19 gamma=0.40267032 gradients={} kernel={'min': 0.4297511875629425, 'mean': 0.6787617802619934, 'std': 0.12731124460697174, 'max': 0.9708402156829834, 'quantiles_05_25_50_75_95': [0.46718916296958923, 0.5823314189910889, 0.6767013072967529, 0.7672849893569946, 0.8839390873908997], 'histogram_10_bins_0_1': [0, 0, 0, 0, 28, 66, 90, 77, 45, 14]}
2026-09-30 15:21:42,381 [RSIAT_adapter.py] => QKSR diagnostics task=4 epoch=20 gamma=0.40267032 gradients={} kernel={'min': 0.3613639771938324, 'mean': 0.7342749238014221, 'std': 0.13400626182556152, 'max': 0.982000470161438, 'quantiles_05_25_50_75_95': [0.48426979780197144, 0.6595495343208313, 0.7507104873657227, 0.8312243819236755, 0.922118604183197], 'histogram_10_bins_0_1': [0, 0, 0, 3, 22, 33, 51, 101, 83, 27]}
2026-09-30 15:25:16,342 [RSIAT_adapter.py] => QKSR diagnostics task=4 epoch=21 gamma=0.40267032 gradients={} kernel={'min': 0.36253777146339417, 'mean': 0.6713117957115173, 'std': 0.17390340566635132, 'max': 0.996177613735199, 'quantiles_05_25_50_75_95': [0.4302275776863098, 0.5410544872283936, 0.6291850805282593, 0.7996917963027954, 0.9767709970474243], 'histogram_10_bins_0_1': [0, 0, 0, 8, 44, 89, 57, 42, 29, 51]}
2026-09-30 15:28:50,724 [RSIAT_adapter.py] => QKSR diagnostics task=4 epoch=22 gamma=0.40267032 gradients={} kernel={'min': 0.27325478196144104, 'mean': 0.6980307698249817, 'std': 0.18459227681159973, 'max': 0.997491717338562, 'quantiles_05_25_50_75_95': [0.3314935564994812, 0.562882125377655, 0.7360491752624512, 0.8351459503173828, 0.9645156264305115], 'histogram_10_bins_0_1': [0, 0, 6, 23, 27, 43, 41, 73, 63, 44]}
2026-09-30 15:32:24,530 [RSIAT_adapter.py] => QKSR diagnostics task=4 epoch=23 gamma=0.40267032 gradients={} kernel={'min': 0.39963409304618835, 'mean': 0.7445986866950989, 'std': 0.14950506389141083, 'max': 0.9911024570465088, 'quantiles_05_25_50_75_95': [0.5060067176818848, 0.6214197278022766, 0.7417076230049133, 0.8824728727340698, 0.9609717726707458], 'histogram_10_bins_0_1': [0, 0, 0, 1, 14, 54, 61, 59, 67, 64]}
2026-09-30 15:35:58,738 [RSIAT_adapter.py] => QKSR diagnostics task=4 epoch=24 gamma=0.40267032 gradients={} kernel={'min': 0.41267749667167664, 'mean': 0.7114669680595398, 'std': 0.16109150648117065, 'max': 0.9795452952384949, 'quantiles_05_25_50_75_95': [0.46189963817596436, 0.5656119585037231, 0.7244991064071655, 0.8592143058776855, 0.9480926394462585], 'histogram_10_bins_0_1': [0, 0, 0, 0, 40, 67, 39, 59, 69, 46]}
2026-09-30 15:39:32,572 [RSIAT_adapter.py] => QKSR diagnostics task=4 epoch=25 gamma=0.40267032 gradients={} kernel={'min': 0.44279181957244873, 'mean': 0.7644902467727661, 'std': 0.11114415526390076, 'max': 0.995489239692688, 'quantiles_05_25_50_75_95': [0.5792742967605591, 0.6799356937408447, 0.7671680450439453, 0.8405092358589172, 0.9435365796089172], 'histogram_10_bins_0_1': [0, 0, 0, 0, 7, 13, 74, 91, 94, 41]}
2026-09-30 15:43:06,925 [RSIAT_adapter.py] => QKSR diagnostics task=4 epoch=26 gamma=0.40267032 gradients={} kernel={'min': 0.4169379770755768, 'mean': 0.7031093835830688, 'std': 0.14238394796848297, 'max': 0.9836273789405823, 'quantiles_05_25_50_75_95': [0.48041653633117676, 0.5842686295509338, 0.693097710609436, 0.8209751844406128, 0.9405425190925598], 'histogram_10_bins_0_1': [0, 0, 0, 0, 25, 61, 79, 56, 69, 30]}
2026-09-30 15:46:41,409 [RSIAT_adapter.py] => QKSR diagnostics task=4 epoch=27 gamma=0.40267032 gradients={} kernel={'min': 0.41758376359939575, 'mean': 0.6976312398910522, 'std': 0.14798012375831604, 'max': 0.9946426749229431, 'quantiles_05_25_50_75_95': [0.4803805947303772, 0.5842852592468262, 0.6747696995735168, 0.8122711181640625, 0.9587924480438232], 'histogram_10_bins_0_1': [0, 0, 0, 0, 24, 67, 86, 56, 46, 41]}
2026-09-30 15:50:16,024 [RSIAT_adapter.py] => QKSR diagnostics task=4 epoch=28 gamma=0.40267032 gradients={} kernel={'min': 0.3482455611228943, 'mean': 0.6926825046539307, 'std': 0.18318425118923187, 'max': 0.9913439154624939, 'quantiles_05_25_50_75_95': [0.42747241258621216, 0.5391843914985657, 0.6774282455444336, 0.8738592863082886, 0.9643664956092834], 'histogram_10_bins_0_1': [0, 0, 0, 10, 50, 60, 51, 40, 48, 61]}
2026-09-30 15:53:50,451 [RSIAT_adapter.py] => QKSR diagnostics task=4 epoch=29 gamma=0.40267032 gradients={} kernel={'min': 0.3497415781021118, 'mean': 0.6972880959510803, 'std': 0.157746359705925, 'max': 0.9893893003463745, 'quantiles_05_25_50_75_95': [0.45002874732017517, 0.5653902292251587, 0.681952953338623, 0.8332527279853821, 0.9481819868087769], 'histogram_10_bins_0_1': [0, 0, 0, 3, 35, 62, 67, 52, 64, 37]}
2026-09-30 15:58:37,450 [RSIAT_adapter.py] => QKSR diagnostics task=4 epoch=30 gamma=0.40267032 gradients={} kernel={'min': 0.358961284160614, 'mean': 0.7413246035575867, 'std': 0.14184609055519104, 'max': 0.992908239364624, 'quantiles_05_25_50_75_95': [0.5053654909133911, 0.6292573809623718, 0.7550291419029236, 0.8612931370735168, 0.9489170908927917], 'histogram_10_bins_0_1': [0, 0, 0, 2, 12, 43, 70, 71, 70, 52]}
2026-09-30 15:58:37,451 [RSIAT_adapter.py] => Task 4, Epoch 30/30 => Loss 0.979, Loss_c 0.438, Losses_rt 0.541, Train_accy 86.42, Test_accy 94.72, Time 214.24s
2026-09-30 15:58:37,452 [RSIAT_adapter.py] => Task 4 peak GPU memory: 6253.98 MiB
2026-09-30 16:01:13,222 [base.py] => CA Task 4 => Loss 0.044, Test_accy skipped
2026-09-30 16:01:13,539 [base.py] => CA Task 4 => Loss 0.040, Test_accy skipped
2026-09-30 16:01:13,853 [base.py] => CA Task 4 => Loss 0.042, Test_accy skipped
2026-09-30 16:01:14,175 [base.py] => CA Task 4 => Loss 0.039, Test_accy skipped
2026-09-30 16:01:14,486 [base.py] => CA Task 4 => Loss 0.039, Test_accy skipped
2026-09-30 16:01:14,873 [base.py] => CA Task 4 => Loss 0.035, Test_accy skipped
2026-09-30 16:01:15,249 [base.py] => CA Task 4 => Loss 0.038, Test_accy skipped
2026-09-30 16:01:15,601 [base.py] => CA Task 4 => Loss 0.032, Test_accy skipped
2026-09-30 16:01:15,994 [base.py] => CA Task 4 => Loss 0.036, Test_accy skipped
2026-09-30 16:02:29,343 [base.py] => CA Task 4 => Loss 0.038, Test_accy 94.960
2026-09-30 16:03:41,612 [trainer.py] => CNN: {'total': 94.96, '00-09': 96.0, '10-19': 93.6, '20-29': 96.2, '30-39': 94.7, '40-49': 94.3, 'old': 95.12, 'new': 94.3}
2026-09-30 16:03:41,613 [trainer.py] => Continual metrics after task 4: BWT=-2.0250, forgetting=2.0250, task_acc=[96.0, 93.6, 96.2, 94.7, 94.3]
2026-09-30 16:03:43,134 [base.py] => Saved checkpoint: /content/drive/MyDrive/QKSR_runs/ckpt/qksr/cifar224/10_10/seed_1993/task_4.pkl
2026-09-30 16:03:43,187 [trainer.py] => Removed superseded checkpoint: /content/drive/MyDrive/QKSR_runs/ckpt/qksr/cifar224/10_10/seed_1993/task_3.pkl
2026-09-30 16:03:43,188 [trainer.py] => CNN top1 curve: [99.0, 97.5, 96.7, 96.02, 94.96]
2026-09-30 16:03:43,188 [trainer.py] => CNN top5 curve: [100.0, 99.65, 99.6, 99.58, 99.44]
2026-09-30 16:03:43,188 [trainer.py] => Average Accuracy (CNN): 96.836
2026-09-30 16:03:43,190 [trainer.py] => All params: 87026688
2026-09-30 16:03:43,192 [trainer.py] => Trainable params: 1228032
2026-09-30 16:03:43,193 [RSIAT_adapter.py] => Learning on 50-60
2026-09-30 16:03:43,369 [RSIAT_adapter.py] => QKSR calibration task=5 samples=512 indices=[619, 2968, 3225, 2907, 4323, 1691, 1523, 4929, 845, 1941, 4945, 2045, 3279, 4040, 2064, 3720, 803, 3990, 1380, 1866, 2475, 1833, 2594, 2465, 1567, 2619, 1309, 189, 479, 759, 4550, 4824, 582, 4426, 332, 3463, 4144, 2338, 3736, 2122, 1348, 2699, 1535, 3864, 1973, 4171, 2703, 4657, 1497, 2804, 3854, 2630, 2600, 252, 3419, 2224, 1001, 1441, 683, 3087, 1208, 3739, 1413, 3009, 3815, 3555, 3561, 1542, 1540, 4871, 3064, 4519, 1310, 161, 4586, 1180, 326, 2948, 821, 1698, 3816, 2156, 1799, 2480, 1718, 1766, 4383, 3656, 1074, 2146, 4879, 4508, 4444, 4897, 4999, 4126, 174, 1018, 2371, 4714, 4056, 3073, 3853, 4483, 548, 2230, 4761, 4246, 595, 4189, 3711, 3958, 4847, 3501, 3475, 4233, 183, 1287, 1549, 2246, 3465, 912, 3686, 4631, 3232, 3943, 1551, 1595, 2438, 668, 979, 2640, 957, 142, 2402, 4497, 2284, 2836, 1847, 3001, 1528, 256, 3466, 669, 4665, 3373, 3540, 1732, 3911, 1478, 4415, 3445, 2646, 2183, 1407, 99, 1125, 2172, 1012, 1809, 2964, 1926, 3164, 4221, 2060, 1775, 874, 938, 4566, 3383, 2197, 51, 1175, 3706, 2255, 4315, 4173, 1510, 4728, 1294, 603, 2272, 1424, 3131, 1117, 1250, 1995, 2490, 3238, 225, 3195, 4598, 3591, 4823, 246, 1399, 2220, 1072, 116, 220, 2481, 4756, 3026, 4614, 4669, 287, 1436, 4317, 2359, 3844, 767, 1687, 2048, 1829, 1498, 4920, 1480, 4325, 4830, 497, 4866, 1968, 2709, 2188, 2190, 1928, 3595, 3783, 1835, 2851, 2759, 4304, 1699, 4366, 1224, 289, 4118, 2747, 2286, 3899, 376, 688, 809, 2313, 2800, 3615, 2533, 110, 494, 2378, 2845, 3983, 3184, 3024, 1664, 2657, 4218, 4975, 2041, 2967, 1733, 4603, 724, 3625, 2104, 900, 1974, 772, 3807, 4838, 3619, 275, 4820, 4000, 4471, 4767, 3566, 2723, 1040, 4205, 2306, 2219, 640, 464, 706, 4064, 1806, 2389, 737, 3387, 1792, 3750, 1564, 3482, 1409, 2659, 4902, 4840, 4223, 4723, 960, 1617, 4123, 4400, 1429, 2113, 3772, 4925, 3417, 4348, 2091, 533, 6, 613, 379, 2494, 4869, 2609, 733, 4605, 4124, 3582, 3451, 3485, 4145, 171, 1518, 1460, 2233, 2663, 4843, 1629, 1347, 996, 1840, 4987, 4953, 4272, 4702, 1684, 83, 3550, 4688, 1006, 182, 4091, 4364, 3719, 2632, 4667, 338, 1360, 2900, 1021, 333, 4828, 1607, 2636, 2269, 1312, 3880, 4970, 4087, 2729, 4373, 2217, 2660, 1096, 2780, 3207, 3570, 621, 3693, 1238, 2203, 2805, 505, 3496, 4159, 3166, 1707, 2542, 2039, 4625, 3641, 875, 3787, 3034, 1752, 3448, 3685, 607, 4719, 4899, 3269, 1450, 2273, 4894, 1566, 3995, 2961, 1765, 1002, 1221, 4422, 212, 3610, 3240, 1736, 3335, 786, 4589, 4534, 3037, 4434, 893, 199, 3063, 2072, 4565, 670, 1406, 2793, 2643, 1217, 2559, 1387, 1077, 482, 2824, 1144, 1783, 804, 3121, 2998, 4891, 1670, 4751, 3243, 118, 3941, 3405, 90, 1172, 1220, 704, 4819, 2251, 856, 4033, 2268, 93, 466, 524, 4978, 2470, 618, 3544, 687, 2970, 4599, 149, 3105, 2938, 3644, 4248, 3601, 1764, 4134, 1292, 208, 3339, 4023, 1027, 1871, 1284, 1757, 3424, 2688, 4360, 4376, 3061, 13, 2713, 1349, 3427, 4015, 1362, 1486, 3076, 1508, 2783, 3484, 4615, 1416, 776, 4424, 2507, 1725, 4237, 1772, 2662, 4904, 2259, 905, 3966, 1834, 730, 3234, 4638, 1972, 4230]
2026-09-30 16:04:56,386 [toolkit.py] => All params: 87166592
2026-09-30 16:04:56,388 [toolkit.py] => Trainable params: 1367936
2026-10-01 09:21:44,526 [trainer.py] => config: /content/qksr_cifar224.json
2026-10-01 09:21:45,105 [trainer.py] => prefix: qksr
2026-10-01 09:21:45,106 [trainer.py] => dataset: cifar224
2026-10-01 09:21:45,107 [trainer.py] => save_checkpoints: True
2026-10-01 09:21:45,107 [trainer.py] => resume: True
2026-10-01 09:21:45,107 [trainer.py] => isolate_runs: True
2026-10-01 09:21:45,107 [trainer.py] => keep_last_checkpoint: True
2026-10-01 09:21:45,107 [trainer.py] => compact_diagonal_checkpoint: False
2026-10-01 09:21:45,107 [trainer.py] => eval_interval: 0
2026-10-01 09:21:45,107 [trainer.py] => ca_eval_interval: 0
2026-10-01 09:21:45,108 [trainer.py] => num_workers: 2
2026-10-01 09:21:45,108 [trainer.py] => stats_num_workers: 2
2026-10-01 09:21:45,108 [trainer.py] => pin_memory: True
2026-10-01 09:21:45,108 [trainer.py] => persistent_workers: True
2026-10-01 09:21:45,108 [trainer.py] => val_ratio: 0.0
2026-10-01 09:21:45,108 [trainer.py] => shuffle: True
2026-10-01 09:21:45,108 [trainer.py] => ssca: True
2026-10-01 09:21:45,109 [trainer.py] => ca: True
2026-10-01 09:21:45,109 [trainer.py] => init_cls: 10
2026-10-01 09:21:45,109 [trainer.py] => increment: 10
2026-10-01 09:21:45,109 [trainer.py] => model_name: adapter
2026-10-01 09:21:45,109 [trainer.py] => convnet_type: pretrained_vit_b16_224_in21k_adapter
2026-10-01 09:21:45,109 [trainer.py] => device: [device(type='cuda', index=0)]
2026-10-01 09:21:45,109 [trainer.py] => seed: 1993
2026-10-01 09:21:45,110 [trainer.py] => init_epochs: 10
2026-10-01 09:21:45,110 [trainer.py] => warmup_epoch: 7
2026-10-01 09:21:45,110 [trainer.py] => inc_epochs: 30
2026-10-01 09:21:45,110 [trainer.py] => ca_epochs: 10
2026-10-01 09:21:45,110 [trainer.py] => init_lr: 0.018461273665041644
2026-10-01 09:21:45,110 [trainer.py] => batch_size: 64
2026-10-01 09:21:45,110 [trainer.py] => weight_decay: 0.0001714081878951529
2026-10-01 09:21:45,110 [trainer.py] => min_lr: 0
2026-10-01 09:21:45,110 [trainer.py] => ffn_num: 64
2026-10-01 09:21:45,111 [trainer.py] => optimizer: sgd
2026-10-01 09:21:45,111 [trainer.py] => scale: 40.0
2026-10-01 09:21:45,111 [trainer.py] => margin: 0.1
2026-10-01 09:21:45,111 [trainer.py] => alpha: 0.5
2026-10-01 09:21:45,111 [trainer.py] => rs_margin: 0.3
2026-10-01 09:21:45,111 [trainer.py] => lambda_rs: 0.2
2026-10-01 09:21:45,111 [trainer.py] => beta: 1.0
2026-10-01 09:21:45,111 [trainer.py] => gamma: 0.4
2026-10-01 09:21:45,111 [trainer.py] => ae_code_dims: 256
2026-10-01 09:21:45,112 [trainer.py] => ae_init_lr: 0.0005611742230603744
2026-10-01 09:21:45,112 [trainer.py] => ae_weight_decay: 0.0029339295871570244
2026-10-01 09:21:45,112 [trainer.py] => use_quantum_kernel_base: True
2026-10-01 09:21:45,112 [trainer.py] => use_quantum_kernel_inc: True
2026-10-01 09:21:45,112 [trainer.py] => q_kernel_type: pqk
2026-10-01 09:21:45,112 [trainer.py] => q_kernel_order: 1
2026-10-01 09:21:45,112 [trainer.py] => q_order2_weight: 1.0
2026-10-01 09:21:45,112 [trainer.py] => q_num_qubits: 8
2026-10-01 09:21:45,112 [trainer.py] => q_num_layers: 2
2026-10-01 09:21:45,112 [trainer.py] => q_reupload: False
2026-10-01 09:21:45,113 [trainer.py] => q_dtype: float32
2026-10-01 09:21:45,113 [trainer.py] => q_gamma_mode: bounded_learned
2026-10-01 09:21:45,113 [trainer.py] => q_calib_samples: 512
2026-10-01 09:21:45,113 [trainer.py] => q_init_seed: 1234
2026-10-01 09:21:45,113 [trainer.py] => q_metric_lr_mult: 0.1
2026-10-01 09:21:45,113 [trainer.py] => q_inc_train_mode: frozen
2026-10-01 09:21:45,113 [trainer.py] => inc_loss_mode: mean
2026-10-01 09:21:45,113 [trainer.py] => q_inc_pair: old_proj
2026-10-01 09:21:45,113 [trainer.py] => rs_margin_q: 0.5
2026-10-01 09:21:45,114 [trainer.py] => rs_margin_q_mode: fixed
2026-10-01 09:21:45,114 [trainer.py] => rs_margin_quantile: 0.9
2026-10-01 09:21:45,114 [trainer.py] => rs_margin_inc: 0.3
2026-10-01 09:21:45,114 [trainer.py] => output_root: /content/drive/MyDrive/QKSR_runs
2026-10-01 09:21:48,499 [data_manager.py] => [68, 56, 78, 8, 23, 84, 90, 65, 74, 76, 40, 89, 3, 92, 55, 9, 26, 80, 43, 38, 58, 70, 77, 1, 85, 19, 17, 50, 28, 53, 13, 81, 45, 82, 6, 59, 83, 16, 15, 44, 91, 41, 72, 60, 79, 52, 20, 10, 31, 54, 37, 95, 14, 71, 96, 98, 97, 2, 64, 66, 42, 22, 35, 86, 24, 34, 87, 21, 99, 0, 88, 27, 18, 94, 11, 12, 47, 25, 30, 46, 62, 69, 36, 61, 7, 63, 75, 5, 32, 4, 51, 48, 73, 93, 39, 67, 29, 49, 57, 33]
2026-10-01 09:21:51,822 [_builder.py] => Loading pretrained weights from Hugging Face hub (timm/vit_base_patch16_224.augreg_in21k)
2026-10-01 09:21:51,950 [_client.py] => HTTP Request: GET https://huggingface.co/api/agent-harnesses "HTTP/1.1 200 OK"
2026-10-01 09:21:52,037 [_client.py] => HTTP Request: HEAD https://huggingface.co/timm/vit_base_patch16_224.augreg_in21k/resolve/main/model.safetensors "HTTP/1.1 302 Found"
2026-10-01 09:21:52,038 [_http.py] => Warning: You are sending unauthenticated requests to the HF Hub. Please set a HF_TOKEN to enable higher rate limits and faster downloads.
2026-10-01 09:21:52,168 [_client.py] => HTTP Request: GET https://huggingface.co/api/models/timm/vit_base_patch16_224.augreg_in21k/xet-read-token/bb70896cd6bffdd579c3d4f7284f39d0c4ab46c3 "HTTP/1.1 200 OK"
2026-10-01 09:21:55,942 [_hub.py] => [timm/vit_base_patch16_224.augreg_in21k] Safe alternative available for 'pytorch_model.bin' (as 'model.safetensors'). Loading weights using safetensors.
2026-10-01 09:21:56,386 [RSIAT_adapter.py] => QKSR parameter counts: {'projector': 6152, 'metric': 17, 'total': 6169, 'trainable': 6169}
2026-10-01 09:22:04,020 [base.py] => Loaded checkpoint /content/drive/MyDrive/QKSR_runs/ckpt/qksr/cifar224/10_10/seed_1993/task_4.pkl; completed task=4, known_classes=50, total_classes=50
2026-10-01 09:22:04,028 [trainer.py] => Resuming experiment from task 5
2026-10-01 09:22:04,029 [trainer.py] => All params: 87026688
2026-10-01 09:22:04,030 [trainer.py] => Trainable params: 1228032
2026-10-01 09:22:04,031 [RSIAT_adapter.py] => Learning on 50-60
2026-10-01 09:22:04,053 [RSIAT_adapter.py] => QKSR calibration task=5 samples=512 indices=[619, 2968, 3225, 2907, 4323, 1691, 1523, 4929, 845, 1941, 4945, 2045, 3279, 4040, 2064, 3720, 803, 3990, 1380, 1866, 2475, 1833, 2594, 2465, 1567, 2619, 1309, 189, 479, 759, 4550, 4824, 582, 4426, 332, 3463, 4144, 2338, 3736, 2122, 1348, 2699, 1535, 3864, 1973, 4171, 2703, 4657, 1497, 2804, 3854, 2630, 2600, 252, 3419, 2224, 1001, 1441, 683, 3087, 1208, 3739, 1413, 3009, 3815, 3555, 3561, 1542, 1540, 4871, 3064, 4519, 1310, 161, 4586, 1180, 326, 2948, 821, 1698, 3816, 2156, 1799, 2480, 1718, 1766, 4383, 3656, 1074, 2146, 4879, 4508, 4444, 4897, 4999, 4126, 174, 1018, 2371, 4714, 4056, 3073, 3853, 4483, 548, 2230, 4761, 4246, 595, 4189, 3711, 3958, 4847, 3501, 3475, 4233, 183, 1287, 1549, 2246, 3465, 912, 3686, 4631, 3232, 3943, 1551, 1595, 2438, 668, 979, 2640, 957, 142, 2402, 4497, 2284, 2836, 1847, 3001, 1528, 256, 3466, 669, 4665, 3373, 3540, 1732, 3911, 1478, 4415, 3445, 2646, 2183, 1407, 99, 1125, 2172, 1012, 1809, 2964, 1926, 3164, 4221, 2060, 1775, 874, 938, 4566, 3383, 2197, 51, 1175, 3706, 2255, 4315, 4173, 1510, 4728, 1294, 603, 2272, 1424, 3131, 1117, 1250, 1995, 2490, 3238, 225, 3195, 4598, 3591, 4823, 246, 1399, 2220, 1072, 116, 220, 2481, 4756, 3026, 4614, 4669, 287, 1436, 4317, 2359, 3844, 767, 1687, 2048, 1829, 1498, 4920, 1480, 4325, 4830, 497, 4866, 1968, 2709, 2188, 2190, 1928, 3595, 3783, 1835, 2851, 2759, 4304, 1699, 4366, 1224, 289, 4118, 2747, 2286, 3899, 376, 688, 809, 2313, 2800, 3615, 2533, 110, 494, 2378, 2845, 3983, 3184, 3024, 1664, 2657, 4218, 4975, 2041, 2967, 1733, 4603, 724, 3625, 2104, 900, 1974, 772, 3807, 4838, 3619, 275, 4820, 4000, 4471, 4767, 3566, 2723, 1040, 4205, 2306, 2219, 640, 464, 706, 4064, 1806, 2389, 737, 3387, 1792, 3750, 1564, 3482, 1409, 2659, 4902, 4840, 4223, 4723, 960, 1617, 4123, 4400, 1429, 2113, 3772, 4925, 3417, 4348, 2091, 533, 6, 613, 379, 2494, 4869, 2609, 733, 4605, 4124, 3582, 3451, 3485, 4145, 171, 1518, 1460, 2233, 2663, 4843, 1629, 1347, 996, 1840, 4987, 4953, 4272, 4702, 1684, 83, 3550, 4688, 1006, 182, 4091, 4364, 3719, 2632, 4667, 338, 1360, 2900, 1021, 333, 4828, 1607, 2636, 2269, 1312, 3880, 4970, 4087, 2729, 4373, 2217, 2660, 1096, 2780, 3207, 3570, 621, 3693, 1238, 2203, 2805, 505, 3496, 4159, 3166, 1707, 2542, 2039, 4625, 3641, 875, 3787, 3034, 1752, 3448, 3685, 607, 4719, 4899, 3269, 1450, 2273, 4894, 1566, 3995, 2961, 1765, 1002, 1221, 4422, 212, 3610, 3240, 1736, 3335, 786, 4589, 4534, 3037, 4434, 893, 199, 3063, 2072, 4565, 670, 1406, 2793, 2643, 1217, 2559, 1387, 1077, 482, 2824, 1144, 1783, 804, 3121, 2998, 4891, 1670, 4751, 3243, 118, 3941, 3405, 90, 1172, 1220, 704, 4819, 2251, 856, 4033, 2268, 93, 466, 524, 4978, 2470, 618, 3544, 687, 2970, 4599, 149, 3105, 2938, 3644, 4248, 3601, 1764, 4134, 1292, 208, 3339, 4023, 1027, 1871, 1284, 1757, 3424, 2688, 4360, 4376, 3061, 13, 2713, 1349, 3427, 4015, 1362, 1486, 3076, 1508, 2783, 3484, 4615, 1416, 776, 4424, 2507, 1725, 4237, 1772, 2662, 4904, 2259, 905, 3966, 1834, 730, 3234, 4638, 1972, 4230]
2026-10-01 09:23:02,115 [toolkit.py] => All params: 87166592
2026-10-01 09:23:02,116 [toolkit.py] => Trainable params: 1367936
2026-10-01 09:26:22,587 [RSIAT_adapter.py] => QKSR diagnostics task=5 epoch=1 gamma=0.40267032 gradients={} kernel={'min': 0.2665356993675232, 'mean': 0.6644149422645569, 'std': 0.18129198253154755, 'max': 0.9911144375801086, 'quantiles_05_25_50_75_95': [0.39800408482551575, 0.5060399770736694, 0.6728703379631042, 0.826765775680542, 0.9367845058441162], 'histogram_10_bins_0_1': [0, 0, 3, 18, 74, 65, 59, 69, 71, 41]}
2026-10-01 09:29:45,883 [RSIAT_adapter.py] => QKSR diagnostics task=5 epoch=2 gamma=0.40267032 gradients={} kernel={'min': 0.24664050340652466, 'mean': 0.6955728530883789, 'std': 0.1884724199771881, 'max': 0.9881859421730042, 'quantiles_05_25_50_75_95': [0.35756200551986694, 0.5528918504714966, 0.7365500926971436, 0.8572668433189392, 0.9488052725791931], 'histogram_10_bins_0_1': [0, 0, 9, 24, 35, 65, 52, 68, 83, 64]}
2026-10-01 09:33:09,017 [RSIAT_adapter.py] => QKSR diagnostics task=5 epoch=3 gamma=0.40267032 gradients={} kernel={'min': 0.405220627784729, 'mean': 0.723163902759552, 'std': 0.1769248992204666, 'max': 0.9930782914161682, 'quantiles_05_25_50_75_95': [0.4541894793510437, 0.5495824217796326, 0.7341896295547485, 0.8975652456283569, 0.9651179313659668], 'histogram_10_bins_0_1': [0, 0, 0, 0, 48, 86, 47, 52, 71, 96]}
2026-10-01 09:36:31,427 [RSIAT_adapter.py] => QKSR diagnostics task=5 epoch=4 gamma=0.40267032 gradients={} kernel={'min': 0.3535386323928833, 'mean': 0.7474231719970703, 'std': 0.14311498403549194, 'max': 0.9886624813079834, 'quantiles_05_25_50_75_95': [0.49932172894477844, 0.6366500854492188, 0.7754844427108765, 0.8566566705703735, 0.9578310251235962], 'histogram_10_bins_0_1': [0, 0, 0, 2, 19, 61, 55, 99, 102, 62]}
2026-10-01 09:39:54,861 [RSIAT_adapter.py] => QKSR diagnostics task=5 epoch=5 gamma=0.40267032 gradients={} kernel={'min': 0.3688550293445587, 'mean': 0.7442872524261475, 'std': 0.12138370424509048, 'max': 0.9672291874885559, 'quantiles_05_25_50_75_95': [0.4994281530380249, 0.6634189486503601, 0.757289707660675, 0.8333665728569031, 0.9269816279411316], 'histogram_10_bins_0_1': [0, 0, 0, 1, 20, 29, 84, 127, 102, 37]}
2026-10-01 09:43:18,302 [RSIAT_adapter.py] => QKSR diagnostics task=5 epoch=6 gamma=0.40267032 gradients={} kernel={'min': 0.3224756419658661, 'mean': 0.7658858895301819, 'std': 0.13364209234714508, 'max': 0.9812770485877991, 'quantiles_05_25_50_75_95': [0.511522114276886, 0.6894499063491821, 0.7840063571929932, 0.8759676218032837, 0.9465704560279846], 'histogram_10_bins_0_1': [0, 0, 0, 3, 13, 35, 56, 118, 113, 62]}
2026-10-01 09:46:41,439 [RSIAT_adapter.py] => QKSR diagnostics task=5 epoch=7 gamma=0.40267032 gradients={} kernel={'min': 0.41067954897880554, 'mean': 0.710043728351593, 'std': 0.16165600717067719, 'max': 0.9903627634048462, 'quantiles_05_25_50_75_95': [0.4684756100177765, 0.5689940452575684, 0.7061269879341125, 0.8587551712989807, 0.9479795694351196], 'histogram_10_bins_0_1': [0, 0, 0, 0, 50, 79, 64, 56, 97, 54]}
2026-10-01 09:50:04,435 [RSIAT_adapter.py] => QKSR diagnostics task=5 epoch=8 gamma=0.40267032 gradients={} kernel={'min': 0.2676289975643158, 'mean': 0.7110811471939087, 'std': 0.14340518414974213, 'max': 0.9824200868606567, 'quantiles_05_25_50_75_95': [0.4497283697128296, 0.5973000526428223, 0.7409120798110962, 0.8208791017532349, 0.9137378931045532], 'histogram_10_bins_0_1': [0, 0, 1, 5, 35, 61, 54, 115, 101, 28]}
2026-10-01 09:53:27,024 [RSIAT_adapter.py] => QKSR diagnostics task=5 epoch=9 gamma=0.40267032 gradients={} kernel={'min': 0.29121044278144836, 'mean': 0.7270863056182861, 'std': 0.16325505077838898, 'max': 0.9930536150932312, 'quantiles_05_25_50_75_95': [0.4221965968608856, 0.6164295077323914, 0.7590254545211792, 0.853208601474762, 0.944484531879425], 'histogram_10_bins_0_1': [0, 0, 2, 8, 38, 46, 55, 96, 92, 63]}
2026-10-01 09:56:49,966 [RSIAT_adapter.py] => QKSR diagnostics task=5 epoch=10 gamma=0.40267032 gradients={} kernel={'min': 0.45093774795532227, 'mean': 0.7696835994720459, 'std': 0.1378253996372223, 'max': 0.9821678400039673, 'quantiles_05_25_50_75_95': [0.5391544103622437, 0.6591968536376953, 0.7835803031921387, 0.8813611268997192, 0.9660709500312805], 'histogram_10_bins_0_1': [0, 0, 0, 0, 7, 54, 67, 79, 108, 85]}
2026-10-01 10:00:13,406 [RSIAT_adapter.py] => QKSR diagnostics task=5 epoch=11 gamma=0.40267032 gradients={} kernel={'min': 0.32793816924095154, 'mean': 0.6570666432380676, 'std': 0.1444358378648758, 'max': 0.9694980382919312, 'quantiles_05_25_50_75_95': [0.4237637519836426, 0.5397146940231323, 0.6520588397979736, 0.7743912935256958, 0.8966424465179443], 'histogram_10_bins_0_1': [0, 0, 0, 11, 47, 90, 97, 80, 58, 17]}
2026-10-01 10:03:36,554 [RSIAT_adapter.py] => QKSR diagnostics task=5 epoch=12 gamma=0.40267032 gradients={} kernel={'min': 0.35168373584747314, 'mean': 0.7311767935752869, 'std': 0.14781886339187622, 'max': 0.975294291973114, 'quantiles_05_25_50_75_95': [0.46240779757499695, 0.6305459141731262, 0.7553392052650452, 0.850845992565155, 0.9266813397407532], 'histogram_10_bins_0_1': [0, 0, 0, 3, 39, 47, 53, 96, 120, 42]}
2026-10-01 10:07:00,248 [RSIAT_adapter.py] => QKSR diagnostics task=5 epoch=13 gamma=0.40267032 gradients={} kernel={'min': 0.35644540190696716, 'mean': 0.7196107506752014, 'std': 0.1499641388654709, 'max': 0.9811143279075623, 'quantiles_05_25_50_75_95': [0.45677152276039124, 0.614490270614624, 0.7406607270240784, 0.8422513604164124, 0.9219239354133606], 'histogram_10_bins_0_1': [0, 0, 0, 6, 38, 45, 79, 84, 108, 40]}
2026-10-01 10:10:23,592 [RSIAT_adapter.py] => QKSR diagnostics task=5 epoch=14 gamma=0.40267032 gradients={} kernel={'min': 0.34439924359321594, 'mean': 0.7042673230171204, 'std': 0.17618148028850555, 'max': 0.9963706731796265, 'quantiles_05_25_50_75_95': [0.44889217615127563, 0.559350848197937, 0.6750657558441162, 0.8869889378547668, 0.9587219953536987], 'histogram_10_bins_0_1': [0, 0, 0, 3, 51, 97, 59, 40, 60, 90]}
2026-10-01 10:13:46,152 [RSIAT_adapter.py] => QKSR diagnostics task=5 epoch=15 gamma=0.40267032 gradients={} kernel={'min': 0.2792121171951294, 'mean': 0.7184337973594666, 'std': 0.16711656749248505, 'max': 0.9887493252754211, 'quantiles_05_25_50_75_95': [0.44281095266342163, 0.5874661803245544, 0.7342655062675476, 0.8684177398681641, 0.9480897188186646], 'histogram_10_bins_0_1': [0, 0, 2, 9, 36, 56, 76, 63, 91, 67]}
2026-10-01 10:17:09,832 [RSIAT_adapter.py] => QKSR diagnostics task=5 epoch=16 gamma=0.40267032 gradients={} kernel={'min': 0.33733412623405457, 'mean': 0.6635180711746216, 'std': 0.13425348699092865, 'max': 0.9776098728179932, 'quantiles_05_25_50_75_95': [0.45813220739364624, 0.5627822875976562, 0.651841402053833, 0.7605392336845398, 0.8960566520690918], 'histogram_10_bins_0_1': [0, 0, 0, 4, 35, 114, 99, 65, 63, 20]}
2026-10-01 10:20:32,674 [RSIAT_adapter.py] => QKSR diagnostics task=5 epoch=17 gamma=0.40267032 gradients={} kernel={'min': 0.40635058283805847, 'mean': 0.737286388874054, 'std': 0.14812038838863373, 'max': 0.9978233575820923, 'quantiles_05_25_50_75_95': [0.47813680768013, 0.6272719502449036, 0.7330760955810547, 0.8658732771873474, 0.959232747554779], 'histogram_10_bins_0_1': [0, 0, 0, 0, 27, 57, 77, 78, 96, 65]}
2026-10-01 10:23:55,732 [RSIAT_adapter.py] => QKSR diagnostics task=5 epoch=18 gamma=0.40267032 gradients={} kernel={'min': 0.31192514300346375, 'mean': 0.68795245885849, 'std': 0.14432980120182037, 'max': 0.9928188920021057, 'quantiles_05_25_50_75_95': [0.43288886547088623, 0.5845409035682678, 0.6916542053222656, 0.7932347059249878, 0.9230549931526184], 'histogram_10_bins_0_1': [0, 0, 0, 11, 34, 68, 94, 97, 66, 30]}
2026-10-01 10:27:18,734 [RSIAT_adapter.py] => QKSR diagnostics task=5 epoch=19 gamma=0.40267032 gradients={} kernel={'min': 0.28597113490104675, 'mean': 0.7332952618598938, 'std': 0.16304799914360046, 'max': 0.9919385313987732, 'quantiles_05_25_50_75_95': [0.4297713339328766, 0.6082732677459717, 0.7574657201766968, 0.8549872040748596, 0.9738643169403076], 'histogram_10_bins_0_1': [0, 0, 2, 13, 19, 60, 51, 101, 93, 61]}
2026-10-01 10:30:41,555 [RSIAT_adapter.py] => QKSR diagnostics task=5 epoch=20 gamma=0.40267032 gradients={} kernel={'min': 0.35286426544189453, 'mean': 0.7059521079063416, 'std': 0.1629202514886856, 'max': 0.9898931980133057, 'quantiles_05_25_50_75_95': [0.4424694776535034, 0.5762815475463867, 0.704778790473938, 0.8401201963424683, 0.9563054442405701], 'histogram_10_bins_0_1': [0, 0, 0, 8, 42, 75, 70, 75, 68, 62]}
2026-10-01 10:34:04,822 [RSIAT_adapter.py] => QKSR diagnostics task=5 epoch=21 gamma=0.40267032 gradients={} kernel={'min': 0.2739562392234802, 'mean': 0.673941969871521, 'std': 0.1960887908935547, 'max': 0.9906937479972839, 'quantiles_05_25_50_75_95': [0.32880687713623047, 0.510654628276825, 0.6916317939758301, 0.85078364610672, 0.9554322361946106], 'histogram_10_bins_0_1': [0, 0, 7, 41, 46, 49, 64, 69, 68, 56]}
2026-10-01 10:37:28,012 [RSIAT_adapter.py] => QKSR diagnostics task=5 epoch=22 gamma=0.40267032 gradients={} kernel={'min': 0.27204692363739014, 'mean': 0.6925360560417175, 'std': 0.18680456280708313, 'max': 0.9970817565917969, 'quantiles_05_25_50_75_95': [0.413570761680603, 0.5247266888618469, 0.7084469795227051, 0.8635390996932983, 0.9584020376205444], 'histogram_10_bins_0_1': [0, 0, 2, 16, 62, 70, 45, 58, 74, 73]}
2026-10-01 10:40:51,502 [RSIAT_adapter.py] => QKSR diagnostics task=5 epoch=23 gamma=0.40267032 gradients={} kernel={'min': 0.14406627416610718, 'mean': 0.686890184879303, 'std': 0.2101953625679016, 'max': 0.9956169724464417, 'quantiles_05_25_50_75_95': [0.24836155772209167, 0.5556690096855164, 0.7224907875061035, 0.86141037940979, 0.9511578679084778], 'histogram_10_bins_0_1': [0, 11, 17, 17, 33, 41, 63, 64, 94, 60]}
2026-10-01 10:44:13,971 [RSIAT_adapter.py] => QKSR diagnostics task=5 epoch=24 gamma=0.40267032 gradients={} kernel={'min': 0.2801685929298401, 'mean': 0.6983601450920105, 'std': 0.1500502973794937, 'max': 0.994857132434845, 'quantiles_05_25_50_75_95': [0.4605110287666321, 0.5833988785743713, 0.7009924650192261, 0.8261979818344116, 0.9362385869026184], 'histogram_10_bins_0_1': [0, 0, 2, 9, 27, 71, 89, 83, 83, 36]}
2026-10-01 10:47:37,390 [RSIAT_adapter.py] => QKSR diagnostics task=5 epoch=25 gamma=0.40267032 gradients={} kernel={'min': 0.2688019573688507, 'mean': 0.7002422213554382, 'std': 0.15872834622859955, 'max': 0.9918491244316101, 'quantiles_05_25_50_75_95': [0.4192618131637573, 0.5882728695869446, 0.7108824253082275, 0.8220767378807068, 0.9423124194145203], 'histogram_10_bins_0_1': [0, 0, 4, 10, 31, 68, 78, 96, 67, 46]}
2026-10-01 10:51:01,043 [RSIAT_adapter.py] => QKSR diagnostics task=5 epoch=26 gamma=0.40267032 gradients={} kernel={'min': 0.20651035010814667, 'mean': 0.6953749060630798, 'std': 0.16419067978858948, 'max': 0.9928807616233826, 'quantiles_05_25_50_75_95': [0.39011910557746887, 0.5796199440956116, 0.7258468270301819, 0.8240052461624146, 0.919503927230835], 'histogram_10_bins_0_1': [0, 0, 6, 18, 32, 59, 71, 81, 103, 30]}
2026-10-01 10:54:24,905 [RSIAT_adapter.py] => QKSR diagnostics task=5 epoch=27 gamma=0.40267032 gradients={} kernel={'min': 0.29517605900764465, 'mean': 0.6413007974624634, 'std': 0.15075664222240448, 'max': 0.9870678186416626, 'quantiles_05_25_50_75_95': [0.4206951856613159, 0.5333577990531921, 0.6176258325576782, 0.7245079874992371, 0.9362058043479919], 'histogram_10_bins_0_1': [0, 0, 1, 14, 47, 117, 106, 48, 28, 39]}
2026-10-01 10:57:48,550 [RSIAT_adapter.py] => QKSR diagnostics task=5 epoch=28 gamma=0.40267032 gradients={} kernel={'min': 0.3616181015968323, 'mean': 0.6881073117256165, 'std': 0.17078053951263428, 'max': 0.9973172545433044, 'quantiles_05_25_50_75_95': [0.4505870044231415, 0.5494580864906311, 0.6428734064102173, 0.8644323348999023, 0.9653396010398865], 'histogram_10_bins_0_1': [0, 0, 0, 2, 51, 102, 80, 41, 51, 73]}
2026-10-01 11:01:12,000 [RSIAT_adapter.py] => QKSR diagnostics task=5 epoch=29 gamma=0.40267032 gradients={} kernel={'min': 0.29738590121269226, 'mean': 0.6761854887008667, 'std': 0.16078567504882812, 'max': 0.9881839752197266, 'quantiles_05_25_50_75_95': [0.4226067066192627, 0.5616104602813721, 0.6653844714164734, 0.8033453226089478, 0.9513370394706726], 'histogram_10_bins_0_1': [0, 0, 2, 11, 49, 79, 92, 65, 60, 42]}
2026-10-01 11:05:58,002 [RSIAT_adapter.py] => QKSR diagnostics task=5 epoch=30 gamma=0.40267032 gradients={} kernel={'min': 0.20707212388515472, 'mean': 0.6527578830718994, 'std': 0.17162087559700012, 'max': 0.998441755771637, 'quantiles_05_25_50_75_95': [0.44752800464630127, 0.5370012521743774, 0.6078412532806396, 0.7603322863578796, 0.9604077935218811], 'histogram_10_bins_0_1': [0, 0, 12, 7, 32, 133, 83, 43, 34, 56]}
2026-10-01 11:05:58,003 [RSIAT_adapter.py] => Task 5, Epoch 30/30 => Loss 1.115, Loss_c 0.568, Losses_rt 0.548, Train_accy 85.50, Test_accy 94.13, Time 203.09s
2026-10-01 11:05:58,004 [RSIAT_adapter.py] => Task 5 peak GPU memory: 6254.33 MiB
2026-10-01 11:08:27,288 [base.py] => CA Task 5 => Loss 0.046, Test_accy skipped
2026-10-01 11:08:27,789 [base.py] => CA Task 5 => Loss 0.048, Test_accy skipped
2026-10-01 11:08:28,297 [base.py] => CA Task 5 => Loss 0.043, Test_accy skipped
2026-10-01 11:08:28,832 [base.py] => CA Task 5 => Loss 0.043, Test_accy skipped
2026-10-01 11:08:29,310 [base.py] => CA Task 5 => Loss 0.044, Test_accy skipped
2026-10-01 11:08:29,746 [base.py] => CA Task 5 => Loss 0.043, Test_accy skipped
2026-10-01 11:08:30,173 [base.py] => CA Task 5 => Loss 0.045, Test_accy skipped
2026-10-01 11:08:30,601 [base.py] => CA Task 5 => Loss 0.039, Test_accy skipped
2026-10-01 11:08:31,031 [base.py] => CA Task 5 => Loss 0.037, Test_accy skipped
2026-10-01 11:09:53,793 [base.py] => CA Task 5 => Loss 0.041, Test_accy 94.480
2026-10-01 11:11:16,347 [trainer.py] => CNN: {'total': 94.48, '00-09': 95.2, '10-19': 93.6, '20-29': 95.9, '30-39': 94.5, '40-49': 93.9, '50-59': 93.8, 'old': 94.62, 'new': 93.8}
2026-10-01 11:11:16,348 [trainer.py] => Continual metrics after task 5: BWT=-1.9600, forgetting=1.9600, task_acc=[95.2, 93.6, 95.9, 94.5, 93.9, 93.8]
2026-10-01 11:11:18,378 [base.py] => Saved checkpoint: /content/drive/MyDrive/QKSR_runs/ckpt/qksr/cifar224/10_10/seed_1993/task_5.pkl
2026-10-01 11:11:18,440 [trainer.py] => Removed superseded checkpoint: /content/drive/MyDrive/QKSR_runs/ckpt/qksr/cifar224/10_10/seed_1993/task_4.pkl
2026-10-01 11:11:18,440 [trainer.py] => CNN top1 curve: [99.0, 97.5, 96.7, 96.02, 94.96, 94.48]
2026-10-01 11:11:18,441 [trainer.py] => CNN top5 curve: [100.0, 99.65, 99.6, 99.58, 99.44, 99.4]
2026-10-01 11:11:18,441 [trainer.py] => Average Accuracy (CNN): 96.44333333333333
2026-10-01 11:11:18,443 [trainer.py] => All params: 87034368
2026-10-01 11:11:18,444 [trainer.py] => Trainable params: 1235712
2026-10-01 11:11:18,446 [RSIAT_adapter.py] => Learning on 60-70
2026-10-01 11:11:18,631 [RSIAT_adapter.py] => QKSR calibration task=6 samples=512 indices=[3175, 1226, 4401, 3084, 267, 1662, 935, 3812, 587, 4680, 3307, 4772, 1330, 997, 4167, 2665, 148, 2768, 2027, 2581, 413, 927, 4924, 2756, 4264, 1277, 3925, 3771, 1175, 4428, 3054, 3500, 1926, 3361, 1644, 218, 377, 1015, 4506, 2838, 884, 2745, 1633, 3545, 4186, 3689, 4351, 320, 4016, 3182, 304, 2494, 1942, 1820, 1480, 1257, 1115, 3785, 2670, 1713, 2578, 4072, 1195, 2206, 1555, 887, 266, 1767, 492, 3122, 4353, 4108, 2631, 4069, 1402, 1239, 2069, 2935, 4885, 2154, 1974, 434, 639, 3208, 3610, 1261, 2377, 3359, 3733, 909, 1716, 2112, 2941, 2788, 3377, 1150, 4010, 3020, 1280, 2686, 3511, 4170, 3647, 282, 4695, 2399, 37, 1757, 347, 4414, 44, 3386, 3459, 4386, 3469, 1298, 3139, 4750, 4034, 902, 2292, 4423, 4804, 4820, 620, 4027, 1068, 334, 4352, 2579, 2895, 3304, 893, 667, 10, 3346, 4102, 4045, 1292, 762, 2089, 204, 3706, 3183, 2444, 510, 673, 4937, 3181, 3901, 290, 3696, 1144, 2860, 4080, 819, 4162, 3657, 3028, 177, 1732, 2982, 1403, 4372, 1404, 2661, 3398, 2204, 1354, 4704, 3207, 4228, 1514, 2157, 1712, 4241, 4507, 1245, 1537, 220, 2116, 3306, 2870, 2596, 4303, 1465, 1706, 1202, 2997, 1089, 2436, 2225, 1821, 3979, 2451, 2289, 3006, 578, 2103, 3828, 714, 1699, 4675, 3905, 3943, 4214, 160, 2282, 182, 702, 2352, 2223, 221, 551, 2672, 3277, 2186, 3986, 2840, 138, 2697, 3138, 983, 1933, 2098, 4859, 1273, 3839, 662, 545, 2090, 2397, 1338, 3556, 3059, 41, 4654, 3415, 3235, 2524, 4856, 296, 4132, 3767, 4939, 3272, 1831, 706, 197, 4362, 4956, 918, 655, 495, 4161, 549, 1065, 3076, 4374, 4111, 4653, 576, 3023, 3751, 2242, 4678, 4649, 1030, 3229, 2179, 2301, 2565, 1709, 4181, 4558, 651, 2675, 3245, 4390, 2990, 3439, 3111, 2564, 2053, 3877, 4522, 569, 1437, 4884, 1511, 3158, 532, 1549, 3210, 2913, 4126, 2638, 165, 1991, 2764, 369, 4476, 56, 3875, 1963, 640, 2484, 3945, 2600, 760, 2269, 2091, 2563, 3243, 2339, 1221, 4304, 263, 4876, 3100, 4871, 249, 970, 561, 4849, 146, 4752, 2736, 384, 4955, 885, 2051, 1322, 4084, 1841, 2714, 2761, 2330, 2816, 1867, 1282, 1203, 2244, 1504, 641, 4909, 2786, 2948, 261, 4960, 1363, 1336, 3449, 600, 1670, 3754, 1143, 962, 1649, 1026, 2959, 751, 1357, 2495, 4340, 30, 3195, 4256, 1204, 1518, 2208, 2688, 2167, 4380, 3105, 1797, 3946, 2735, 3149, 4898, 3468, 199, 1131, 3694, 4009, 959, 4899, 710, 2585, 4508, 2299, 97, 2894, 2109, 2443, 2612, 2527, 731, 3212, 1660, 3552, 1868, 12, 2003, 3882, 1213, 1686, 3079, 3550, 1593, 2618, 3774, 4573, 652, 1789, 3157, 2333, 2834, 1259, 1179, 1830, 210, 4053, 230, 4718, 525, 3929, 1313, 3621, 4071, 2796, 2107, 1290, 474, 3890, 896, 1591, 3874, 4331, 3818, 3475, 845, 1139, 1364, 2343, 1540, 1477, 3196, 4439, 1457, 4431, 1572, 4721, 4297, 2569, 1197, 804, 1443, 4231, 4816, 3544, 1758, 3762, 415, 2572, 1832, 173, 453, 3013, 957, 1028, 3967, 1787, 994, 1440, 2271, 2900, 3531, 2520, 3700, 4698, 775, 649, 373, 3567, 1262, 4006, 788, 2463, 3457, 3633, 1762, 4716, 4012, 3530, 2856, 1858, 3249, 488, 2256, 1695, 802, 705, 151, 3465, 3299, 3543, 3794, 1192, 2171, 933, 3463]
2026-10-01 11:12:27,493 [toolkit.py] => All params: 87174272
2026-10-01 11:12:27,494 [toolkit.py] => Trainable params: 1375616
2026-10-01 11:15:50,315 [RSIAT_adapter.py] => QKSR diagnostics task=6 epoch=1 gamma=0.40267032 gradients={} kernel={'min': 0.31264728307724, 'mean': 0.6943387985229492, 'std': 0.16120770573616028, 'max': 0.98320472240448, 'quantiles_05_25_50_75_95': [0.42720502614974976, 0.5639834403991699, 0.7046424150466919, 0.8278067111968994, 0.9249170422554016], 'histogram_10_bins_0_1': [0, 0, 0, 10, 60, 74, 93, 94, 98, 51]}
2026-10-01 11:19:13,335 [RSIAT_adapter.py] => QKSR diagnostics task=6 epoch=2 gamma=0.40267032 gradients={} kernel={'min': 0.21594810485839844, 'mean': 0.6173292994499207, 'std': 0.17285487055778503, 'max': 0.9837525486946106, 'quantiles_05_25_50_75_95': [0.3377210795879364, 0.4907871186733246, 0.6216107606887817, 0.7566922903060913, 0.8871563076972961], 'histogram_10_bins_0_1': [0, 0, 13, 50, 66, 93, 92, 83, 66, 17]}
2026-10-01 11:22:36,471 [RSIAT_adapter.py] => QKSR diagnostics task=6 epoch=3 gamma=0.40267032 gradients={} kernel={'min': 0.20890676975250244, 'mean': 0.6937069296836853, 'std': 0.17169629037380219, 'max': 0.9706709980964661, 'quantiles_05_25_50_75_95': [0.4066164195537567, 0.5665037631988525, 0.7214713096618652, 0.832105815410614, 0.9304139018058777], 'histogram_10_bins_0_1': [0, 0, 11, 11, 55, 70, 76, 97, 107, 53]}
2026-10-01 11:25:59,400 [RSIAT_adapter.py] => QKSR diagnostics task=6 epoch=4 gamma=0.40267032 gradients={} kernel={'min': 0.25170546770095825, 'mean': 0.6645065546035767, 'std': 0.1854354292154312, 'max': 0.9453284740447998, 'quantiles_05_25_50_75_95': [0.3264029324054718, 0.509270191192627, 0.7201964855194092, 0.8115710020065308, 0.9124597311019897], 'histogram_10_bins_0_1': [0, 0, 12, 49, 50, 52, 67, 115, 102, 33]}
2026-10-01 11:29:22,143 [RSIAT_adapter.py] => QKSR diagnostics task=6 epoch=5 gamma=0.40267032 gradients={} kernel={'min': 0.1765315979719162, 'mean': 0.6272379755973816, 'std': 0.19195213913917542, 'max': 0.9809256196022034, 'quantiles_05_25_50_75_95': [0.28699496388435364, 0.4716030955314636, 0.659986138343811, 0.7757217884063721, 0.9062728881835938], 'histogram_10_bins_0_1': [0, 3, 26, 50, 52, 56, 96, 105, 63, 29]}
2026-10-01 11:32:45,621 [RSIAT_adapter.py] => QKSR diagnostics task=6 epoch=6 gamma=0.40267032 gradients={} kernel={'min': 0.27671632170677185, 'mean': 0.7012234330177307, 'std': 0.14904338121414185, 'max': 0.985214114189148, 'quantiles_05_25_50_75_95': [0.4183702766895294, 0.6060585975646973, 0.7217463850975037, 0.8170065879821777, 0.9052537083625793], 'histogram_10_bins_0_1': [0, 0, 3, 15, 29, 68, 101, 123, 111, 30]}
2026-10-01 11:36:08,551 [RSIAT_adapter.py] => QKSR diagnostics task=6 epoch=7 gamma=0.40267032 gradients={} kernel={'min': 0.20678091049194336, 'mean': 0.5996837019920349, 'std': 0.1776445508003235, 'max': 0.978951632976532, 'quantiles_05_25_50_75_95': [0.2972768545150757, 0.45495593547821045, 0.6125290393829346, 0.7389820218086243, 0.8723099231719971], 'histogram_10_bins_0_1': [0, 0, 27, 50, 78, 74, 88, 93, 56, 14]}
2026-10-01 11:39:31,529 [RSIAT_adapter.py] => QKSR diagnostics task=6 epoch=8 gamma=0.40267032 gradients={} kernel={'min': 0.3378458619117737, 'mean': 0.7032858729362488, 'std': 0.16189704835414886, 'max': 0.9951529502868652, 'quantiles_05_25_50_75_95': [0.4442410469055176, 0.5723708868026733, 0.7048652172088623, 0.8396680355072021, 0.959250807762146], 'histogram_10_bins_0_1': [0, 0, 0, 5, 65, 71, 95, 91, 88, 65]}
2026-10-01 11:42:54,308 [RSIAT_adapter.py] => QKSR diagnostics task=6 epoch=9 gamma=0.40267032 gradients={} kernel={'min': 0.2760021984577179, 'mean': 0.64809650182724, 'std': 0.13715869188308716, 'max': 0.9684808850288391, 'quantiles_05_25_50_75_95': [0.4040127694606781, 0.5574761629104614, 0.6563930511474609, 0.7520240545272827, 0.8502111434936523], 'histogram_10_bins_0_1': [0, 0, 2, 21, 50, 92, 134, 113, 57, 11]}
2026-10-01 11:46:17,788 [RSIAT_adapter.py] => QKSR diagnostics task=6 epoch=10 gamma=0.40267032 gradients={} kernel={'min': 0.3003694713115692, 'mean': 0.6649529933929443, 'std': 0.15509358048439026, 'max': 0.9781699180603027, 'quantiles_05_25_50_75_95': [0.4234203100204468, 0.5462937951087952, 0.6574862003326416, 0.764984130859375, 0.9322860836982727], 'histogram_10_bins_0_1': [0, 0, 0, 16, 65, 85, 127, 80, 61, 46]}
2026-10-01 11:49:40,584 [RSIAT_adapter.py] => QKSR diagnostics task=6 epoch=11 gamma=0.40267032 gradients={} kernel={'min': 0.19493351876735687, 'mean': 0.6618738174438477, 'std': 0.2006477415561676, 'max': 0.9863499402999878, 'quantiles_05_25_50_75_95': [0.27263009548187256, 0.5094165205955505, 0.6608926653862, 0.8384317755699158, 0.9501591920852661], 'histogram_10_bins_0_1': [0, 1, 26, 24, 62, 74, 76, 58, 101, 58]}
2026-10-01 11:53:03,946 [RSIAT_adapter.py] => QKSR diagnostics task=6 epoch=12 gamma=0.40267032 gradients={} kernel={'min': 0.33130961656570435, 'mean': 0.6716256737709045, 'std': 0.1340039223432541, 'max': 0.9821152687072754, 'quantiles_05_25_50_75_95': [0.45841890573501587, 0.579092800617218, 0.6594069004058838, 0.772651195526123, 0.9069626331329346], 'histogram_10_bins_0_1': [0, 0, 0, 5, 42, 100, 148, 90, 67, 28]}
2026-10-01 11:56:27,569 [RSIAT_adapter.py] => QKSR diagnostics task=6 epoch=13 gamma=0.40267032 gradients={} kernel={'min': 0.24952827394008636, 'mean': 0.6987140774726868, 'std': 0.15320415794849396, 'max': 0.9851868748664856, 'quantiles_05_25_50_75_95': [0.4265002906322479, 0.5907779932022095, 0.7133865356445312, 0.8287057280540466, 0.912833034992218], 'histogram_10_bins_0_1': [0, 0, 2, 17, 37, 72, 100, 104, 109, 39]}
2026-10-01 11:59:50,712 [RSIAT_adapter.py] => QKSR diagnostics task=6 epoch=14 gamma=0.40267032 gradients={} kernel={'min': 0.27369293570518494, 'mean': 0.6896530389785767, 'std': 0.1794915646314621, 'max': 0.9824991822242737, 'quantiles_05_25_50_75_95': [0.39014461636543274, 0.5397084951400757, 0.7087414264678955, 0.8490038514137268, 0.9401222467422485], 'histogram_10_bins_0_1': [0, 0, 3, 25, 62, 78, 68, 86, 90, 68]}
2026-10-01 12:03:13,881 [RSIAT_adapter.py] => QKSR diagnostics task=6 epoch=15 gamma=0.40267032 gradients={} kernel={'min': 0.21714431047439575, 'mean': 0.6277276873588562, 'std': 0.17705038189888, 'max': 0.9698230028152466, 'quantiles_05_25_50_75_95': [0.3127083480358124, 0.4929722845554352, 0.6325777769088745, 0.7768670320510864, 0.8918464183807373], 'histogram_10_bins_0_1': [0, 0, 23, 27, 74, 84, 91, 77, 84, 20]}
2026-10-01 12:06:37,412 [RSIAT_adapter.py] => QKSR diagnostics task=6 epoch=16 gamma=0.40267032 gradients={} kernel={'min': 0.3321596086025238, 'mean': 0.6788695454597473, 'std': 0.13770540058612823, 'max': 0.9647196531295776, 'quantiles_05_25_50_75_95': [0.42998722195625305, 0.5945925712585449, 0.6935439109802246, 0.7751671671867371, 0.8942985534667969], 'histogram_10_bins_0_1': [0, 0, 0, 14, 48, 65, 123, 136, 74, 20]}
2026-10-01 12:10:00,627 [RSIAT_adapter.py] => QKSR diagnostics task=6 epoch=17 gamma=0.40267032 gradients={} kernel={'min': 0.2179035246372223, 'mean': 0.6277147531509399, 'std': 0.18102487921714783, 'max': 0.9676311612129211, 'quantiles_05_25_50_75_95': [0.3225654065608978, 0.4911154508590698, 0.62593674659729, 0.7727888226509094, 0.9062522053718567], 'histogram_10_bins_0_1': [0, 0, 16, 39, 72, 91, 77, 85, 72, 28]}
2026-10-01 12:13:24,293 [RSIAT_adapter.py] => QKSR diagnostics task=6 epoch=18 gamma=0.40267032 gradients={} kernel={'min': 0.2816337049007416, 'mean': 0.7019585371017456, 'std': 0.13979092240333557, 'max': 0.9775046110153198, 'quantiles_05_25_50_75_95': [0.43186652660369873, 0.6185805797576904, 0.7122775316238403, 0.8007869720458984, 0.9221047163009644], 'histogram_10_bins_0_1': [0, 0, 1, 10, 37, 57, 116, 138, 86, 35]}
2026-10-01 12:16:47,495 [RSIAT_adapter.py] => QKSR diagnostics task=6 epoch=19 gamma=0.40267032 gradients={} kernel={'min': 0.14779457449913025, 'mean': 0.6446118950843811, 'std': 0.18571527302265167, 'max': 0.9742522239685059, 'quantiles_05_25_50_75_95': [0.2632896602153778, 0.5226394534111023, 0.6785364747047424, 0.785519003868103, 0.8831310868263245], 'histogram_10_bins_0_1': [0, 7, 22, 28, 48, 64, 99, 106, 88, 18]}
2026-10-01 12:20:10,858 [RSIAT_adapter.py] => QKSR diagnostics task=6 epoch=20 gamma=0.40267032 gradients={} kernel={'min': 0.18359215557575226, 'mean': 0.6536486744880676, 'std': 0.1893913596868515, 'max': 0.9908217787742615, 'quantiles_05_25_50_75_95': [0.32259419560432434, 0.5122849941253662, 0.6634432077407837, 0.8109558820724487, 0.9341773390769958], 'histogram_10_bins_0_1': [0, 1, 23, 28, 59, 76, 81, 86, 79, 47]}
2026-10-01 12:23:34,007 [RSIAT_adapter.py] => QKSR diagnostics task=6 epoch=21 gamma=0.40267032 gradients={} kernel={'min': 0.3519933521747589, 'mean': 0.741466224193573, 'std': 0.15393070876598358, 'max': 0.9945973753929138, 'quantiles_05_25_50_75_95': [0.4922957420349121, 0.6098598837852478, 0.7510315179824829, 0.8800132274627686, 0.9595433473587036], 'histogram_10_bins_0_1': [0, 0, 0, 4, 26, 81, 83, 90, 98, 98]}
2026-10-01 12:26:57,482 [RSIAT_adapter.py] => QKSR diagnostics task=6 epoch=22 gamma=0.40267032 gradients={} kernel={'min': 0.17256438732147217, 'mean': 0.6266325116157532, 'std': 0.204895481467247, 'max': 0.996890664100647, 'quantiles_05_25_50_75_95': [0.3093019127845764, 0.46319282054901123, 0.6115167140960693, 0.8012638688087463, 0.9488343596458435], 'histogram_10_bins_0_1': [0, 2, 20, 51, 71, 87, 72, 56, 59, 62]}
2026-10-01 12:30:20,282 [RSIAT_adapter.py] => QKSR diagnostics task=6 epoch=23 gamma=0.40267032 gradients={} kernel={'min': 0.32693541049957275, 'mean': 0.6918677091598511, 'std': 0.1447848230600357, 'max': 0.9914423823356628, 'quantiles_05_25_50_75_95': [0.4417397677898407, 0.5962493419647217, 0.6891095638275146, 0.8157981038093567, 0.9059947729110718], 'histogram_10_bins_0_1': [0, 0, 0, 7, 51, 67, 124, 95, 107, 29]}
2026-10-01 12:33:43,453 [RSIAT_adapter.py] => QKSR diagnostics task=6 epoch=24 gamma=0.40267032 gradients={} kernel={'min': 0.28045758605003357, 'mean': 0.6596395969390869, 'std': 0.17318281531333923, 'max': 0.9985739588737488, 'quantiles_05_25_50_75_95': [0.4002111554145813, 0.5177730321884155, 0.6430664658546448, 0.8133916854858398, 0.9568092823028564], 'histogram_10_bins_0_1': [0, 0, 1, 22, 78, 103, 85, 62, 80, 49]}
2026-10-01 12:37:06,901 [RSIAT_adapter.py] => QKSR diagnostics task=6 epoch=25 gamma=0.40267032 gradients={} kernel={'min': 0.3487398624420166, 'mean': 0.6886911392211914, 'std': 0.1404252052307129, 'max': 0.9879354238510132, 'quantiles_05_25_50_75_95': [0.450212687253952, 0.586788535118103, 0.6914380788803101, 0.8045295476913452, 0.8947521448135376], 'histogram_10_bins_0_1': [0, 0, 0, 5, 49, 86, 111, 103, 106, 20]}
2026-10-01 12:40:30,351 [RSIAT_adapter.py] => QKSR diagnostics task=6 epoch=26 gamma=0.40267032 gradients={} kernel={'min': 0.27721384167671204, 'mean': 0.6372432112693787, 'std': 0.1742844134569168, 'max': 0.9853109121322632, 'quantiles_05_25_50_75_95': [0.3711824417114258, 0.5063963532447815, 0.6093540191650391, 0.7805754542350769, 0.9317830204963684], 'histogram_10_bins_0_1': [0, 0, 2, 37, 77, 113, 89, 50, 65, 47]}
2026-10-01 12:43:53,154 [RSIAT_adapter.py] => QKSR diagnostics task=6 epoch=27 gamma=0.40267032 gradients={} kernel={'min': 0.2460106611251831, 'mean': 0.6661232113838196, 'std': 0.1652631312608719, 'max': 0.9925203323364258, 'quantiles_05_25_50_75_95': [0.35896289348602295, 0.5586237907409668, 0.6745345592498779, 0.781493604183197, 0.9156209826469421], 'histogram_10_bins_0_1': [0, 0, 8, 30, 42, 74, 116, 103, 72, 35]}
2026-10-01 12:47:15,828 [RSIAT_adapter.py] => QKSR diagnostics task=6 epoch=28 gamma=0.40267032 gradients={} kernel={'min': 0.2743518650531769, 'mean': 0.7198987603187561, 'std': 0.16287297010421753, 'max': 0.9883747100830078, 'quantiles_05_25_50_75_95': [0.4496896266937256, 0.5930343866348267, 0.7309106588363647, 0.8635648488998413, 0.9489007592201233], 'histogram_10_bins_0_1': [0, 0, 1, 7, 47, 68, 89, 81, 116, 71]}
2026-10-01 12:50:38,856 [RSIAT_adapter.py] => QKSR diagnostics task=6 epoch=29 gamma=0.40267032 gradients={} kernel={'min': 0.16781093180179596, 'mean': 0.6188607811927795, 'std': 0.18516027927398682, 'max': 0.9858784675598145, 'quantiles_05_25_50_75_95': [0.32831400632858276, 0.49751728773117065, 0.5935009121894836, 0.755760908126831, 0.9403555989265442], 'histogram_10_bins_0_1': [0, 3, 16, 41, 63, 123, 74, 63, 50, 47]}
2026-10-01 12:55:38,318 [RSIAT_adapter.py] => QKSR diagnostics task=6 epoch=30 gamma=0.40267032 gradients={} kernel={'min': 0.2969001829624176, 'mean': 0.6514397859573364, 'std': 0.1536722332239151, 'max': 0.9773377180099487, 'quantiles_05_25_50_75_95': [0.41178154945373535, 0.5298709273338318, 0.6489534378051758, 0.7673037648200989, 0.9117252826690674], 'histogram_10_bins_0_1': [0, 0, 1, 17, 74, 107, 101, 89, 63, 28]}
2026-10-01 12:55:38,319 [RSIAT_adapter.py] => Task 6, Epoch 30/30 => Loss 0.950, Loss_c 0.428, Losses_rt 0.523, Train_accy 87.38, Test_accy 93.83, Time 202.86s
2026-10-01 12:55:38,320 [RSIAT_adapter.py] => Task 6 peak GPU memory: 6255.33 MiB
2026-10-01 12:58:06,522 [base.py] => CA Task 6 => Loss 0.055, Test_accy skipped
2026-10-01 12:58:07,156 [base.py] => CA Task 6 => Loss 0.046, Test_accy skipped
2026-10-01 12:58:07,836 [base.py] => CA Task 6 => Loss 0.045, Test_accy skipped
2026-10-01 12:58:08,467 [base.py] => CA Task 6 => Loss 0.047, Test_accy skipped
2026-10-01 12:58:09,075 [base.py] => CA Task 6 => Loss 0.045, Test_accy skipped
2026-10-01 12:58:09,752 [base.py] => CA Task 6 => Loss 0.049, Test_accy skipped
2026-10-01 12:58:10,294 [base.py] => CA Task 6 => Loss 0.042, Test_accy skipped
2026-10-01 12:58:10,834 [base.py] => CA Task 6 => Loss 0.045, Test_accy skipped
2026-10-01 12:58:11,379 [base.py] => CA Task 6 => Loss 0.043, Test_accy skipped
2026-10-01 12:59:47,836 [base.py] => CA Task 6 => Loss 0.043, Test_accy 94.190
2026-10-01 13:01:24,076 [trainer.py] => CNN: {'total': 94.19, '00-09': 94.5, '10-19': 93.3, '20-29': 95.6, '30-39': 93.9, '40-49': 93.6, '50-59': 92.6, '60-69': 95.8, 'old': 93.92, 'new': 95.8}
2026-10-01 13:01:24,077 [trainer.py] => Continual metrics after task 6: BWT=-2.2000, forgetting=2.2000, task_acc=[94.5, 93.3, 95.6, 93.9, 93.6, 92.6, 95.8]
2026-10-01 13:01:26,665 [base.py] => Saved checkpoint: /content/drive/MyDrive/QKSR_runs/ckpt/qksr/cifar224/10_10/seed_1993/task_6.pkl
2026-10-01 13:01:26,708 [trainer.py] => Removed superseded checkpoint: /content/drive/MyDrive/QKSR_runs/ckpt/qksr/cifar224/10_10/seed_1993/task_5.pkl
2026-10-01 13:01:26,708 [trainer.py] => CNN top1 curve: [99.0, 97.5, 96.7, 96.02, 94.96, 94.48, 94.19]
2026-10-01 13:01:26,708 [trainer.py] => CNN top5 curve: [100.0, 99.65, 99.6, 99.58, 99.44, 99.4, 99.4]
2026-10-01 13:01:26,709 [trainer.py] => Average Accuracy (CNN): 96.12142857142858
2026-10-01 13:01:26,710 [trainer.py] => All params: 87042048
2026-10-01 13:01:26,711 [trainer.py] => Trainable params: 1243392
2026-10-01 13:01:26,713 [RSIAT_adapter.py] => Learning on 70-80
2026-10-01 13:01:26,910 [RSIAT_adapter.py] => QKSR calibration task=7 samples=512 indices=[2353, 2640, 4171, 3018, 3551, 4700, 1962, 421, 4293, 4164, 1837, 1328, 1648, 3821, 2506, 3191, 3155, 2011, 2705, 4866, 3429, 2902, 2120, 1541, 3658, 4538, 2429, 4155, 1338, 3774, 1579, 2972, 3576, 2502, 2172, 3814, 2084, 2190, 1805, 4758, 529, 2015, 1470, 2299, 2753, 4345, 2018, 1096, 1873, 1528, 3102, 403, 3725, 3237, 3598, 4452, 3823, 3380, 2899, 4672, 3807, 647, 622, 4082, 2919, 1319, 3891, 987, 3569, 2321, 3677, 4472, 1261, 2779, 1585, 4127, 3027, 976, 0, 4657, 3465, 2720, 1933, 686, 3067, 463, 4139, 3796, 4607, 4668, 1497, 4308, 4569, 4098, 1936, 3651, 3520, 3918, 3428, 577, 243, 2420, 4243, 209, 2195, 4176, 4027, 1516, 2938, 2848, 2061, 4632, 557, 889, 1161, 2273, 874, 835, 4898, 3757, 4057, 3427, 1038, 2418, 3411, 2275, 4651, 3754, 1297, 3276, 4602, 771, 353, 4548, 2889, 3481, 610, 112, 4390, 1363, 4971, 1553, 2607, 490, 4856, 4970, 3416, 3695, 1148, 892, 1192, 3628, 1331, 300, 1344, 2512, 1454, 4384, 2807, 4359, 3013, 109, 2142, 4874, 4599, 3012, 814, 397, 1193, 1582, 1702, 3339, 2227, 3776, 4208, 4654, 4558, 1727, 1135, 2072, 661, 3984, 4244, 3119, 2864, 689, 3636, 1624, 3316, 194, 2175, 1051, 4478, 2380, 4190, 650, 3957, 73, 1007, 2895, 2961, 1676, 717, 3739, 2481, 2134, 4015, 1932, 3878, 1142, 2704, 2453, 96, 211, 4091, 2088, 2776, 3819, 453, 3686, 1890, 81, 374, 136, 3406, 2875, 3272, 51, 2287, 3347, 4433, 4551, 4099, 4206, 4789, 2322, 897, 2818, 4028, 1128, 169, 379, 547, 1105, 3294, 240, 3398, 3701, 4065, 2107, 4314, 2675, 3376, 4402, 2150, 1973, 3370, 139, 3359, 2843, 2082, 225, 4797, 844, 1663, 390, 2966, 2732, 149, 521, 1969, 4509, 4867, 3877, 2826, 2126, 1464, 1067, 551, 2402, 1522, 2467, 1446, 3766, 853, 2096, 3210, 4832, 2246, 174, 2664, 2203, 659, 725, 362, 4722, 4710, 284, 1542, 2722, 2335, 4605, 248, 1429, 2625, 2662, 3564, 755, 3260, 2977, 3284, 3342, 4154, 4702, 2407, 2267, 812, 3152, 2988, 763, 4083, 1258, 4, 4883, 2744, 52, 4757, 4450, 3818, 4717, 1591, 4279, 3459, 3589, 4822, 3943, 1857, 3527, 818, 1882, 4066, 2113, 2828, 3083, 534, 3118, 3909, 4207, 443, 4437, 2016, 1693, 4062, 3332, 3855, 1555, 3268, 2659, 856, 1515, 2751, 2108, 3117, 215, 1830, 862, 4119, 1743, 110, 4796, 444, 3698, 1085, 1188, 3959, 2417, 36, 3148, 4278, 1998, 2626, 4514, 3178, 3257, 3181, 4701, 4544, 3938, 3892, 4269, 1658, 3830, 483, 3681, 2200, 2233, 3946, 807, 4766, 2523, 652, 3761, 49, 1114, 1003, 4026, 952, 4910, 1393, 1048, 302, 4280, 3350, 2715, 733, 3609, 950, 938, 267, 2463, 4357, 810, 2925, 2615, 1441, 2274, 592, 268, 779, 2983, 4047, 1669, 219, 4273, 2816, 1843, 2283, 906, 1689, 351, 1037, 4760, 4576, 515, 1720, 3693, 1273, 4166, 2013, 4336, 3140, 3476, 3827, 1486, 822, 3998, 555, 992, 313, 3521, 2171, 2603, 1965, 1121, 17, 994, 1102, 2529, 4395, 1115, 3468, 261, 540, 2957, 4011, 2293, 4543, 2271, 2093, 2312, 3452, 256, 1092, 4687, 1253, 3441, 3601, 1747, 2277, 4401, 3436, 3594, 4726, 3203, 223, 754, 2288, 516, 4093, 2578, 894, 1652, 294, 372, 326, 4020, 2472, 1298, 1422, 700, 2370, 1883]
2026-10-01 13:02:35,874 [toolkit.py] => All params: 87181952
2026-10-01 13:02:35,875 [toolkit.py] => Trainable params: 1383296
2026-10-01 13:05:58,638 [RSIAT_adapter.py] => QKSR diagnostics task=7 epoch=1 gamma=0.40267032 gradients={} kernel={'min': 0.2479124814271927, 'mean': 0.6814610958099365, 'std': 0.17768816649913788, 'max': 0.993961751461029, 'quantiles_05_25_50_75_95': [0.39433497190475464, 0.5293910503387451, 0.6800227165222168, 0.8453869223594666, 0.9368770718574524], 'histogram_10_bins_0_1': [0, 0, 1, 30, 80, 89, 93, 79, 121, 67]}
2026-10-01 13:09:21,917 [RSIAT_adapter.py] => QKSR diagnostics task=7 epoch=2 gamma=0.40267032 gradients={} kernel={'min': 0.2741849422454834, 'mean': 0.6740635633468628, 'std': 0.17750298976898193, 'max': 0.9913222193717957, 'quantiles_05_25_50_75_95': [0.34979012608528137, 0.5555211305618286, 0.6961661577224731, 0.8100020885467529, 0.9357566237449646], 'histogram_10_bins_0_1': [0, 0, 8, 51, 44, 82, 97, 124, 104, 50]}
2026-10-01 13:12:44,861 [RSIAT_adapter.py] => QKSR diagnostics task=7 epoch=3 gamma=0.40267032 gradients={} kernel={'min': 0.3768780827522278, 'mean': 0.7329369783401489, 'std': 0.12032106518745422, 'max': 0.9950588941574097, 'quantiles_05_25_50_75_95': [0.5282319188117981, 0.6470965147018433, 0.7405540347099304, 0.8205430507659912, 0.9295375943183899], 'histogram_10_bins_0_1': [0, 0, 0, 1, 15, 73, 125, 169, 131, 46]}
2026-10-01 13:16:08,269 [RSIAT_adapter.py] => QKSR diagnostics task=7 epoch=4 gamma=0.40267032 gradients={} kernel={'min': 0.15259511768817902, 'mean': 0.6211586594581604, 'std': 0.19086939096450806, 'max': 0.9837679266929626, 'quantiles_05_25_50_75_95': [0.26297110319137573, 0.49547719955444336, 0.6281254291534424, 0.7604995965957642, 0.9196421504020691], 'histogram_10_bins_0_1': [0, 8, 27, 40, 68, 106, 102, 104, 58, 47]}
2026-10-01 13:19:31,549 [RSIAT_adapter.py] => QKSR diagnostics task=7 epoch=5 gamma=0.40267032 gradients={} kernel={'min': 0.2919142544269562, 'mean': 0.6786059737205505, 'std': 0.17114083468914032, 'max': 0.9903521537780762, 'quantiles_05_25_50_75_95': [0.40266770124435425, 0.5462944507598877, 0.6671490669250488, 0.8251467943191528, 0.947736918926239], 'histogram_10_bins_0_1': [0, 0, 1, 25, 66, 104, 123, 83, 83, 75]}
2026-10-01 13:22:55,198 [RSIAT_adapter.py] => QKSR diagnostics task=7 epoch=6 gamma=0.40267032 gradients={} kernel={'min': 0.3187153935432434, 'mean': 0.7251296043395996, 'std': 0.16611593961715698, 'max': 0.9947393536567688, 'quantiles_05_25_50_75_95': [0.44778892397880554, 0.5859197378158569, 0.7415053844451904, 0.8744882941246033, 0.9566812515258789], 'histogram_10_bins_0_1': [0, 0, 0, 10, 53, 86, 98, 90, 116, 107]}
2026-10-01 13:26:18,497 [RSIAT_adapter.py] => QKSR diagnostics task=7 epoch=7 gamma=0.40267032 gradients={} kernel={'min': 0.22876891493797302, 'mean': 0.6344305872917175, 'std': 0.18326672911643982, 'max': 0.9858246445655823, 'quantiles_05_25_50_75_95': [0.34672948718070984, 0.48975270986557007, 0.6318110823631287, 0.7883661985397339, 0.9172500371932983], 'histogram_10_bins_0_1': [0, 0, 20, 36, 92, 112, 91, 79, 89, 41]}
2026-10-01 13:29:41,664 [RSIAT_adapter.py] => QKSR diagnostics task=7 epoch=8 gamma=0.40267032 gradients={} kernel={'min': 0.29573485255241394, 'mean': 0.6747655272483826, 'std': 0.18460442125797272, 'max': 0.9912780523300171, 'quantiles_05_25_50_75_95': [0.3994181454181671, 0.510814905166626, 0.6858080625534058, 0.8416445255279541, 0.9445558786392212], 'histogram_10_bins_0_1': [0, 0, 1, 28, 101, 94, 72, 78, 108, 78]}
2026-10-01 13:33:04,287 [RSIAT_adapter.py] => QKSR diagnostics task=7 epoch=9 gamma=0.40267032 gradients={} kernel={'min': 0.36034804582595825, 'mean': 0.7112565040588379, 'std': 0.12932270765304565, 'max': 0.9912087321281433, 'quantiles_05_25_50_75_95': [0.5038984417915344, 0.6199396848678589, 0.706915557384491, 0.8117281198501587, 0.917972207069397], 'histogram_10_bins_0_1': [0, 0, 0, 5, 21, 92, 149, 140, 109, 44]}
2026-10-01 13:36:27,437 [RSIAT_adapter.py] => QKSR diagnostics task=7 epoch=10 gamma=0.40267032 gradients={} kernel={'min': 0.2978796362876892, 'mean': 0.6943759322166443, 'std': 0.17121092975139618, 'max': 0.9907566905021667, 'quantiles_05_25_50_75_95': [0.40047505497932434, 0.5617213249206543, 0.7138234376907349, 0.8445139527320862, 0.9356538653373718], 'histogram_10_bins_0_1': [0, 0, 3, 25, 61, 93, 80, 110, 118, 70]}
2026-10-01 13:39:49,730 [RSIAT_adapter.py] => QKSR diagnostics task=7 epoch=11 gamma=0.40267032 gradients={} kernel={'min': 0.3017016649246216, 'mean': 0.6883001923561096, 'std': 0.16395680606365204, 'max': 0.9807738065719604, 'quantiles_05_25_50_75_95': [0.4143946170806885, 0.5536748170852661, 0.6970314383506775, 0.8285943269729614, 0.934331476688385], 'histogram_10_bins_0_1': [0, 0, 0, 23, 65, 100, 94, 109, 112, 57]}
2026-10-01 13:43:12,698 [RSIAT_adapter.py] => QKSR diagnostics task=7 epoch=12 gamma=0.40267032 gradients={} kernel={'min': 0.17585356533527374, 'mean': 0.6579011082649231, 'std': 0.1975039541721344, 'max': 0.9772179126739502, 'quantiles_05_25_50_75_95': [0.3017519414424896, 0.5032995343208313, 0.6881244778633118, 0.8338446617126465, 0.9247927665710449], 'histogram_10_bins_0_1': [0, 4, 24, 41, 66, 80, 78, 85, 134, 48]}
2026-10-01 13:46:36,704 [RSIAT_adapter.py] => QKSR diagnostics task=7 epoch=13 gamma=0.40267032 gradients={} kernel={'min': 0.30646443367004395, 'mean': 0.6991684436798096, 'std': 0.1729063093662262, 'max': 0.994917631149292, 'quantiles_05_25_50_75_95': [0.41181159019470215, 0.5559020042419434, 0.7150815725326538, 0.8423780202865601, 0.9529237151145935], 'histogram_10_bins_0_1': [0, 0, 0, 22, 72, 80, 98, 94, 119, 75]}
2026-10-01 13:49:59,254 [RSIAT_adapter.py] => QKSR diagnostics task=7 epoch=14 gamma=0.40267032 gradients={} kernel={'min': 0.15501990914344788, 'mean': 0.610322117805481, 'std': 0.18550176918506622, 'max': 0.9902637004852295, 'quantiles_05_25_50_75_95': [0.31849807500839233, 0.4541251063346863, 0.6377783417701721, 0.7537014484405518, 0.8915303945541382], 'histogram_10_bins_0_1': [0, 5, 17, 76, 76, 74, 110, 111, 65, 26]}
2026-10-01 13:53:21,858 [RSIAT_adapter.py] => QKSR diagnostics task=7 epoch=15 gamma=0.40267032 gradients={} kernel={'min': 0.3345966637134552, 'mean': 0.7339060306549072, 'std': 0.15823186933994293, 'max': 0.9979826211929321, 'quantiles_05_25_50_75_95': [0.45765116810798645, 0.6122346520423889, 0.7565991878509521, 0.866326630115509, 0.9586672782897949], 'histogram_10_bins_0_1': [0, 0, 0, 10, 44, 78, 87, 121, 129, 91]}
2026-10-01 13:56:45,204 [RSIAT_adapter.py] => QKSR diagnostics task=7 epoch=16 gamma=0.40267032 gradients={} kernel={'min': 0.3099355399608612, 'mean': 0.6544920802116394, 'std': 0.1741410493850708, 'max': 0.9951474070549011, 'quantiles_05_25_50_75_95': [0.39875906705856323, 0.5112820863723755, 0.6287712454795837, 0.8009376525878906, 0.9415311217308044], 'histogram_10_bins_0_1': [0, 0, 0, 29, 89, 135, 84, 81, 78, 64]}
2026-10-01 14:00:07,916 [RSIAT_adapter.py] => QKSR diagnostics task=7 epoch=17 gamma=0.40267032 gradients={} kernel={'min': 0.1956898421049118, 'mean': 0.6819537878036499, 'std': 0.1675223559141159, 'max': 0.9878441095352173, 'quantiles_05_25_50_75_95': [0.40317076444625854, 0.5651642084121704, 0.6807076334953308, 0.8177450895309448, 0.9398733973503113], 'histogram_10_bins_0_1': [0, 1, 4, 22, 56, 92, 133, 96, 90, 66]}
2026-10-01 14:03:30,753 [RSIAT_adapter.py] => QKSR diagnostics task=7 epoch=18 gamma=0.40267032 gradients={} kernel={'min': 0.28727707266807556, 'mean': 0.6964150071144104, 'std': 0.16924525797367096, 'max': 0.9948777556419373, 'quantiles_05_25_50_75_95': [0.4280335307121277, 0.5580037236213684, 0.6921935081481934, 0.83847975730896, 0.9580938220024109], 'histogram_10_bins_0_1': [0, 0, 2, 18, 65, 101, 96, 96, 104, 78]}
2026-10-01 14:06:53,321 [RSIAT_adapter.py] => QKSR diagnostics task=7 epoch=19 gamma=0.40267032 gradients={} kernel={'min': 0.3105185627937317, 'mean': 0.6823289394378662, 'std': 0.16118817031383514, 'max': 0.984686017036438, 'quantiles_05_25_50_75_95': [0.4178525507450104, 0.5585075616836548, 0.6778827905654907, 0.811385452747345, 0.9400478005409241], 'histogram_10_bins_0_1': [0, 0, 0, 22, 63, 99, 129, 101, 79, 67]}
2026-10-01 14:10:16,761 [RSIAT_adapter.py] => QKSR diagnostics task=7 epoch=20 gamma=0.40267032 gradients={} kernel={'min': 0.31842687726020813, 'mean': 0.7049768567085266, 'std': 0.17758332192897797, 'max': 0.9923586845397949, 'quantiles_05_25_50_75_95': [0.41485998034477234, 0.5590072870254517, 0.7143208980560303, 0.8612445592880249, 0.9606038331985474], 'histogram_10_bins_0_1': [0, 0, 0, 20, 67, 94, 85, 93, 104, 97]}
2026-10-01 14:13:39,831 [RSIAT_adapter.py] => QKSR diagnostics task=7 epoch=21 gamma=0.40267032 gradients={} kernel={'min': 0.26489511132240295, 'mean': 0.686495304107666, 'std': 0.17433522641658783, 'max': 0.9845126271247864, 'quantiles_05_25_50_75_95': [0.3862977623939514, 0.56534343957901, 0.6935383081436157, 0.8298534750938416, 0.9455205202102661], 'histogram_10_bins_0_1': [0, 0, 2, 31, 64, 80, 109, 104, 93, 77]}
2026-10-01 14:17:03,412 [RSIAT_adapter.py] => QKSR diagnostics task=7 epoch=22 gamma=0.40267032 gradients={} kernel={'min': 0.2465427815914154, 'mean': 0.6700753569602966, 'std': 0.1577131301164627, 'max': 0.9894519448280334, 'quantiles_05_25_50_75_95': [0.38025087118148804, 0.5698660612106323, 0.6852219104766846, 0.782228946685791, 0.9160439968109131], 'histogram_10_bins_0_1': [0, 0, 8, 25, 53, 83, 139, 133, 76, 43]}
2026-10-01 14:20:25,969 [RSIAT_adapter.py] => QKSR diagnostics task=7 epoch=23 gamma=0.40267032 gradients={} kernel={'min': 0.3106110692024231, 'mean': 0.665130615234375, 'std': 0.15400180220603943, 'max': 0.976815402507782, 'quantiles_05_25_50_75_95': [0.4214979410171509, 0.5550296306610107, 0.6497877836227417, 0.7856054306030273, 0.9336490631103516], 'histogram_10_bins_0_1': [0, 0, 0, 18, 65, 125, 134, 94, 71, 53]}
2026-10-01 14:23:48,843 [RSIAT_adapter.py] => QKSR diagnostics task=7 epoch=24 gamma=0.40267032 gradients={} kernel={'min': 0.23871484398841858, 'mean': 0.6503816843032837, 'std': 0.18631571531295776, 'max': 0.9859402775764465, 'quantiles_05_25_50_75_95': [0.33249810338020325, 0.5143985748291016, 0.6542367935180664, 0.8012380599975586, 0.9427816867828369], 'histogram_10_bins_0_1': [0, 0, 16, 45, 65, 99, 95, 98, 80, 62]}
2026-10-01 14:27:11,367 [RSIAT_adapter.py] => QKSR diagnostics task=7 epoch=25 gamma=0.40267032 gradients={} kernel={'min': 0.23455585539340973, 'mean': 0.6718659996986389, 'std': 0.15625230967998505, 'max': 0.9777843356132507, 'quantiles_05_25_50_75_95': [0.3829943537712097, 0.5612127184867859, 0.6861311793327332, 0.7890622615814209, 0.9027522802352905], 'histogram_10_bins_0_1': [0, 0, 9, 23, 54, 87, 121, 135, 99, 32]}
2026-10-01 14:30:34,031 [RSIAT_adapter.py] => QKSR diagnostics task=7 epoch=26 gamma=0.40267032 gradients={} kernel={'min': 0.2928694188594818, 'mean': 0.6728995442390442, 'std': 0.150129497051239, 'max': 0.9923920631408691, 'quantiles_05_25_50_75_95': [0.41765040159225464, 0.562195897102356, 0.6738107204437256, 0.781212329864502, 0.9175267815589905], 'histogram_10_bins_0_1': [0, 0, 1, 19, 57, 101, 142, 124, 77, 39]}
2026-10-01 14:33:57,798 [RSIAT_adapter.py] => QKSR diagnostics task=7 epoch=27 gamma=0.40267032 gradients={} kernel={'min': 0.29183897376060486, 'mean': 0.7087955474853516, 'std': 0.16139033436775208, 'max': 0.9962581992149353, 'quantiles_05_25_50_75_95': [0.43127891421318054, 0.5893580317497253, 0.711184024810791, 0.8407750129699707, 0.9569979310035706], 'histogram_10_bins_0_1': [0, 0, 1, 16, 45, 94, 113, 104, 107, 80]}
2026-10-01 14:37:21,208 [RSIAT_adapter.py] => QKSR diagnostics task=7 epoch=28 gamma=0.40267032 gradients={} kernel={'min': 0.2480398267507553, 'mean': 0.7038567662239075, 'std': 0.16597570478916168, 'max': 0.9902869462966919, 'quantiles_05_25_50_75_95': [0.4108017385005951, 0.5861594080924988, 0.7121156454086304, 0.8427413702011108, 0.9452546834945679], 'histogram_10_bins_0_1': [0, 0, 4, 17, 54, 79, 107, 105, 122, 72]}
2026-10-01 14:40:44,971 [RSIAT_adapter.py] => QKSR diagnostics task=7 epoch=29 gamma=0.40267032 gradients={} kernel={'min': 0.3292877972126007, 'mean': 0.6608461737632751, 'std': 0.16243025660514832, 'max': 0.9980918169021606, 'quantiles_05_25_50_75_95': [0.43511757254600525, 0.5340724587440491, 0.6301212310791016, 0.7862991094589233, 0.9453392624855042], 'histogram_10_bins_0_1': [0, 0, 0, 11, 84, 136, 128, 69, 69, 63]}
2026-10-01 14:45:59,070 [RSIAT_adapter.py] => QKSR diagnostics task=7 epoch=30 gamma=0.40267032 gradients={} kernel={'min': 0.3581981360912323, 'mean': 0.6803857684135437, 'std': 0.15078268945217133, 'max': 0.995370626449585, 'quantiles_05_25_50_75_95': [0.46286875009536743, 0.5666438341140747, 0.656658947467804, 0.7949155569076538, 0.959261417388916], 'histogram_10_bins_0_1': [0, 0, 0, 9, 52, 128, 145, 90, 78, 58]}
2026-10-01 14:45:59,071 [RSIAT_adapter.py] => Task 7, Epoch 30/30 => Loss 1.063, Loss_c 0.540, Losses_rt 0.523, Train_accy 77.70, Test_accy 92.16, Time 203.71s
2026-10-01 14:45:59,072 [RSIAT_adapter.py] => Task 7 peak GPU memory: 6255.40 MiB
2026-10-01 14:48:30,585 [base.py] => CA Task 7 => Loss 0.076, Test_accy skipped
2026-10-01 14:48:31,233 [base.py] => CA Task 7 => Loss 0.073, Test_accy skipped
2026-10-01 14:48:31,864 [base.py] => CA Task 7 => Loss 0.073, Test_accy skipped
2026-10-01 14:48:32,516 [base.py] => CA Task 7 => Loss 0.066, Test_accy skipped
2026-10-01 14:48:33,165 [base.py] => CA Task 7 => Loss 0.067, Test_accy skipped
2026-10-01 14:48:33,808 [base.py] => CA Task 7 => Loss 0.063, Test_accy skipped
2026-10-01 14:48:34,451 [base.py] => CA Task 7 => Loss 0.066, Test_accy skipped
2026-10-01 14:48:35,075 [base.py] => CA Task 7 => Loss 0.066, Test_accy skipped
2026-10-01 14:48:35,721 [base.py] => CA Task 7 => Loss 0.063, Test_accy skipped
2026-10-01 14:50:26,850 [base.py] => CA Task 7 => Loss 0.063, Test_accy 92.810
2026-10-01 14:52:17,345 [trainer.py] => CNN: {'total': 92.81, '00-09': 94.0, '10-19': 92.9, '20-29': 95.3, '30-39': 94.1, '40-49': 91.8, '50-59': 90.1, '60-69': 94.6, '70-79': 89.7, 'old': 93.26, 'new': 89.7}
2026-10-01 14:52:17,346 [trainer.py] => Continual metrics after task 7: BWT=-2.8143, forgetting=2.8143, task_acc=[94.0, 92.9, 95.3, 94.1, 91.8, 90.1, 94.6, 89.7]
2026-10-01 14:52:24,986 [base.py] => Saved checkpoint: /content/drive/MyDrive/QKSR_runs/ckpt/qksr/cifar224/10_10/seed_1993/task_7.pkl
2026-10-01 14:52:24,992 [trainer.py] => Removed superseded checkpoint: /content/drive/MyDrive/QKSR_runs/ckpt/qksr/cifar224/10_10/seed_1993/task_6.pkl
2026-10-01 14:52:24,992 [trainer.py] => CNN top1 curve: [99.0, 97.5, 96.7, 96.02, 94.96, 94.48, 94.19, 92.81]
2026-10-01 14:52:24,992 [trainer.py] => CNN top5 curve: [100.0, 99.65, 99.6, 99.58, 99.44, 99.4, 99.4, 99.45]
2026-10-01 14:52:24,992 [trainer.py] => Average Accuracy (CNN): 95.7075
2026-10-01 14:52:24,994 [trainer.py] => All params: 87049728
2026-10-01 14:52:24,995 [trainer.py] => Trainable params: 1251072
2026-10-01 14:52:24,997 [RSIAT_adapter.py] => Learning on 80-90
2026-10-01 14:52:25,203 [RSIAT_adapter.py] => QKSR calibration task=8 samples=512 indices=[1127, 3877, 3025, 359, 1072, 745, 1514, 2439, 4999, 304, 479, 2321, 3378, 680, 399, 3966, 1252, 240, 2350, 4251, 985, 2307, 391, 3414, 3500, 2370, 498, 3233, 2315, 2010, 4068, 4811, 1577, 1717, 4987, 3425, 3501, 558, 4028, 4145, 2611, 4057, 626, 4284, 4692, 3567, 3018, 3488, 4709, 1186, 1345, 369, 3723, 4420, 407, 1336, 3922, 4091, 3911, 639, 928, 3521, 1113, 4989, 1821, 295, 4197, 2380, 3071, 4685, 1656, 3858, 1846, 1420, 3771, 997, 4349, 3729, 3028, 2658, 4561, 454, 3467, 54, 1089, 2850, 4008, 201, 441, 483, 4400, 4381, 1552, 1931, 4534, 417, 3510, 4676, 2114, 1755, 3407, 3079, 3589, 3318, 4718, 1909, 2887, 123, 1001, 3895, 4568, 3537, 4779, 2159, 2137, 4413, 2647, 4198, 1817, 1896, 3299, 1013, 1996, 1842, 4777, 157, 4183, 1834, 610, 2432, 2786, 696, 2067, 4826, 3178, 231, 4703, 3960, 420, 2154, 4234, 1915, 4323, 1705, 2560, 4, 4880, 1042, 3633, 2192, 2180, 2401, 1399, 2354, 2644, 3777, 2527, 839, 4065, 4211, 3507, 151, 4542, 4940, 4012, 1612, 3291, 3419, 1283, 2327, 3644, 2895, 1718, 2531, 935, 3780, 2717, 663, 1695, 1057, 2417, 2251, 3000, 2363, 3185, 2821, 650, 2657, 4247, 143, 1259, 4644, 1573, 3839, 89, 3263, 700, 1870, 4996, 1388, 4664, 2338, 3615, 2528, 1778, 3328, 3852, 164, 3600, 230, 2306, 2058, 379, 2627, 2256, 375, 4031, 2345, 1469, 4563, 1043, 2722, 3756, 2471, 283, 741, 450, 2311, 281, 1799, 2788, 706, 2741, 291, 3525, 1424, 4173, 1012, 3209, 4929, 3170, 1490, 3253, 3657, 2594, 1708, 3476, 688, 3631, 4585, 2565, 4666, 3428, 602, 4035, 2629, 1721, 890, 4525, 3946, 1912, 754, 3004, 2001, 694, 4637, 2987, 2634, 3021, 686, 3665, 3613, 4098, 333, 2113, 3838, 2404, 2668, 2147, 2742, 4472, 2514, 604, 1132, 530, 1178, 4503, 1715, 3383, 1027, 956, 2384, 2412, 3338, 3306, 2880, 2455, 526, 1644, 4964, 3400, 571, 2214, 3980, 1442, 3654, 2937, 3941, 3736, 1529, 1517, 2394, 393, 2212, 2961, 2696, 511, 517, 2410, 1736, 819, 4350, 169, 1379, 1197, 3142, 2796, 3296, 4482, 305, 816, 3672, 943, 1764, 2798, 1628, 2517, 4102, 486, 812, 4875, 1231, 1258, 666, 1580, 3323, 1837, 4030, 2823, 2816, 1262, 2712, 433, 3317, 3214, 401, 4471, 1902, 4593, 4317, 1152, 3236, 1302, 2265, 2760, 1794, 2573, 4581, 2764, 1423, 2093, 4468, 4879, 4034, 2889, 4506, 4340, 3139, 506, 4389, 4107, 864, 2436, 3203, 2318, 1528, 2078, 4543, 520, 215, 1495, 1062, 4204, 4361, 767, 3693, 2869, 4706, 131, 607, 4451, 3031, 2783, 1135, 3239, 671, 3067, 4955, 2748, 3057, 3592, 4089, 624, 1050, 1328, 3512, 2765, 2442, 1622, 623, 4099, 4050, 912, 847, 4857, 163, 357, 4681, 3534, 3269, 4100, 3437, 1182, 2264, 3187, 3819, 3363, 4626, 998, 4312, 2215, 1955, 4970, 3438, 724, 1576, 207, 3744, 2129, 4915, 2682, 4794, 4752, 2235, 1181, 1488, 2828, 4837, 3586, 4436, 2246, 4307, 2992, 2024, 141, 823, 419, 3355, 4702, 275, 3762, 2476, 698, 2640, 3143, 637, 4435, 1803, 384, 258, 995, 4171, 3923, 653, 4003, 1100, 621, 3883, 199, 409, 1119, 4747, 518, 4701, 4086, 1467, 148, 4411, 4499, 2777, 1190, 245, 2881, 884, 1599, 2066, 3332, 1806, 1156, 3642, 3242, 2551]
2026-10-01 14:53:34,910 [toolkit.py] => All params: 87189632
2026-10-01 14:53:34,911 [toolkit.py] => Trainable params: 1390976
2026-10-01 14:56:58,363 [RSIAT_adapter.py] => QKSR diagnostics task=8 epoch=1 gamma=0.40267032 gradients={} kernel={'min': 0.20607413351535797, 'mean': 0.6264082789421082, 'std': 0.1922190934419632, 'max': 0.9896101951599121, 'quantiles_05_25_50_75_95': [0.3088533580303192, 0.4739191234111786, 0.6263871192932129, 0.7814140319824219, 0.9248351454734802], 'histogram_10_bins_0_1': [0, 0, 28, 61, 102, 102, 96, 110, 88, 53]}
2026-10-01 15:00:21,722 [RSIAT_adapter.py] => QKSR diagnostics task=8 epoch=2 gamma=0.40267032 gradients={} kernel={'min': 0.2909037172794342, 'mean': 0.6938859224319458, 'std': 0.17193840444087982, 'max': 0.9956095814704895, 'quantiles_05_25_50_75_95': [0.40328875184059143, 0.5537395477294922, 0.6992029547691345, 0.842429518699646, 0.9417827129364014], 'histogram_10_bins_0_1': [0, 0, 2, 29, 69, 109, 112, 97, 140, 82]}
2026-10-01 15:03:45,316 [RSIAT_adapter.py] => QKSR diagnostics task=8 epoch=3 gamma=0.40267032 gradients={} kernel={'min': 0.23939144611358643, 'mean': 0.6069402098655701, 'std': 0.17484654486179352, 'max': 0.9891096949577332, 'quantiles_05_25_50_75_95': [0.3426480293273926, 0.4823814928531647, 0.5755075216293335, 0.7374780178070068, 0.9309098124504089], 'histogram_10_bins_0_1': [0, 0, 14, 49, 132, 158, 107, 61, 74, 45]}
2026-10-01 15:07:09,287 [RSIAT_adapter.py] => QKSR diagnostics task=8 epoch=4 gamma=0.40267032 gradients={} kernel={'min': 0.20712897181510925, 'mean': 0.6758694052696228, 'std': 0.1765783578157425, 'max': 0.9830694794654846, 'quantiles_05_25_50_75_95': [0.3653078079223633, 0.5389175415039062, 0.6841725707054138, 0.8305962681770325, 0.9299167990684509], 'histogram_10_bins_0_1': [0, 0, 8, 33, 74, 105, 124, 101, 121, 74]}
2026-10-01 15:10:32,865 [RSIAT_adapter.py] => QKSR diagnostics task=8 epoch=5 gamma=0.40267032 gradients={} kernel={'min': 0.27730944752693176, 'mean': 0.6585733294487, 'std': 0.1573736071586609, 'max': 0.9730726480484009, 'quantiles_05_25_50_75_95': [0.39236536622047424, 0.5490611791610718, 0.6668603420257568, 0.7765148282051086, 0.9087365865707397], 'histogram_10_bins_0_1': [0, 0, 1, 41, 76, 110, 135, 150, 90, 37]}
2026-10-01 15:13:56,960 [RSIAT_adapter.py] => QKSR diagnostics task=8 epoch=6 gamma=0.40267032 gradients={} kernel={'min': 0.2518969476222992, 'mean': 0.6320703625679016, 'std': 0.16160358488559723, 'max': 0.9899437427520752, 'quantiles_05_25_50_75_95': [0.3771303594112396, 0.51289302110672, 0.6247439384460449, 0.7445917129516602, 0.9145495891571045], 'histogram_10_bins_0_1': [0, 0, 4, 40, 99, 148, 135, 105, 65, 44]}
2026-10-01 15:17:20,759 [RSIAT_adapter.py] => QKSR diagnostics task=8 epoch=7 gamma=0.40267032 gradients={} kernel={'min': 0.3375631868839264, 'mean': 0.6630818843841553, 'std': 0.14065149426460266, 'max': 0.9690142273902893, 'quantiles_05_25_50_75_95': [0.4491076171398163, 0.5515750646591187, 0.6519824862480164, 0.7728177905082703, 0.8984943628311157], 'histogram_10_bins_0_1': [0, 0, 0, 7, 76, 148, 159, 118, 101, 31]}
2026-10-01 15:20:43,558 [RSIAT_adapter.py] => QKSR diagnostics task=8 epoch=8 gamma=0.40267032 gradients={} kernel={'min': 0.3340720236301422, 'mean': 0.7099060416221619, 'std': 0.1386037915945053, 'max': 0.9774625897407532, 'quantiles_05_25_50_75_95': [0.48072829842567444, 0.6030447483062744, 0.7095929980278015, 0.8270372152328491, 0.9213665723800659], 'histogram_10_bins_0_1': [0, 0, 0, 5, 41, 111, 151, 136, 144, 52]}
2026-10-01 15:24:07,364 [RSIAT_adapter.py] => QKSR diagnostics task=8 epoch=9 gamma=0.40267032 gradients={} kernel={'min': 0.3317761719226837, 'mean': 0.6977877616882324, 'std': 0.1450265496969223, 'max': 0.9739993214607239, 'quantiles_05_25_50_75_95': [0.4634106457233429, 0.5914304256439209, 0.7002078294754028, 0.8111721873283386, 0.9290555715560913], 'histogram_10_bins_0_1': [0, 0, 0, 9, 49, 115, 146, 144, 113, 64]}
2026-10-01 15:27:31,360 [RSIAT_adapter.py] => QKSR diagnostics task=8 epoch=10 gamma=0.40267032 gradients={} kernel={'min': 0.29897692799568176, 'mean': 0.6644551157951355, 'std': 0.15298938751220703, 'max': 0.9773606657981873, 'quantiles_05_25_50_75_95': [0.3987743854522705, 0.5452445149421692, 0.675909698009491, 0.7835348844528198, 0.9021679162979126], 'histogram_10_bins_0_1': [0, 0, 1, 32, 72, 120, 126, 155, 100, 34]}
2026-10-01 15:30:55,180 [RSIAT_adapter.py] => QKSR diagnostics task=8 epoch=11 gamma=0.40267032 gradients={} kernel={'min': 0.1723933070898056, 'mean': 0.6832069754600525, 'std': 0.15372928977012634, 'max': 0.9984714984893799, 'quantiles_05_25_50_75_95': [0.4285362660884857, 0.5797795057296753, 0.6891310214996338, 0.8042139410972595, 0.914905309677124], 'histogram_10_bins_0_1': [0, 1, 9, 14, 53, 108, 148, 136, 123, 48]}
2026-10-01 15:34:19,505 [RSIAT_adapter.py] => QKSR diagnostics task=8 epoch=12 gamma=0.40267032 gradients={} kernel={'min': 0.2921745479106903, 'mean': 0.6798646450042725, 'std': 0.15772493183612823, 'max': 0.9912592172622681, 'quantiles_05_25_50_75_95': [0.4108079969882965, 0.562481164932251, 0.6998817920684814, 0.8046964406967163, 0.9094588160514832], 'histogram_10_bins_0_1': [0, 0, 2, 28, 70, 96, 124, 154, 130, 36]}
2026-10-01 15:37:43,215 [RSIAT_adapter.py] => QKSR diagnostics task=8 epoch=13 gamma=0.40267032 gradients={} kernel={'min': 0.21208497881889343, 'mean': 0.6453734636306763, 'std': 0.19548143446445465, 'max': 0.9863348603248596, 'quantiles_05_25_50_75_95': [0.3168982267379761, 0.48838284611701965, 0.6539117097854614, 0.8169225454330444, 0.9173346161842346], 'histogram_10_bins_0_1': [0, 0, 28, 59, 87, 92, 93, 100, 127, 54]}
2026-10-01 15:41:06,071 [RSIAT_adapter.py] => QKSR diagnostics task=8 epoch=14 gamma=0.40267032 gradients={} kernel={'min': 0.2118905484676361, 'mean': 0.6349374651908875, 'std': 0.17704077064990997, 'max': 0.9579429030418396, 'quantiles_05_25_50_75_95': [0.3428398668766022, 0.4851917028427124, 0.6560325622558594, 0.7787256240844727, 0.8920167088508606], 'histogram_10_bins_0_1': [0, 0, 12, 63, 102, 81, 124, 117, 117, 24]}
2026-10-01 15:44:29,988 [RSIAT_adapter.py] => QKSR diagnostics task=8 epoch=15 gamma=0.40267032 gradients={} kernel={'min': 0.2097225934267044, 'mean': 0.6143593788146973, 'std': 0.1430913209915161, 'max': 0.9928115606307983, 'quantiles_05_25_50_75_95': [0.3749072849750519, 0.5201758146286011, 0.6126540899276733, 0.7068817019462585, 0.8497377634048462], 'histogram_10_bins_0_1': [0, 0, 10, 30, 94, 163, 174, 98, 58, 13]}
2026-10-01 15:47:53,542 [RSIAT_adapter.py] => QKSR diagnostics task=8 epoch=16 gamma=0.40267032 gradients={} kernel={'min': 0.25949326157569885, 'mean': 0.6558871269226074, 'std': 0.15938054025173187, 'max': 0.9809480905532837, 'quantiles_05_25_50_75_95': [0.3791491687297821, 0.5351969003677368, 0.6606088280677795, 0.7752267718315125, 0.9198445677757263], 'histogram_10_bins_0_1': [0, 0, 5, 35, 75, 115, 147, 127, 91, 45]}
2026-10-01 15:51:17,175 [RSIAT_adapter.py] => QKSR diagnostics task=8 epoch=17 gamma=0.40267032 gradients={} kernel={'min': 0.2629193365573883, 'mean': 0.6686707139015198, 'std': 0.1594902127981186, 'max': 0.9706250429153442, 'quantiles_05_25_50_75_95': [0.4086219370365143, 0.5474680066108704, 0.6771522760391235, 0.7952122092247009, 0.9125452637672424], 'histogram_10_bins_0_1': [0, 0, 3, 25, 91, 97, 136, 136, 112, 40]}
2026-10-01 15:54:40,656 [RSIAT_adapter.py] => QKSR diagnostics task=8 epoch=18 gamma=0.40267032 gradients={} kernel={'min': 0.282473623752594, 'mean': 0.6597640514373779, 'std': 0.15303567051887512, 'max': 0.965195894241333, 'quantiles_05_25_50_75_95': [0.3765025734901428, 0.5520663857460022, 0.6629642844200134, 0.7720632553100586, 0.8987501263618469], 'histogram_10_bins_0_1': [0, 0, 3, 40, 51, 134, 131, 156, 94, 31]}
2026-10-01 15:58:04,029 [RSIAT_adapter.py] => QKSR diagnostics task=8 epoch=19 gamma=0.40267032 gradients={} kernel={'min': 0.22587254643440247, 'mean': 0.6187138557434082, 'std': 0.17956528067588806, 'max': 0.9857131242752075, 'quantiles_05_25_50_75_95': [0.31252390146255493, 0.4921416640281677, 0.6157587766647339, 0.7615069150924683, 0.9022522568702698], 'histogram_10_bins_0_1': [0, 0, 26, 54, 86, 134, 116, 105, 83, 36]}
2026-10-01 16:01:27,478 [RSIAT_adapter.py] => QKSR diagnostics task=8 epoch=20 gamma=0.40267032 gradients={} kernel={'min': 0.20587697625160217, 'mean': 0.6401029229164124, 'std': 0.18652787804603577, 'max': 0.9725247621536255, 'quantiles_05_25_50_75_95': [0.3136812746524811, 0.5082716941833496, 0.6552177667617798, 0.7822295427322388, 0.9220097064971924], 'histogram_10_bins_0_1': [0, 0, 24, 57, 70, 113, 105, 122, 100, 49]}
2026-10-01 16:04:51,115 [RSIAT_adapter.py] => QKSR diagnostics task=8 epoch=21 gamma=0.40267032 gradients={} kernel={'min': 0.24860936403274536, 'mean': 0.6492195725440979, 'std': 0.1540532261133194, 'max': 0.9632055759429932, 'quantiles_05_25_50_75_95': [0.3940733075141907, 0.5324888229370117, 0.6586066484451294, 0.7729595303535461, 0.8870450258255005], 'histogram_10_bins_0_1': [0, 0, 3, 33, 98, 104, 149, 134, 96, 23]}
2026-10-01 16:08:15,080 [RSIAT_adapter.py] => QKSR diagnostics task=8 epoch=22 gamma=0.40267032 gradients={} kernel={'min': 0.16988888382911682, 'mean': 0.6284460425376892, 'std': 0.18191103637218475, 'max': 0.9849348664283752, 'quantiles_05_25_50_75_95': [0.3459513187408447, 0.4895403981208801, 0.6261553764343262, 0.7788868546485901, 0.9205138087272644], 'histogram_10_bins_0_1': [0, 7, 9, 52, 108, 112, 119, 100, 87, 46]}
2026-10-01 16:11:38,567 [RSIAT_adapter.py] => QKSR diagnostics task=8 epoch=23 gamma=0.40267032 gradients={} kernel={'min': 0.2763790488243103, 'mean': 0.6620880961418152, 'std': 0.15477778017520905, 'max': 0.9723408818244934, 'quantiles_05_25_50_75_95': [0.3989572525024414, 0.5464178919792175, 0.6655178666114807, 0.7873966693878174, 0.9033626317977905], 'histogram_10_bins_0_1': [0, 0, 1, 32, 69, 145, 121, 127, 110, 35]}
2026-10-01 16:15:01,298 [RSIAT_adapter.py] => QKSR diagnostics task=8 epoch=24 gamma=0.40267032 gradients={} kernel={'min': 0.13624358177185059, 'mean': 0.5965667366981506, 'std': 0.1908329576253891, 'max': 0.9900359511375427, 'quantiles_05_25_50_75_95': [0.2532025873661041, 0.45549696683883667, 0.6055904626846313, 0.7452220320701599, 0.9023903608322144], 'histogram_10_bins_0_1': [0, 11, 37, 51, 104, 112, 116, 111, 64, 34]}
2026-10-01 16:18:24,566 [RSIAT_adapter.py] => QKSR diagnostics task=8 epoch=25 gamma=0.40267032 gradients={} kernel={'min': 0.16871872544288635, 'mean': 0.6005840301513672, 'std': 0.190412238240242, 'max': 0.9611005783081055, 'quantiles_05_25_50_75_95': [0.28933411836624146, 0.4546697735786438, 0.6044415831565857, 0.7564092874526978, 0.8980453610420227], 'histogram_10_bins_0_1': [0, 2, 44, 64, 106, 98, 112, 91, 95, 28]}
2026-10-01 16:21:48,365 [RSIAT_adapter.py] => QKSR diagnostics task=8 epoch=26 gamma=0.40267032 gradients={} kernel={'min': 0.2518380582332611, 'mean': 0.680406391620636, 'std': 0.1511124074459076, 'max': 0.9803318381309509, 'quantiles_05_25_50_75_95': [0.43243926763534546, 0.5702480673789978, 0.6899638772010803, 0.7927770614624023, 0.9146658182144165], 'histogram_10_bins_0_1': [0, 0, 5, 17, 58, 121, 138, 150, 102, 49]}
2026-10-01 16:25:11,679 [RSIAT_adapter.py] => QKSR diagnostics task=8 epoch=27 gamma=0.40267032 gradients={} kernel={'min': 0.18593786656856537, 'mean': 0.6545996069908142, 'std': 0.1637762486934662, 'max': 0.9752407670021057, 'quantiles_05_25_50_75_95': [0.35332900285720825, 0.5482478141784668, 0.6588791608810425, 0.7795156240463257, 0.9106137156486511], 'histogram_10_bins_0_1': [0, 3, 17, 25, 55, 129, 156, 127, 90, 38]}
2026-10-01 16:28:34,532 [RSIAT_adapter.py] => QKSR diagnostics task=8 epoch=28 gamma=0.40267032 gradients={} kernel={'min': 0.2552490234375, 'mean': 0.6742644906044006, 'std': 0.15095774829387665, 'max': 0.9908334016799927, 'quantiles_05_25_50_75_95': [0.4115865230560303, 0.5736954212188721, 0.6875607967376709, 0.7897734642028809, 0.8988290429115295], 'histogram_10_bins_0_1': [0, 0, 6, 21, 73, 91, 151, 152, 114, 32]}
2026-10-01 16:31:57,776 [RSIAT_adapter.py] => QKSR diagnostics task=8 epoch=29 gamma=0.40267032 gradients={} kernel={'min': 0.24654068052768707, 'mean': 0.6336626410484314, 'std': 0.16466236114501953, 'max': 0.9683334827423096, 'quantiles_05_25_50_75_95': [0.3759182393550873, 0.5062968134880066, 0.629477858543396, 0.7613322734832764, 0.9140709042549133], 'histogram_10_bins_0_1': [0, 0, 8, 45, 102, 129, 123, 110, 82, 41]}
2026-10-01 16:37:24,884 [RSIAT_adapter.py] => QKSR diagnostics task=8 epoch=30 gamma=0.40267032 gradients={} kernel={'min': 0.27633586525917053, 'mean': 0.689948558807373, 'std': 0.15034238994121552, 'max': 0.9807773232460022, 'quantiles_05_25_50_75_95': [0.44187426567077637, 0.5796007513999939, 0.6848937273025513, 0.8150041103363037, 0.9289110898971558], 'histogram_10_bins_0_1': [0, 0, 3, 16, 51, 120, 145, 128, 125, 52]}
2026-10-01 16:37:24,886 [RSIAT_adapter.py] => Task 8, Epoch 30/30 => Loss 0.968, Loss_c 0.509, Losses_rt 0.459, Train_accy 80.58, Test_accy 91.99, Time 202.85s
2026-10-01 16:37:24,886 [RSIAT_adapter.py] => Task 8 peak GPU memory: 6256.13 MiB
2026-10-01 16:39:58,224 [base.py] => CA Task 8 => Loss 0.074, Test_accy skipped
2026-10-01 16:39:58,989 [base.py] => CA Task 8 => Loss 0.070, Test_accy skipped
2026-10-01 16:39:59,754 [base.py] => CA Task 8 => Loss 0.067, Test_accy skipped
2026-10-01 16:40:00,530 [base.py] => CA Task 8 => Loss 0.067, Test_accy skipped
2026-10-01 16:40:01,308 [base.py] => CA Task 8 => Loss 0.065, Test_accy skipped
2026-10-01 16:40:02,105 [base.py] => CA Task 8 => Loss 0.065, Test_accy skipped
2026-10-01 16:40:02,867 [base.py] => CA Task 8 => Loss 0.064, Test_accy skipped
2026-10-01 16:40:03,635 [base.py] => CA Task 8 => Loss 0.064, Test_accy skipped
2026-10-01 16:40:04,414 [base.py] => CA Task 8 => Loss 0.063, Test_accy skipped
2026-10-01 16:42:08,669 [base.py] => CA Task 8 => Loss 0.064, Test_accy 92.390
2026-10-01 16:44:12,493 [trainer.py] => CNN: {'total': 92.39, '00-09': 93.0, '10-19': 92.5, '20-29': 94.8, '30-39': 94.2, '40-49': 90.0, '50-59': 90.4, '60-69': 93.3, '70-79': 90.3, '80-89': 93.0, 'old': 92.31, 'new': 93.0}
2026-10-01 16:44:12,493 [trainer.py] => Continual metrics after task 8: BWT=-2.9625, forgetting=2.9625, task_acc=[93.0, 92.5, 94.8, 94.2, 90.0, 90.4, 93.3, 90.3, 93.0]
2026-10-01 16:44:20,057 [base.py] => Saved checkpoint: /content/drive/MyDrive/QKSR_runs/ckpt/qksr/cifar224/10_10/seed_1993/task_8.pkl
2026-10-01 16:44:20,064 [trainer.py] => Removed superseded checkpoint: /content/drive/MyDrive/QKSR_runs/ckpt/qksr/cifar224/10_10/seed_1993/task_7.pkl
2026-10-01 16:44:20,065 [trainer.py] => CNN top1 curve: [99.0, 97.5, 96.7, 96.02, 94.96, 94.48, 94.19, 92.81, 92.39]
2026-10-01 16:44:20,065 [trainer.py] => CNN top5 curve: [100.0, 99.65, 99.6, 99.58, 99.44, 99.4, 99.4, 99.45, 99.27]
2026-10-01 16:44:20,065 [trainer.py] => Average Accuracy (CNN): 95.33888888888889
2026-10-01 16:44:20,067 [trainer.py] => All params: 87057408
2026-10-01 16:44:20,068 [trainer.py] => Trainable params: 1258752
2026-10-01 16:44:20,070 [RSIAT_adapter.py] => Learning on 90-100
2026-10-01 16:44:20,273 [RSIAT_adapter.py] => QKSR calibration task=9 samples=512 indices=[4451, 1553, 2231, 327, 937, 1902, 3479, 2170, 773, 4826, 525, 2829, 4141, 2199, 4409, 2144, 3477, 653, 3851, 1295, 1963, 4705, 4381, 4695, 4059, 3828, 412, 4188, 2075, 4743, 336, 3179, 3833, 2707, 952, 2498, 3623, 895, 3336, 2987, 80, 84, 2741, 3710, 1910, 1263, 4099, 1846, 987, 4087, 2038, 3043, 1534, 4131, 2557, 3985, 3133, 4844, 1504, 3506, 4478, 2399, 2559, 4105, 3019, 4799, 2297, 2610, 1053, 4996, 2323, 1003, 1202, 755, 4304, 3877, 3858, 96, 3195, 4616, 3080, 2373, 638, 3093, 81, 2636, 823, 4587, 2783, 3905, 864, 603, 83, 132, 3260, 927, 3928, 2448, 4632, 3165, 1763, 2488, 2388, 4920, 1834, 251, 2620, 4678, 2099, 105, 1914, 2886, 1732, 3524, 3292, 1686, 432, 140, 795, 981, 2476, 2232, 2251, 1968, 4982, 2350, 2249, 3816, 3753, 3375, 450, 4502, 2472, 3738, 4002, 1328, 3559, 1478, 2998, 3209, 3744, 4434, 2055, 2548, 713, 2206, 3251, 1509, 723, 3172, 4733, 2857, 4440, 4611, 4997, 3818, 4336, 3162, 4847, 367, 1981, 1255, 3549, 2828, 4504, 3784, 469, 2937, 3718, 2176, 1310, 3993, 581, 4608, 3272, 582, 3102, 3622, 1774, 1040, 3404, 4103, 4816, 1541, 1022, 2508, 2403, 3560, 4000, 915, 833, 4931, 953, 2679, 4600, 3413, 1423, 4673, 3550, 801, 1257, 433, 1473, 3538, 3448, 4954, 4593, 1169, 1612, 4116, 3363, 964, 2193, 3944, 1738, 3708, 430, 534, 4812, 3667, 1119, 2364, 2125, 1087, 2692, 3290, 1728, 2556, 2016, 2592, 2316, 2181, 4051, 3729, 4295, 2600, 3713, 3837, 616, 1234, 4215, 3064, 1814, 2043, 178, 4106, 2487, 2501, 4601, 1210, 2993, 3969, 4049, 1904, 333, 448, 2818, 2241, 3831, 4080, 2821, 569, 2060, 3261, 1558, 134, 4169, 4692, 985, 2287, 1680, 240, 1853, 2887, 1283, 2558, 108, 3807, 225, 4860, 1222, 2756, 4224, 3884, 912, 2649, 1238, 3664, 2470, 1984, 2952, 808, 186, 2293, 792, 426, 2824, 4159, 1214, 1387, 4252, 1675, 2376, 2013, 4627, 2294, 1392, 1505, 1484, 2409, 3736, 1655, 3829, 4850, 144, 2933, 748, 4703, 465, 4636, 4402, 1522, 1978, 4426, 3325, 2731, 3733, 200, 1906, 4878, 1832, 419, 3672, 348, 2722, 1513, 3077, 973, 3987, 3374, 1578, 4957, 1196, 588, 1355, 4583, 3167, 2157, 4218, 4962, 956, 3879, 1997, 2413, 1621, 1467, 2302, 1551, 4884, 2938, 2670, 2351, 2940, 1, 606, 2315, 4485, 3317, 3390, 2365, 162, 2911, 2254, 1455, 2496, 167, 131, 4231, 2009, 2569, 940, 1094, 4028, 971, 3143, 1403, 4700, 3914, 1018, 4035, 1077, 2605, 3590, 862, 4180, 3349, 1415, 1545, 316, 2801, 4057, 4683, 630, 1643, 4725, 1725, 909, 269, 1374, 3400, 4456, 2336, 893, 4374, 3882, 3827, 2994, 2390, 2697, 2394, 4477, 3411, 3675, 2036, 4436, 1232, 1246, 711, 3157, 1116, 4102, 3457, 1703, 4048, 1988, 287, 3682, 2200, 3594, 1158, 3750, 1010, 2893, 1190, 4241, 1167, 4965, 3017, 680, 1748, 3458, 747, 1405, 4155, 1695, 4448, 3164, 2713, 4415, 1004, 784, 2820, 3763, 2250, 38, 3041, 3052, 1034, 1494, 3657, 1903, 1956, 3397, 4829, 120, 1849, 170, 3545, 1605, 3456, 376, 4444, 3140, 1790, 4927, 4576, 3843, 2769, 4065, 646, 4396, 1672, 3814, 962, 3846, 3296, 3799, 1831, 3949, 744, 3422, 1307, 1562, 1857, 4888, 8, 2798, 48, 3466, 4183, 2072, 4127]
2026-10-01 16:45:29,887 [toolkit.py] => All params: 87197312
2026-10-01 16:45:29,888 [toolkit.py] => Trainable params: 1398656
2026-10-02 00:27:14,936 [trainer.py] => config: /content/qksr_cifar224.json
2026-10-02 00:27:15,489 [trainer.py] => prefix: qksr
2026-10-02 00:27:15,490 [trainer.py] => dataset: cifar224
2026-10-02 00:27:15,490 [trainer.py] => save_checkpoints: True
2026-10-02 00:27:15,490 [trainer.py] => resume: True
2026-10-02 00:27:15,490 [trainer.py] => isolate_runs: True
2026-10-02 00:27:15,490 [trainer.py] => keep_last_checkpoint: True
2026-10-02 00:27:15,490 [trainer.py] => compact_diagonal_checkpoint: False
2026-10-02 00:27:15,491 [trainer.py] => eval_interval: 0
2026-10-02 00:27:15,491 [trainer.py] => ca_eval_interval: 0
2026-10-02 00:27:15,491 [trainer.py] => num_workers: 2
2026-10-02 00:27:15,491 [trainer.py] => stats_num_workers: 2
2026-10-02 00:27:15,491 [trainer.py] => pin_memory: True
2026-10-02 00:27:15,491 [trainer.py] => persistent_workers: True
2026-10-02 00:27:15,492 [trainer.py] => val_ratio: 0.0
2026-10-02 00:27:15,492 [trainer.py] => shuffle: True
2026-10-02 00:27:15,492 [trainer.py] => ssca: True
2026-10-02 00:27:15,492 [trainer.py] => ca: True
2026-10-02 00:27:15,493 [trainer.py] => init_cls: 10
2026-10-02 00:27:15,493 [trainer.py] => increment: 10
2026-10-02 00:27:15,493 [trainer.py] => model_name: adapter
2026-10-02 00:27:15,493 [trainer.py] => convnet_type: pretrained_vit_b16_224_in21k_adapter
2026-10-02 00:27:15,494 [trainer.py] => device: [device(type='cuda', index=0)]
2026-10-02 00:27:15,494 [trainer.py] => seed: 1993
2026-10-02 00:27:15,494 [trainer.py] => init_epochs: 10
2026-10-02 00:27:15,494 [trainer.py] => warmup_epoch: 7
2026-10-02 00:27:15,494 [trainer.py] => inc_epochs: 30
2026-10-02 00:27:15,495 [trainer.py] => ca_epochs: 10
2026-10-02 00:27:15,495 [trainer.py] => init_lr: 0.018461273665041644
2026-10-02 00:27:15,495 [trainer.py] => batch_size: 64
2026-10-02 00:27:15,495 [trainer.py] => weight_decay: 0.0001714081878951529
2026-10-02 00:27:15,495 [trainer.py] => min_lr: 0
2026-10-02 00:27:15,495 [trainer.py] => ffn_num: 64
2026-10-02 00:27:15,495 [trainer.py] => optimizer: sgd
2026-10-02 00:27:15,496 [trainer.py] => scale: 40.0
2026-10-02 00:27:15,496 [trainer.py] => margin: 0.1
2026-10-02 00:27:15,496 [trainer.py] => alpha: 0.5
2026-10-02 00:27:15,496 [trainer.py] => rs_margin: 0.3
2026-10-02 00:27:15,496 [trainer.py] => lambda_rs: 0.2
2026-10-02 00:27:15,496 [trainer.py] => beta: 1.0
2026-10-02 00:27:15,497 [trainer.py] => gamma: 0.4
2026-10-02 00:27:15,497 [trainer.py] => ae_code_dims: 256
2026-10-02 00:27:15,497 [trainer.py] => ae_init_lr: 0.0005611742230603744
2026-10-02 00:27:15,497 [trainer.py] => ae_weight_decay: 0.0029339295871570244
2026-10-02 00:27:15,497 [trainer.py] => use_quantum_kernel_base: True
2026-10-02 00:27:15,497 [trainer.py] => use_quantum_kernel_inc: True
2026-10-02 00:27:15,498 [trainer.py] => q_kernel_type: pqk
2026-10-02 00:27:15,498 [trainer.py] => q_kernel_order: 1
2026-10-02 00:27:15,498 [trainer.py] => q_order2_weight: 1.0
2026-10-02 00:27:15,498 [trainer.py] => q_num_qubits: 8
2026-10-02 00:27:15,498 [trainer.py] => q_num_layers: 2
2026-10-02 00:27:15,499 [trainer.py] => q_reupload: False
2026-10-02 00:27:15,499 [trainer.py] => q_dtype: float32
2026-10-02 00:27:15,499 [trainer.py] => q_gamma_mode: bounded_learned
2026-10-02 00:27:15,499 [trainer.py] => q_calib_samples: 512
2026-10-02 00:27:15,499 [trainer.py] => q_init_seed: 1234
2026-10-02 00:27:15,500 [trainer.py] => q_metric_lr_mult: 0.1
2026-10-02 00:27:15,500 [trainer.py] => q_inc_train_mode: frozen
2026-10-02 00:27:15,500 [trainer.py] => inc_loss_mode: mean
2026-10-02 00:27:15,500 [trainer.py] => q_inc_pair: old_proj
2026-10-02 00:27:15,501 [trainer.py] => rs_margin_q: 0.5
2026-10-02 00:27:15,501 [trainer.py] => rs_margin_q_mode: fixed
2026-10-02 00:27:15,501 [trainer.py] => rs_margin_quantile: 0.9
2026-10-02 00:27:15,501 [trainer.py] => rs_margin_inc: 0.3
2026-10-02 00:27:15,501 [trainer.py] => output_root: /content/drive/MyDrive/QKSR_runs
2026-10-02 00:27:18,274 [data_manager.py] => [68, 56, 78, 8, 23, 84, 90, 65, 74, 76, 40, 89, 3, 92, 55, 9, 26, 80, 43, 38, 58, 70, 77, 1, 85, 19, 17, 50, 28, 53, 13, 81, 45, 82, 6, 59, 83, 16, 15, 44, 91, 41, 72, 60, 79, 52, 20, 10, 31, 54, 37, 95, 14, 71, 96, 98, 97, 2, 64, 66, 42, 22, 35, 86, 24, 34, 87, 21, 99, 0, 88, 27, 18, 94, 11, 12, 47, 25, 30, 46, 62, 69, 36, 61, 7, 63, 75, 5, 32, 4, 51, 48, 73, 93, 39, 67, 29, 49, 57, 33]
2026-10-02 00:27:22,327 [_builder.py] => Loading pretrained weights from Hugging Face hub (timm/vit_base_patch16_224.augreg_in21k)
2026-10-02 00:27:22,506 [_client.py] => HTTP Request: GET https://huggingface.co/api/agent-harnesses "HTTP/1.1 200 OK"
2026-10-02 00:27:22,612 [_client.py] => HTTP Request: HEAD https://huggingface.co/timm/vit_base_patch16_224.augreg_in21k/resolve/main/model.safetensors "HTTP/1.1 302 Found"
2026-10-02 00:27:22,773 [_client.py] => HTTP Request: GET https://huggingface.co/api/models/timm/vit_base_patch16_224.augreg_in21k/xet-read-token/bb70896cd6bffdd579c3d4f7284f39d0c4ab46c3 "HTTP/1.1 200 OK"
2026-10-02 00:27:25,846 [_hub.py] => [timm/vit_base_patch16_224.augreg_in21k] Safe alternative available for 'pytorch_model.bin' (as 'model.safetensors'). Loading weights using safetensors.
2026-10-02 00:27:26,255 [RSIAT_adapter.py] => QKSR parameter counts: {'projector': 6152, 'metric': 17, 'total': 6169, 'trainable': 6169}
2026-10-02 00:27:38,658 [base.py] => Loaded checkpoint /content/drive/MyDrive/QKSR_runs/ckpt/qksr/cifar224/10_10/seed_1993/task_8.pkl; completed task=8, known_classes=90, total_classes=90
2026-10-02 00:27:38,663 [trainer.py] => Resuming experiment from task 9
2026-10-02 00:27:38,664 [trainer.py] => All params: 87057408
2026-10-02 00:27:38,665 [trainer.py] => Trainable params: 1258752
2026-10-02 00:27:38,666 [RSIAT_adapter.py] => Learning on 90-100
2026-10-02 00:27:38,692 [RSIAT_adapter.py] => QKSR calibration task=9 samples=512 indices=[4451, 1553, 2231, 327, 937, 1902, 3479, 2170, 773, 4826, 525, 2829, 4141, 2199, 4409, 2144, 3477, 653, 3851, 1295, 1963, 4705, 4381, 4695, 4059, 3828, 412, 4188, 2075, 4743, 336, 3179, 3833, 2707, 952, 2498, 3623, 895, 3336, 2987, 80, 84, 2741, 3710, 1910, 1263, 4099, 1846, 987, 4087, 2038, 3043, 1534, 4131, 2557, 3985, 3133, 4844, 1504, 3506, 4478, 2399, 2559, 4105, 3019, 4799, 2297, 2610, 1053, 4996, 2323, 1003, 1202, 755, 4304, 3877, 3858, 96, 3195, 4616, 3080, 2373, 638, 3093, 81, 2636, 823, 4587, 2783, 3905, 864, 603, 83, 132, 3260, 927, 3928, 2448, 4632, 3165, 1763, 2488, 2388, 4920, 1834, 251, 2620, 4678, 2099, 105, 1914, 2886, 1732, 3524, 3292, 1686, 432, 140, 795, 981, 2476, 2232, 2251, 1968, 4982, 2350, 2249, 3816, 3753, 3375, 450, 4502, 2472, 3738, 4002, 1328, 3559, 1478, 2998, 3209, 3744, 4434, 2055, 2548, 713, 2206, 3251, 1509, 723, 3172, 4733, 2857, 4440, 4611, 4997, 3818, 4336, 3162, 4847, 367, 1981, 1255, 3549, 2828, 4504, 3784, 469, 2937, 3718, 2176, 1310, 3993, 581, 4608, 3272, 582, 3102, 3622, 1774, 1040, 3404, 4103, 4816, 1541, 1022, 2508, 2403, 3560, 4000, 915, 833, 4931, 953, 2679, 4600, 3413, 1423, 4673, 3550, 801, 1257, 433, 1473, 3538, 3448, 4954, 4593, 1169, 1612, 4116, 3363, 964, 2193, 3944, 1738, 3708, 430, 534, 4812, 3667, 1119, 2364, 2125, 1087, 2692, 3290, 1728, 2556, 2016, 2592, 2316, 2181, 4051, 3729, 4295, 2600, 3713, 3837, 616, 1234, 4215, 3064, 1814, 2043, 178, 4106, 2487, 2501, 4601, 1210, 2993, 3969, 4049, 1904, 333, 448, 2818, 2241, 3831, 4080, 2821, 569, 2060, 3261, 1558, 134, 4169, 4692, 985, 2287, 1680, 240, 1853, 2887, 1283, 2558, 108, 3807, 225, 4860, 1222, 2756, 4224, 3884, 912, 2649, 1238, 3664, 2470, 1984, 2952, 808, 186, 2293, 792, 426, 2824, 4159, 1214, 1387, 4252, 1675, 2376, 2013, 4627, 2294, 1392, 1505, 1484, 2409, 3736, 1655, 3829, 4850, 144, 2933, 748, 4703, 465, 4636, 4402, 1522, 1978, 4426, 3325, 2731, 3733, 200, 1906, 4878, 1832, 419, 3672, 348, 2722, 1513, 3077, 973, 3987, 3374, 1578, 4957, 1196, 588, 1355, 4583, 3167, 2157, 4218, 4962, 956, 3879, 1997, 2413, 1621, 1467, 2302, 1551, 4884, 2938, 2670, 2351, 2940, 1, 606, 2315, 4485, 3317, 3390, 2365, 162, 2911, 2254, 1455, 2496, 167, 131, 4231, 2009, 2569, 940, 1094, 4028, 971, 3143, 1403, 4700, 3914, 1018, 4035, 1077, 2605, 3590, 862, 4180, 3349, 1415, 1545, 316, 2801, 4057, 4683, 630, 1643, 4725, 1725, 909, 269, 1374, 3400, 4456, 2336, 893, 4374, 3882, 3827, 2994, 2390, 2697, 2394, 4477, 3411, 3675, 2036, 4436, 1232, 1246, 711, 3157, 1116, 4102, 3457, 1703, 4048, 1988, 287, 3682, 2200, 3594, 1158, 3750, 1010, 2893, 1190, 4241, 1167, 4965, 3017, 680, 1748, 3458, 747, 1405, 4155, 1695, 4448, 3164, 2713, 4415, 1004, 784, 2820, 3763, 2250, 38, 3041, 3052, 1034, 1494, 3657, 1903, 1956, 3397, 4829, 120, 1849, 170, 3545, 1605, 3456, 376, 4444, 3140, 1790, 4927, 4576, 3843, 2769, 4065, 646, 4396, 1672, 3814, 962, 3846, 3296, 3799, 1831, 3949, 744, 3422, 1307, 1562, 1857, 4888, 8, 2798, 48, 3466, 4183, 2072, 4127]
2026-10-02 00:28:37,781 [toolkit.py] => All params: 87197312
2026-10-02 00:28:37,782 [toolkit.py] => Trainable params: 1398656
2026-10-02 00:31:48,787 [RSIAT_adapter.py] => QKSR diagnostics task=9 epoch=1 gamma=0.40267032 gradients={} kernel={'min': 0.20547938346862793, 'mean': 0.6092842817306519, 'std': 0.13866199553012848, 'max': 0.9730069041252136, 'quantiles_05_25_50_75_95': [0.3666241466999054, 0.5213652849197388, 0.6126915216445923, 0.7088228464126587, 0.8220279216766357], 'histogram_10_bins_0_1': [0, 0, 13, 39, 103, 180, 190, 144, 42, 9]}
2026-10-02 00:34:59,057 [RSIAT_adapter.py] => QKSR diagnostics task=9 epoch=2 gamma=0.40267032 gradients={} kernel={'min': 0.21843749284744263, 'mean': 0.6659711599349976, 'std': 0.14678573608398438, 'max': 0.9853305220603943, 'quantiles_05_25_50_75_95': [0.41960081458091736, 0.5569288730621338, 0.6791206002235413, 0.7767780423164368, 0.8927084803581238], 'histogram_10_bins_0_1': [0, 0, 5, 24, 70, 137, 173, 167, 112, 32]}
2026-10-02 00:38:10,314 [RSIAT_adapter.py] => QKSR diagnostics task=9 epoch=3 gamma=0.40267032 gradients={} kernel={'min': 0.2282731682062149, 'mean': 0.6673715114593506, 'std': 0.14042377471923828, 'max': 0.9728977084159851, 'quantiles_05_25_50_75_95': [0.42119449377059937, 0.5664459466934204, 0.6735041737556458, 0.7729246020317078, 0.8853409886360168], 'histogram_10_bins_0_1': [0, 0, 3, 24, 64, 133, 182, 169, 121, 24]}
2026-10-02 00:41:21,028 [RSIAT_adapter.py] => QKSR diagnostics task=9 epoch=4 gamma=0.40267032 gradients={} kernel={'min': 0.16776081919670105, 'mean': 0.5706748366355896, 'std': 0.1855384260416031, 'max': 0.9569585919380188, 'quantiles_05_25_50_75_95': [0.2692521810531616, 0.43650713562965393, 0.5551239252090454, 0.7230106592178345, 0.8788941502571106], 'histogram_10_bins_0_1': [0, 7, 51, 78, 138, 147, 93, 107, 80, 19]}
2026-10-02 00:44:31,340 [RSIAT_adapter.py] => QKSR diagnostics task=9 epoch=5 gamma=0.40267032 gradients={} kernel={'min': 0.12446942180395126, 'mean': 0.5619217753410339, 'std': 0.17043185234069824, 'max': 0.9808704853057861, 'quantiles_05_25_50_75_95': [0.2838638126850128, 0.4296596348285675, 0.5613822937011719, 0.697136640548706, 0.8252170085906982], 'histogram_10_bins_0_1': [0, 9, 38, 79, 151, 136, 128, 120, 51, 8]}
2026-10-02 00:47:42,313 [RSIAT_adapter.py] => QKSR diagnostics task=9 epoch=6 gamma=0.40267032 gradients={} kernel={'min': 0.11905871331691742, 'mean': 0.5701444745063782, 'std': 0.19001571834087372, 'max': 0.9827927947044373, 'quantiles_05_25_50_75_95': [0.25987717509269714, 0.41900020837783813, 0.5865849256515503, 0.7177836894989014, 0.8434181213378906], 'histogram_10_bins_0_1': [0, 18, 42, 102, 105, 109, 137, 124, 62, 21]}
2026-10-02 00:50:53,085 [RSIAT_adapter.py] => QKSR diagnostics task=9 epoch=7 gamma=0.40267032 gradients={} kernel={'min': 0.11711049824953079, 'mean': 0.5401151776313782, 'std': 0.17047664523124695, 'max': 0.9622263312339783, 'quantiles_05_25_50_75_95': [0.26339584589004517, 0.42117923498153687, 0.5398974418640137, 0.6628276705741882, 0.8179102540016174], 'histogram_10_bins_0_1': [0, 17, 46, 85, 148, 149, 143, 83, 35, 14]}
2026-10-02 00:54:03,915 [RSIAT_adapter.py] => QKSR diagnostics task=9 epoch=8 gamma=0.40267032 gradients={} kernel={'min': 0.10771957039833069, 'mean': 0.5736590027809143, 'std': 0.1810237467288971, 'max': 0.9659633636474609, 'quantiles_05_25_50_75_95': [0.2596454620361328, 0.44689515233039856, 0.5819058418273926, 0.7111979722976685, 0.8664107322692871], 'histogram_10_bins_0_1': [0, 13, 44, 75, 122, 136, 129, 119, 62, 20]}
2026-10-02 00:57:14,700 [RSIAT_adapter.py] => QKSR diagnostics task=9 epoch=9 gamma=0.40267032 gradients={} kernel={'min': 0.06689564883708954, 'mean': 0.5813480019569397, 'std': 0.1710677444934845, 'max': 0.9541844129562378, 'quantiles_05_25_50_75_95': [0.2895803451538086, 0.4637666344642639, 0.5864416360855103, 0.7079298496246338, 0.8527917861938477], 'histogram_10_bins_0_1': [2, 8, 32, 70, 117, 158, 139, 121, 60, 13]}
2026-10-02 01:00:25,366 [RSIAT_adapter.py] => QKSR diagnostics task=9 epoch=10 gamma=0.40267032 gradients={} kernel={'min': 0.15030954778194427, 'mean': 0.6246274709701538, 'std': 0.16824479401111603, 'max': 0.9463797807693481, 'quantiles_05_25_50_75_95': [0.3177589774131775, 0.5086453557014465, 0.6466957926750183, 0.7498083710670471, 0.86734539270401], 'histogram_10_bins_0_1': [0, 5, 27, 50, 88, 118, 166, 148, 101, 17]}
2026-10-02 01:03:35,896 [RSIAT_adapter.py] => QKSR diagnostics task=9 epoch=11 gamma=0.40267032 gradients={} kernel={'min': 0.06195168197154999, 'mean': 0.5113736987113953, 'std': 0.1952052265405655, 'max': 0.9661158323287964, 'quantiles_05_25_50_75_95': [0.19287356734275818, 0.3686339259147644, 0.5054517388343811, 0.6567714214324951, 0.8301710486412048], 'histogram_10_bins_0_1': [6, 33, 74, 106, 132, 126, 107, 77, 50, 9]}
2026-10-02 01:06:47,128 [RSIAT_adapter.py] => QKSR diagnostics task=9 epoch=12 gamma=0.40267032 gradients={} kernel={'min': 0.05594471096992493, 'mean': 0.5279450416564941, 'std': 0.19691886007785797, 'max': 0.9600372314453125, 'quantiles_05_25_50_75_95': [0.19575618207454681, 0.37165531516075134, 0.5464432239532471, 0.6736061573028564, 0.8399966955184937], 'histogram_10_bins_0_1': [5, 33, 65, 101, 100, 135, 129, 96, 47, 9]}
2026-10-02 01:09:56,976 [RSIAT_adapter.py] => QKSR diagnostics task=9 epoch=13 gamma=0.40267032 gradients={} kernel={'min': 0.06720815598964691, 'mean': 0.5200074315071106, 'std': 0.19241207838058472, 'max': 0.9835028052330017, 'quantiles_05_25_50_75_95': [0.22447235882282257, 0.37038561701774597, 0.5085650682449341, 0.6621206402778625, 0.8612121939659119], 'histogram_10_bins_0_1': [2, 20, 76, 111, 138, 126, 106, 75, 44, 22]}
2026-10-02 01:13:06,812 [RSIAT_adapter.py] => QKSR diagnostics task=9 epoch=14 gamma=0.40267032 gradients={} kernel={'min': 0.12631455063819885, 'mean': 0.5510170459747314, 'std': 0.1774861365556717, 'max': 0.9521378874778748, 'quantiles_05_25_50_75_95': [0.24978585541248322, 0.4206230342388153, 0.5502439141273499, 0.6855494976043701, 0.8401898741722107], 'histogram_10_bins_0_1': [0, 11, 51, 98, 134, 140, 122, 102, 51, 11]}
2026-10-02 01:16:17,433 [RSIAT_adapter.py] => QKSR diagnostics task=9 epoch=15 gamma=0.40267032 gradients={} kernel={'min': 0.11295361816883087, 'mean': 0.5567042827606201, 'std': 0.17400521039962769, 'max': 0.9682514071464539, 'quantiles_05_25_50_75_95': [0.25964590907096863, 0.44425684213638306, 0.5648122429847717, 0.6848722696304321, 0.8300843238830566], 'histogram_10_bins_0_1': [0, 9, 52, 86, 124, 140, 155, 94, 54, 6]}
2026-10-02 01:19:28,086 [RSIAT_adapter.py] => QKSR diagnostics task=9 epoch=16 gamma=0.40267032 gradients={} kernel={'min': 0.07340139150619507, 'mean': 0.5129023790359497, 'std': 0.17544497549533844, 'max': 0.928738534450531, 'quantiles_05_25_50_75_95': [0.23186743259429932, 0.3898474872112274, 0.506034791469574, 0.6374998092651367, 0.8287264704704285], 'histogram_10_bins_0_1': [2, 16, 70, 108, 156, 151, 97, 70, 48, 2]}
2026-10-02 01:22:38,269 [RSIAT_adapter.py] => QKSR diagnostics task=9 epoch=17 gamma=0.40267032 gradients={} kernel={'min': 0.09259969741106033, 'mean': 0.5447553992271423, 'std': 0.20217294991016388, 'max': 0.9556384086608887, 'quantiles_05_25_50_75_95': [0.22294150292873383, 0.3878326117992401, 0.5356197953224182, 0.7073015570640564, 0.8772619962692261], 'histogram_10_bins_0_1': [1, 30, 61, 101, 117, 122, 100, 99, 66, 23]}
2026-10-02 01:25:48,974 [RSIAT_adapter.py] => QKSR diagnostics task=9 epoch=18 gamma=0.40267032 gradients={} kernel={'min': 0.1328255832195282, 'mean': 0.5312714576721191, 'std': 0.1687457263469696, 'max': 0.9513372778892517, 'quantiles_05_25_50_75_95': [0.2613096237182617, 0.4039002060890198, 0.5236454010009766, 0.6582764387130737, 0.8147037625312805], 'histogram_10_bins_0_1': [0, 12, 51, 113, 143, 150, 123, 80, 40, 8]}
2026-10-02 01:28:59,844 [RSIAT_adapter.py] => QKSR diagnostics task=9 epoch=19 gamma=0.40267032 gradients={} kernel={'min': 0.1359754204750061, 'mean': 0.5210021138191223, 'std': 0.18128716945648193, 'max': 0.9648360013961792, 'quantiles_05_25_50_75_95': [0.2410224974155426, 0.3867958188056946, 0.49837571382522583, 0.6548951268196106, 0.8347487449645996], 'histogram_10_bins_0_1': [0, 13, 64, 124, 161, 131, 89, 78, 47, 13]}
2026-10-02 01:32:10,805 [RSIAT_adapter.py] => QKSR diagnostics task=9 epoch=20 gamma=0.40267032 gradients={} kernel={'min': 0.08538957685232162, 'mean': 0.5076161026954651, 'std': 0.18385913968086243, 'max': 0.9530055522918701, 'quantiles_05_25_50_75_95': [0.20681379735469818, 0.37243685126304626, 0.4961819052696228, 0.6437650918960571, 0.806900143623352], 'histogram_10_bins_0_1': [1, 28, 81, 101, 152, 126, 100, 91, 35, 5]}
2026-10-02 01:35:21,179 [RSIAT_adapter.py] => QKSR diagnostics task=9 epoch=21 gamma=0.40267032 gradients={} kernel={'min': 0.10700782388448715, 'mean': 0.5379723310470581, 'std': 0.1741834431886673, 'max': 0.9528287053108215, 'quantiles_05_25_50_75_95': [0.25201615691185, 0.4136037826538086, 0.5347883701324463, 0.6735433340072632, 0.818968653678894], 'histogram_10_bins_0_1': [0, 21, 43, 103, 138, 143, 124, 100, 43, 5]}
2026-10-02 01:38:31,597 [RSIAT_adapter.py] => QKSR diagnostics task=9 epoch=22 gamma=0.40267032 gradients={} kernel={'min': 0.09601180255413055, 'mean': 0.5246678590774536, 'std': 0.18420574069023132, 'max': 0.9553304314613342, 'quantiles_05_25_50_75_95': [0.22769834101200104, 0.38581350445747375, 0.5225199460983276, 0.6739089488983154, 0.8145633339881897], 'histogram_10_bins_0_1': [1, 23, 71, 105, 123, 140, 106, 105, 40, 6]}
2026-10-02 01:41:42,463 [RSIAT_adapter.py] => QKSR diagnostics task=9 epoch=23 gamma=0.40267032 gradients={} kernel={'min': 0.09237103909254074, 'mean': 0.500739574432373, 'std': 0.18912094831466675, 'max': 0.9433816075325012, 'quantiles_05_25_50_75_95': [0.22659456729888916, 0.34648844599723816, 0.5003039240837097, 0.647095263004303, 0.8317334055900574], 'histogram_10_bins_0_1': [1, 21, 106, 125, 107, 132, 111, 70, 38, 9]}
2026-10-02 01:44:53,129 [RSIAT_adapter.py] => QKSR diagnostics task=9 epoch=24 gamma=0.40267032 gradients={} kernel={'min': 0.08879877626895905, 'mean': 0.4876309037208557, 'std': 0.1969432532787323, 'max': 0.9654116630554199, 'quantiles_05_25_50_75_95': [0.19109047949314117, 0.3388718068599701, 0.4624578058719635, 0.633110523223877, 0.8472336530685425], 'histogram_10_bins_0_1': [3, 36, 96, 135, 135, 109, 83, 67, 40, 16]}
2026-10-02 01:48:04,049 [RSIAT_adapter.py] => QKSR diagnostics task=9 epoch=25 gamma=0.40267032 gradients={} kernel={'min': 0.05402952805161476, 'mean': 0.518497884273529, 'std': 0.19739864766597748, 'max': 0.9571623802185059, 'quantiles_05_25_50_75_95': [0.20380999147891998, 0.3648979961872101, 0.5150321125984192, 0.6745580434799194, 0.8427777290344238], 'histogram_10_bins_0_1': [5, 29, 73, 108, 128, 123, 105, 81, 58, 10]}
2026-10-02 01:51:14,782 [RSIAT_adapter.py] => QKSR diagnostics task=9 epoch=26 gamma=0.40267032 gradients={} kernel={'min': 0.08536689728498459, 'mean': 0.48667654395103455, 'std': 0.18724310398101807, 'max': 0.9542822241783142, 'quantiles_05_25_50_75_95': [0.17853468656539917, 0.3477016091346741, 0.48392540216445923, 0.6263312101364136, 0.7889522910118103], 'histogram_10_bins_0_1': [3, 43, 91, 109, 128, 142, 89, 85, 27, 3]}
2026-10-02 01:54:25,725 [RSIAT_adapter.py] => QKSR diagnostics task=9 epoch=27 gamma=0.40267032 gradients={} kernel={'min': 0.07217277586460114, 'mean': 0.48934251070022583, 'std': 0.19755806028842926, 'max': 0.955561637878418, 'quantiles_05_25_50_75_95': [0.19193017482757568, 0.3368813097476959, 0.47113317251205444, 0.6337499618530273, 0.8313026428222656], 'histogram_10_bins_0_1': [4, 39, 92, 139, 119, 115, 80, 77, 41, 14]}
2026-10-02 01:57:36,649 [RSIAT_adapter.py] => QKSR diagnostics task=9 epoch=28 gamma=0.40267032 gradients={} kernel={'min': 0.0912078395485878, 'mean': 0.5027192831039429, 'std': 0.18096698820590973, 'max': 0.9509520530700684, 'quantiles_05_25_50_75_95': [0.22238534688949585, 0.361310750246048, 0.4899211525917053, 0.6465076208114624, 0.8054274320602417], 'histogram_10_bins_0_1': [2, 17, 83, 133, 142, 114, 108, 83, 34, 4]}
2026-10-02 02:00:47,076 [RSIAT_adapter.py] => QKSR diagnostics task=9 epoch=29 gamma=0.40267032 gradients={} kernel={'min': 0.06749109923839569, 'mean': 0.4910995662212372, 'std': 0.19277667999267578, 'max': 0.9824472069740295, 'quantiles_05_25_50_75_95': [0.20078735053539276, 0.335612028837204, 0.48681867122650146, 0.6356245875358582, 0.8190630674362183], 'histogram_10_bins_0_1': [3, 33, 102, 126, 110, 129, 96, 74, 41, 6]}
2026-10-02 02:06:06,400 [RSIAT_adapter.py] => QKSR diagnostics task=9 epoch=30 gamma=0.40267032 gradients={} kernel={'min': 0.15837672352790833, 'mean': 0.5573440790176392, 'std': 0.1702534705400467, 'max': 0.9663451910018921, 'quantiles_05_25_50_75_95': [0.29866841435432434, 0.43302589654922485, 0.5405533313751221, 0.6832607984542847, 0.8422307372093201], 'histogram_10_bins_0_1': [0, 4, 34, 108, 150, 133, 124, 92, 63, 12]}
2026-10-02 02:06:06,401 [RSIAT_adapter.py] => Task 9, Epoch 30/30 => Loss 0.891, Loss_c 0.598, Losses_rt 0.293, Train_accy 80.42, Test_accy 92.00, Time 190.34s
2026-10-02 02:06:06,402 [RSIAT_adapter.py] => Task 9 peak GPU memory: 6255.70 MiB
2026-10-02 02:08:36,350 [base.py] => CA Task 9 => Loss 0.070, Test_accy skipped
2026-10-02 02:08:37,280 [base.py] => CA Task 9 => Loss 0.067, Test_accy skipped
2026-10-02 02:08:38,197 [base.py] => CA Task 9 => Loss 0.065, Test_accy skipped
2026-10-02 02:08:39,101 [base.py] => CA Task 9 => Loss 0.066, Test_accy skipped
2026-10-02 02:08:40,005 [base.py] => CA Task 9 => Loss 0.065, Test_accy skipped
2026-10-02 02:08:40,897 [base.py] => CA Task 9 => Loss 0.062, Test_accy skipped
2026-10-02 02:08:41,820 [base.py] => CA Task 9 => Loss 0.060, Test_accy skipped
2026-10-02 02:08:42,721 [base.py] => CA Task 9 => Loss 0.059, Test_accy skipped
2026-10-02 02:08:43,630 [base.py] => CA Task 9 => Loss 0.061, Test_accy skipped
2026-10-02 02:10:53,150 [base.py] => CA Task 9 => Loss 0.060, Test_accy 92.280
2026-10-02 02:13:02,029 [trainer.py] => CNN: {'total': 92.28, '00-09': 92.1, '10-19': 92.3, '20-29': 94.7, '30-39': 93.8, '40-49': 89.8, '50-59': 90.3, '60-69': 93.0, '70-79': 89.9, '80-89': 93.4, '90-99': 93.5, 'old': 92.14, 'new': 93.5}
2026-10-02 02:13:02,030 [trainer.py] => Continual metrics after task 9: BWT=-2.8778, forgetting=2.9444, task_acc=[92.1, 92.3, 94.7, 93.8, 89.8, 90.3, 93.0, 89.9, 93.4, 93.5]
2026-10-02 02:13:04,597 [base.py] => Saved checkpoint: /content/drive/MyDrive/QKSR_runs/ckpt/qksr/cifar224/10_10/seed_1993/task_9.pkl
2026-10-02 02:13:04,641 [trainer.py] => Removed superseded checkpoint: /content/drive/MyDrive/QKSR_runs/ckpt/qksr/cifar224/10_10/seed_1993/task_8.pkl
2026-10-02 02:13:04,642 [trainer.py] => CNN top1 curve: [99.0, 97.5, 96.7, 96.02, 94.96, 94.48, 94.19, 92.81, 92.39, 92.28]
2026-10-02 02:13:04,642 [trainer.py] => CNN top5 curve: [100.0, 99.65, 99.6, 99.58, 99.44, 99.4, 99.4, 99.45, 99.27, 99.21]
2026-10-02 02:13:04,642 [trainer.py] => Average Accuracy (CNN): 95.033
2026-10-02 02:13:04,789 [trainer.py] => Average Seed Accuracy (CNN): 95.033
