2026-10-03 09:19:21,823 [trainer.py] => config: /kaggle/working/imageneta_kaggle.json
2026-10-03 09:19:21,823 [trainer.py] => prefix: imageneta_qksr
2026-10-03 09:19:21,823 [trainer.py] => dataset: imageneta
2026-10-03 09:19:21,823 [trainer.py] => save_checkpoints: True
2026-10-03 09:19:21,823 [trainer.py] => resume: True
2026-10-03 09:19:21,823 [trainer.py] => isolate_runs: True
2026-10-03 09:19:21,823 [trainer.py] => keep_last_checkpoint: True
2026-10-03 09:19:21,823 [trainer.py] => compact_diagonal_checkpoint: False
2026-10-03 09:19:21,823 [trainer.py] => eval_interval: 0
2026-10-03 09:19:21,823 [trainer.py] => ca_eval_interval: 0
2026-10-03 09:19:21,823 [trainer.py] => num_workers: 2
2026-10-03 09:19:21,823 [trainer.py] => stats_num_workers: 2
2026-10-03 09:19:21,823 [trainer.py] => pin_memory: True
2026-10-03 09:19:21,823 [trainer.py] => persistent_workers: True
2026-10-03 09:19:21,823 [trainer.py] => shuffle: True
2026-10-03 09:19:21,823 [trainer.py] => ssca: True
2026-10-03 09:19:21,823 [trainer.py] => ca: True
2026-10-03 09:19:21,823 [trainer.py] => init_cls: 20
2026-10-03 09:19:21,823 [trainer.py] => increment: 20
2026-10-03 09:19:21,823 [trainer.py] => model_name: adapter
2026-10-03 09:19:21,823 [trainer.py] => convnet_type: pretrained_vit_b16_224_in21k_adapter
2026-10-03 09:19:21,823 [trainer.py] => device: [device(type='cuda', index=0)]
2026-10-03 09:19:21,823 [trainer.py] => seed: 1993
2026-10-03 09:19:21,823 [trainer.py] => init_epochs: 20
2026-10-03 09:19:21,823 [trainer.py] => warmup_epoch: 3
2026-10-03 09:19:21,823 [trainer.py] => inc_epochs: 15
2026-10-03 09:19:21,823 [trainer.py] => ca_epochs: 10
2026-10-03 09:19:21,823 [trainer.py] => init_lr: 0.006688537652915857
2026-10-03 09:19:21,823 [trainer.py] => batch_size: 48
2026-10-03 09:19:21,823 [trainer.py] => weight_decay: 5.929828534160845e-07
2026-10-03 09:19:21,823 [trainer.py] => min_lr: 0
2026-10-03 09:19:21,823 [trainer.py] => ffn_num: 64
2026-10-03 09:19:21,823 [trainer.py] => optimizer: sgd
2026-10-03 09:19:21,823 [trainer.py] => scale: 30.0
2026-10-03 09:19:21,823 [trainer.py] => margin: 0.3
2026-10-03 09:19:21,823 [trainer.py] => alpha: 1.0
2026-10-03 09:19:21,823 [trainer.py] => rs_margin: 1.5
2026-10-03 09:19:21,823 [trainer.py] => lambda_rs: 1.0
2026-10-03 09:19:21,823 [trainer.py] => beta: 3.0
2026-10-03 09:19:21,823 [trainer.py] => gamma: 6.0
2026-10-03 09:19:21,823 [trainer.py] => ae_code_dims: 128
2026-10-03 09:19:21,823 [trainer.py] => ae_init_lr: 0.0003120779977680931
2026-10-03 09:19:21,823 [trainer.py] => ae_weight_decay: 2.424346330636298e-05
2026-10-03 09:19:21,823 [trainer.py] => output_root: /kaggle/working/qksr_runs
2026-10-03 09:19:21,823 [trainer.py] => val_ratio: 0.0
2026-10-03 09:19:21,823 [trainer.py] => use_quantum_kernel_base: True
2026-10-03 09:19:21,823 [trainer.py] => use_quantum_kernel_inc: True
2026-10-03 09:19:21,823 [trainer.py] => q_kernel_type: pqk
2026-10-03 09:19:21,823 [trainer.py] => q_kernel_order: 1
2026-10-03 09:19:21,823 [trainer.py] => q_order2_weight: 1.0
2026-10-03 09:19:21,823 [trainer.py] => q_num_qubits: 8
2026-10-03 09:19:21,823 [trainer.py] => q_num_layers: 2
2026-10-03 09:19:21,823 [trainer.py] => q_reupload: False
2026-10-03 09:19:21,823 [trainer.py] => q_dtype: float32
2026-10-03 09:19:21,823 [trainer.py] => q_gamma_mode: bounded_learned
2026-10-03 09:19:21,823 [trainer.py] => q_calib_samples: 512
2026-10-03 09:19:21,823 [trainer.py] => q_init_seed: 1234
2026-10-03 09:19:21,823 [trainer.py] => q_metric_lr_mult: 0.1
2026-10-03 09:19:21,823 [trainer.py] => q_inc_train_mode: frozen
2026-10-03 09:19:21,823 [trainer.py] => inc_loss_mode: mean
2026-10-03 09:19:21,823 [trainer.py] => q_inc_pair: old_proj
2026-10-03 09:19:21,823 [trainer.py] => rs_margin_q: 0.5
2026-10-03 09:19:21,824 [trainer.py] => rs_margin_q_mode: fixed
2026-10-03 09:19:21,824 [trainer.py] => rs_margin_quantile: 0.9
2026-10-03 09:19:21,824 [trainer.py] => rs_margin_inc: 0.3
2026-10-03 09:19:27,794 [data_manager.py] => [168, 136, 51, 9, 183, 101, 171, 99, 42, 159, 191, 70, 16, 188, 27, 10, 175, 26, 68, 187, 98, 6, 85, 35, 112, 43, 100, 0, 103, 181, 88, 59, 4, 2, 116, 174, 94, 80, 106, 1, 147, 17, 141, 131, 72, 23, 173, 54, 197, 118, 87, 32, 79, 104, 91, 19, 135, 107, 178, 36, 11, 199, 142, 8, 122, 3, 28, 57, 153, 172, 190, 56, 49, 44, 97, 62, 151, 169, 194, 55, 192, 12, 189, 78, 66, 180, 15, 137, 109, 134, 92, 119, 126, 52, 170, 40, 148, 65, 144, 64, 138, 45, 77, 89, 154, 90, 71, 193, 74, 30, 113, 143, 96, 84, 67, 50, 186, 156, 69, 21, 18, 111, 108, 58, 125, 157, 150, 110, 182, 129, 166, 83, 81, 60, 13, 165, 14, 176, 63, 117, 5, 22, 145, 121, 38, 41, 82, 127, 114, 20, 31, 53, 37, 163, 196, 130, 152, 162, 86, 76, 24, 34, 184, 149, 33, 128, 198, 155, 146, 167, 139, 120, 140, 102, 47, 25, 158, 123, 46, 164, 61, 7, 115, 75, 133, 160, 105, 132, 179, 124, 48, 73, 93, 39, 95, 195, 29, 177, 185, 161]
2026-10-03 09:19:29,263 [RSIAT_adapter.py] => QKSR parameter counts: {'projector': 6152, 'metric': 17, 'total': 6169, 'trainable': 6169}
2026-10-03 09:19:29,263 [trainer.py] => Resume enabled but no checkpoint was found. Starting from task 0.
2026-10-03 09:19:29,264 [trainer.py] => All params: 86988288
2026-10-03 09:19:29,264 [trainer.py] => Trainable params: 1189632
2026-10-03 09:19:29,264 [RSIAT_adapter.py] => Learning on 0-20
2026-10-03 09:19:29,266 [RSIAT_adapter.py] => QKSR calibration task=0 samples=512 indices=[346, 460, 273, 670, 480, 533, 578, 322, 219, 218, 571, 532, 621, 287, 254, 689, 448, 125, 31, 211, 500, 45, 127, 397, 626, 457, 362, 616, 592, 599, 85, 129, 461, 420, 22, 508, 53, 463, 470, 628, 412, 516, 694, 50, 632, 661, 326, 587, 231, 421, 449, 33, 3, 444, 598, 204, 144, 556, 57, 373, 258, 352, 306, 475, 519, 44, 618, 683, 549, 593, 312, 540, 642, 65, 236, 210, 667, 681, 328, 613, 639, 649, 222, 205, 343, 325, 70, 315, 188, 133, 106, 496, 521, 574, 116, 506, 146, 355, 370, 332, 523, 536, 524, 98, 314, 503, 349, 389, 257, 331, 454, 150, 345, 691, 640, 243, 665, 208, 190, 432, 128, 391, 445, 395, 295, 467, 108, 191, 381, 657, 522, 281, 228, 151, 38, 217, 451, 570, 582, 62, 192, 680, 567, 139, 285, 589, 384, 278, 393, 594, 424, 330, 527, 615, 183, 319, 163, 554, 252, 636, 250, 235, 471, 517, 656, 92, 14, 417, 176, 669, 291, 76, 559, 131, 442, 400, 491, 337, 630, 347, 348, 199, 569, 230, 607, 48, 165, 334, 509, 81, 39, 416, 157, 19, 510, 560, 361, 120, 493, 609, 283, 52, 568, 646, 280, 297, 173, 143, 611, 357, 317, 107, 267, 398, 388, 433, 531, 466, 72, 547, 263, 119, 344, 490, 685, 71, 197, 573, 659, 253, 652, 300, 123, 342, 590, 365, 625, 97, 495, 124, 446, 561, 622, 23, 597, 305, 196, 221, 42, 550, 477, 695, 138, 440, 525, 318, 414, 114, 437, 600, 202, 548, 13, 488, 402, 443, 660, 105, 255, 633, 468, 426, 239, 552, 96, 41, 428, 164, 541, 485, 435, 434, 195, 310, 374, 88, 117, 207, 226, 423, 61, 9, 422, 515, 290, 474, 153, 390, 91, 557, 2, 654, 588, 209, 459, 47, 55, 7, 666, 161, 167, 514, 171, 430, 372, 565, 555, 512, 122, 160, 21, 378, 83, 586, 363, 40, 635, 641, 441, 486, 341, 329, 658, 450, 194, 324, 172, 241, 462, 244, 15, 137, 369, 359, 0, 327, 663, 354, 650, 340, 184, 110, 321, 179, 643, 30, 581, 84, 59, 284, 103, 268, 186, 256, 266, 130, 6, 504, 298, 674, 148, 4, 572, 537, 619, 303, 364, 259, 336, 174, 60, 168, 518, 492, 251, 526, 479, 294, 213, 539, 286, 672, 86, 528, 203, 489, 104, 156, 224, 293, 17, 511, 505, 579, 301, 126, 413, 408, 368, 585, 476, 245, 385, 553, 170, 529, 546, 684, 185, 198, 32, 181, 178, 410, 427, 580, 206, 296, 647, 411, 152, 377, 248, 112, 37, 367, 79, 27, 90, 366, 74, 456, 169, 465, 212, 662, 111, 264, 5, 544, 575, 262, 673, 225, 664, 49, 166, 237, 534, 399, 403, 177, 469, 140, 375, 606, 612, 308, 200, 118, 624, 155, 28, 238, 595, 227, 275, 696, 396, 507, 458, 271, 455, 201, 101, 265, 356, 187, 602, 360, 288, 692, 26, 154, 175, 353, 542, 543, 189, 686, 371, 1, 323, 304, 240, 679, 678, 182, 277, 494, 464, 115]
2026-10-03 09:19:31,407 [RSIAT_adapter.py] => QKSR gamma calibrated at task 0: gamma0=0.46958193, mode=bounded_learned
2026-10-03 09:19:31,408 [toolkit.py] => All params: 86265625
2026-10-03 09:19:31,408 [toolkit.py] => Trainable params: 1211161
2026-10-03 09:19:33,292 [RSIAT_adapter.py] => QKSR diagnostics task=0 epoch=1 gamma=0.46958193 gradients={'gamma_param': 0.0, 'projector.linear.weight': 0.0, 'projector.linear.bias': 0.0, 'encoder.theta': 0.0} kernel={'min': 0.030329683795571327, 'mean': 0.36359071731567383, 'std': 0.20906081795692444, 'max': 1.0, 'quantiles_05_25_50_75_95': [0.07962654531002045, 0.2240695208311081, 0.32536834478378296, 0.4847714602947235, 0.7018645405769348], 'histogram_10_bins_0_1': [42, 100, 130, 128, 84, 68, 40, 8, 0, 25]}
2026-10-03 09:19:34,994 [RSIAT_adapter.py] => QKSR diagnostics task=0 epoch=2 gamma=0.45329767 gradients={'gamma_param': 0.16256947815418243, 'projector.linear.weight': 0.02153731882572174, 'projector.linear.bias': 0.0227703545242548, 'encoder.theta': 0.007080186158418655} kernel={'min': 0.1711188405752182, 'mean': 0.4845421612262726, 'std': 0.18252292275428772, 'max': 1.0, 'quantiles_05_25_50_75_95': [0.24314925074577332, 0.3520802855491638, 0.4689108431339264, 0.5743179321289062, 0.8321695327758789], 'histogram_10_bins_0_1': [0, 8, 90, 128, 136, 126, 62, 42, 8, 25]}
2026-10-03 09:19:36,676 [RSIAT_adapter.py] => QKSR diagnostics task=0 epoch=3 gamma=0.41977718 gradients={'gamma_param': 0.29593348503112793, 'projector.linear.weight': 0.041890233755111694, 'projector.linear.bias': 0.0358937531709671, 'encoder.theta': 0.013237463310360909} kernel={'min': 0.13092197477817535, 'mean': 0.5090578198432922, 'std': 0.1679178923368454, 'max': 1.0, 'quantiles_05_25_50_75_95': [0.2896336615085602, 0.39003992080688477, 0.49652981758117676, 0.5907873511314392, 0.8552432060241699], 'histogram_10_bins_0_1': [0, 8, 28, 126, 164, 154, 78, 34, 4, 29]}
2026-10-03 09:19:38,352 [RSIAT_adapter.py] => QKSR diagnostics task=0 epoch=4 gamma=0.38318306 gradients={'gamma_param': 0.24663302302360535, 'projector.linear.weight': 0.05220736190676689, 'projector.linear.bias': 0.06319192051887512, 'encoder.theta': 0.021092034876346588} kernel={'min': 0.16545112431049347, 'mean': 0.5770620107650757, 'std': 0.16209374368190765, 'max': 1.0, 'quantiles_05_25_50_75_95': [0.3387072682380676, 0.46556878089904785, 0.5618166327476501, 0.6746864318847656, 0.871768593788147], 'histogram_10_bins_0_1': [0, 4, 10, 68, 136, 142, 130, 90, 14, 31]}
2026-10-03 09:19:40,043 [RSIAT_adapter.py] => QKSR diagnostics task=0 epoch=5 gamma=0.35264367 gradients={'gamma_param': 0.3350033462047577, 'projector.linear.weight': 0.05241847038269043, 'projector.linear.bias': 0.06937151402235031, 'encoder.theta': 0.014996066689491272} kernel={'min': 0.03687448054552078, 'mean': 0.496452659368515, 'std': 0.22923988103866577, 'max': 1.0, 'quantiles_05_25_50_75_95': [0.1363430768251419, 0.3249572515487671, 0.4962160289287567, 0.6598408818244934, 0.9817162156105042], 'histogram_10_bins_0_1': [6, 70, 66, 70, 104, 92, 102, 70, 10, 35]}
2026-10-03 09:19:41,732 [RSIAT_adapter.py] => QKSR diagnostics task=0 epoch=6 gamma=0.32199663 gradients={'gamma_param': 0.2760412395000458, 'projector.linear.weight': 0.04985442012548447, 'projector.linear.bias': 0.0392608717083931, 'encoder.theta': 0.014284640550613403} kernel={'min': 0.10153039544820786, 'mean': 0.5495046973228455, 'std': 0.1776922643184662, 'max': 1.0, 'quantiles_05_25_50_75_95': [0.2523367404937744, 0.4399324059486389, 0.5579925775527954, 0.6543169021606445, 0.7906171083450317], 'histogram_10_bins_0_1': [0, 14, 44, 68, 96, 156, 146, 70, 4, 27]}
2026-10-03 09:19:43,433 [RSIAT_adapter.py] => QKSR diagnostics task=0 epoch=7 gamma=0.29568404 gradients={'gamma_param': 0.25233107805252075, 'projector.linear.weight': 0.0574977807700634, 'projector.linear.bias': 0.08403131365776062, 'encoder.theta': 0.021733839064836502} kernel={'min': 0.0965866819024086, 'mean': 0.5405603647232056, 'std': 0.2104262262582779, 'max': 1.0, 'quantiles_05_25_50_75_95': [0.19158515334129333, 0.4056849181652069, 0.5406972765922546, 0.6809622645378113, 0.9732691049575806], 'histogram_10_bins_0_1': [2, 36, 58, 50, 122, 120, 96, 76, 30, 35]}
2026-10-03 09:19:45,106 [RSIAT_adapter.py] => QKSR diagnostics task=0 epoch=8 gamma=0.27469581 gradients={'gamma_param': 0.22355800867080688, 'projector.linear.weight': 0.031868308782577515, 'projector.linear.bias': 0.039037324488162994, 'encoder.theta': 0.013773271813988686} kernel={'min': 0.10022085160017014, 'mean': 0.5212262272834778, 'std': 0.2649437189102173, 'max': 1.0, 'quantiles_05_25_50_75_95': [0.1277540922164917, 0.2969922423362732, 0.511573314666748, 0.7072942852973938, 0.9999818801879883], 'histogram_10_bins_0_1': [0, 72, 90, 74, 70, 82, 72, 66, 20, 79]}
2026-10-03 09:19:46,788 [RSIAT_adapter.py] => QKSR diagnostics task=0 epoch=9 gamma=0.25799873 gradients={'gamma_param': 0.14968419075012207, 'projector.linear.weight': 0.03817567974328995, 'projector.linear.bias': 0.03686732426285744, 'encoder.theta': 0.013051779940724373} kernel={'min': 0.17513443529605865, 'mean': 0.6086814403533936, 'std': 0.24065744876861572, 'max': 1.0, 'quantiles_05_25_50_75_95': [0.22309571504592896, 0.4036327600479126, 0.6230577826499939, 0.8050758838653564, 0.9984737634658813], 'histogram_10_bins_0_1': [0, 10, 82, 60, 70, 74, 102, 64, 68, 95]}
2026-10-03 09:19:48,468 [RSIAT_adapter.py] => QKSR diagnostics task=0 epoch=10 gamma=0.24542782 gradients={'gamma_param': 0.30239444971084595, 'projector.linear.weight': 0.04652388021349907, 'projector.linear.bias': 0.07876673340797424, 'encoder.theta': 0.02499902993440628} kernel={'min': 0.04483967646956444, 'mean': 0.5594296455383301, 'std': 0.24179337918758392, 'max': 1.0, 'quantiles_05_25_50_75_95': [0.18862588703632355, 0.3741719722747803, 0.5486239790916443, 0.7519533634185791, 0.993348240852356], 'histogram_10_bins_0_1': [12, 24, 60, 82, 100, 72, 86, 66, 66, 57]}
2026-10-03 09:19:50,155 [RSIAT_adapter.py] => QKSR diagnostics task=0 epoch=11 gamma=0.2362344 gradients={'gamma_param': 0.17153187096118927, 'projector.linear.weight': 0.055688999593257904, 'projector.linear.bias': 0.06885155290365219, 'encoder.theta': 0.02000049315392971} kernel={'min': 0.1296909600496292, 'mean': 0.5719153881072998, 'std': 0.2349843531847, 'max': 1.0, 'quantiles_05_25_50_75_95': [0.1993897706270218, 0.37083715200424194, 0.5602051615715027, 0.748754620552063, 0.9988579154014587], 'histogram_10_bins_0_1': [0, 32, 36, 122, 78, 62, 100, 70, 60, 65]}
2026-10-03 09:19:51,844 [RSIAT_adapter.py] => QKSR diagnostics task=0 epoch=12 gamma=0.22926478 gradients={'gamma_param': 0.1418006867170334, 'projector.linear.weight': 0.051804449409246445, 'projector.linear.bias': 0.0678747296333313, 'encoder.theta': 0.025898372754454613} kernel={'min': 0.1385585516691208, 'mean': 0.6165736317634583, 'std': 0.23586222529411316, 'max': 1.0, 'quantiles_05_25_50_75_95': [0.20599950850009918, 0.44429725408554077, 0.6174972057342529, 0.8096100091934204, 0.9998918175697327], 'histogram_10_bins_0_1': [0, 30, 44, 64, 56, 88, 114, 60, 86, 83]}
2026-10-03 09:19:53,527 [RSIAT_adapter.py] => QKSR diagnostics task=0 epoch=13 gamma=0.22448814 gradients={'gamma_param': 0.13590869307518005, 'projector.linear.weight': 0.0339556485414505, 'projector.linear.bias': 0.04117647558450699, 'encoder.theta': 0.01259596087038517} kernel={'min': 0.21783186495304108, 'mean': 0.6422283053398132, 'std': 0.23711203038692474, 'max': 1.0, 'quantiles_05_25_50_75_95': [0.24589654803276062, 0.4679969549179077, 0.6511359214782715, 0.835539698600769, 0.999998927116394], 'histogram_10_bins_0_1': [0, 0, 64, 58, 66, 78, 100, 82, 42, 135]}
2026-10-03 09:19:55,213 [RSIAT_adapter.py] => QKSR diagnostics task=0 epoch=14 gamma=0.22125836 gradients={'gamma_param': 0.05852459371089935, 'projector.linear.weight': 0.049564462155103683, 'projector.linear.bias': 0.04638993367552757, 'encoder.theta': 0.013389690779149532} kernel={'min': 0.16591303050518036, 'mean': 0.6118103265762329, 'std': 0.25897297263145447, 'max': 1.0, 'quantiles_05_25_50_75_95': [0.18767574429512024, 0.42851394414901733, 0.581247091293335, 0.8044037818908691, 1.0], 'histogram_10_bins_0_1': [0, 36, 74, 42, 50, 142, 30, 88, 38, 125]}
2026-10-03 09:19:56,886 [RSIAT_adapter.py] => QKSR diagnostics task=0 epoch=15 gamma=0.2190441 gradients={'gamma_param': 0.19101516902446747, 'projector.linear.weight': 0.03796781226992607, 'projector.linear.bias': 0.05637982487678528, 'encoder.theta': 0.015920624136924744} kernel={'min': 0.09507360309362411, 'mean': 0.5686311721801758, 'std': 0.2567022144794464, 'max': 1.0, 'quantiles_05_25_50_75_95': [0.196881964802742, 0.376047283411026, 0.5680738091468811, 0.7574071288108826, 1.0], 'histogram_10_bins_0_1': [12, 32, 66, 72, 66, 104, 64, 80, 40, 89]}
2026-10-03 09:19:58,569 [RSIAT_adapter.py] => QKSR diagnostics task=0 epoch=16 gamma=0.21745333 gradients={'gamma_param': 0.14260967075824738, 'projector.linear.weight': 0.02625051699578762, 'projector.linear.bias': 0.04394646733999252, 'encoder.theta': 0.01026922557502985} kernel={'min': 0.10606984049081802, 'mean': 0.6194652318954468, 'std': 0.34207451343536377, 'max': 1.0, 'quantiles_05_25_50_75_95': [0.10974709689617157, 0.2686905264854431, 0.5623903274536133, 0.9997895956039429, 1.0], 'histogram_10_bins_0_1': [0, 114, 48, 40, 42, 78, 14, 46, 6, 237]}
2026-10-03 09:20:00,267 [RSIAT_adapter.py] => QKSR diagnostics task=0 epoch=17 gamma=0.21633644 gradients={'gamma_param': 0.18406568467617035, 'projector.linear.weight': 0.04744165390729904, 'projector.linear.bias': 0.06526118516921997, 'encoder.theta': 0.013584459200501442} kernel={'min': 0.10498278588056564, 'mean': 0.6186356544494629, 'std': 0.26625823974609375, 'max': 1.0, 'quantiles_05_25_50_75_95': [0.2239122986793518, 0.3852192163467407, 0.6049652099609375, 0.8828734755516052, 1.0], 'histogram_10_bins_0_1': [0, 18, 66, 88, 78, 58, 68, 48, 56, 145]}
2026-10-03 09:20:01,963 [RSIAT_adapter.py] => QKSR diagnostics task=0 epoch=18 gamma=0.21576896 gradients={'gamma_param': 0.083734892308712, 'projector.linear.weight': 0.016285862773656845, 'projector.linear.bias': 0.013091281056404114, 'encoder.theta': 0.005828505381941795} kernel={'min': 0.1403730809688568, 'mean': 0.658521294593811, 'std': 0.3040819466114044, 'max': 1.0, 'quantiles_05_25_50_75_95': [0.14506462216377258, 0.42295220494270325, 0.6060287356376648, 0.9983392953872681, 1.0], 'histogram_10_bins_0_1': [0, 58, 28, 66, 92, 64, 44, 16, 12, 245]}
2026-10-03 09:20:03,643 [RSIAT_adapter.py] => QKSR diagnostics task=0 epoch=19 gamma=0.21551453 gradients={'gamma_param': 0.08264899998903275, 'projector.linear.weight': 0.04263411462306976, 'projector.linear.bias': 0.042072221636772156, 'encoder.theta': 0.012934364378452301} kernel={'min': 0.15262553095817566, 'mean': 0.6324755549430847, 'std': 0.24888111650943756, 'max': 1.0, 'quantiles_05_25_50_75_95': [0.27344605326652527, 0.4295711815357208, 0.6113808751106262, 0.8590126633644104, 0.9999998807907104], 'histogram_10_bins_0_1': [0, 18, 34, 64, 98, 74, 102, 42, 48, 145]}
2026-10-03 09:20:05,852 [RSIAT_adapter.py] => QKSR diagnostics task=0 epoch=20 gamma=0.21545537 gradients={'gamma_param': 0.0583978034555912, 'projector.linear.weight': 0.029898609966039658, 'projector.linear.bias': 0.04644366353750229, 'encoder.theta': 0.013603860512375832} kernel={'min': 0.07640441507101059, 'mean': 0.5680745840072632, 'std': 0.24679885804653168, 'max': 1.0, 'quantiles_05_25_50_75_95': [0.2041083425283432, 0.3543776273727417, 0.5826948881149292, 0.7524743676185608, 1.0], 'histogram_10_bins_0_1': [14, 14, 66, 102, 50, 80, 96, 102, 30, 71]}
2026-10-03 09:20:05,852 [RSIAT_adapter.py] => Task 0, Epoch 20/20 => Loss 3.289, Loss_c 2.870, Losses_rt 0.419, Train_accy 92.83, Test_accy 87.43, Time 1.70s
2026-10-03 09:20:05,852 [RSIAT_adapter.py] => Task 0 peak GPU memory: 4417.51 MiB
2026-10-03 09:20:13,637 [trainer.py] => CNN: {'total': 87.43, '00-09': 86.25, '10-19': 88.35, 'old': 0.0, 'new': 87.43}
2026-10-03 09:20:13,816 [base.py] => Saved checkpoint: /kaggle/working/qksr_runs/ckpt/imageneta_qksr/imageneta/20_20/seed_1993/task_0.pkl
2026-10-03 09:20:13,822 [trainer.py] => CNN top1 curve: [87.43]
2026-10-03 09:20:13,822 [trainer.py] => CNN top5 curve: [98.36]
2026-10-03 09:20:13,822 [trainer.py] => Average Accuracy (CNN): 87.43
2026-10-03 09:20:13,823 [trainer.py] => All params: 87003648
2026-10-03 09:20:13,823 [trainer.py] => Trainable params: 1204992
2026-10-03 09:20:13,824 [RSIAT_adapter.py] => Learning on 20-40
2026-10-03 09:20:13,878 [RSIAT_adapter.py] => QKSR calibration task=1 samples=512 indices=[349, 131, 5, 252, 27, 280, 305, 717, 439, 97, 145, 411, 202, 559, 118, 163, 694, 343, 728, 320, 143, 292, 607, 204, 300, 407, 361, 64, 30, 8, 222, 119, 706, 659, 139, 346, 704, 385, 330, 708, 158, 483, 589, 570, 109, 647, 277, 426, 688, 724, 121, 151, 501, 188, 183, 617, 720, 70, 502, 489, 220, 232, 747, 100, 646, 106, 270, 55, 198, 467, 185, 96, 334, 692, 588, 148, 486, 69, 137, 101, 742, 39, 539, 378, 79, 655, 127, 690, 606, 663, 594, 15, 741, 409, 93, 236, 432, 11, 129, 441, 743, 94, 482, 86, 135, 231, 213, 673, 687, 218, 414, 321, 225, 175, 394, 531, 85, 90, 667, 374, 35, 14, 633, 498, 219, 181, 81, 34, 577, 390, 488, 731, 648, 51, 272, 433, 393, 746, 491, 26, 529, 713, 493, 555, 107, 83, 643, 363, 635, 470, 652, 123, 111, 356, 368, 689, 157, 563, 210, 545, 303, 345, 572, 208, 705, 562, 235, 634, 73, 547, 739, 52, 522, 618, 458, 274, 695, 117, 308, 306, 370, 614, 60, 256, 84, 709, 641, 173, 339, 437, 605, 278, 463, 45, 404, 682, 422, 372, 686, 56, 266, 147, 575, 494, 246, 240, 453, 237, 702, 68, 20, 387, 293, 581, 190, 71, 351, 360, 674, 98, 538, 80, 516, 89, 209, 217, 275, 29, 599, 697, 179, 337, 67, 398, 211, 380, 471, 630, 75, 517, 103, 722, 518, 149, 108, 264, 675, 507, 669, 365, 478, 592, 649, 261, 6, 627, 749, 718, 461, 662, 505, 189, 608, 142, 38, 88, 248, 515, 42, 613, 456, 203, 228, 57, 448, 438, 216, 418, 415, 140, 369, 500, 526, 696, 389, 282, 454, 16, 712, 678, 476, 719, 112, 76, 207, 629, 632, 170, 241, 171, 427, 730, 91, 120, 194, 672, 128, 114, 49, 410, 723, 691, 711, 242, 386, 535, 362, 590, 624, 184, 328, 382, 125, 511, 443, 388, 401, 31, 174, 419, 316, 167, 636, 651, 205, 62, 462, 400, 464, 165, 259, 750, 28, 541, 367, 285, 434, 301, 619, 304, 480, 156, 78, 132, 557, 403, 449, 602, 298, 546, 611, 604, 653, 457, 169, 104, 318, 359, 178, 2, 650, 257, 726, 475, 451, 366, 661, 657, 580, 223, 495, 155, 126, 727, 748, 548, 146, 197, 656, 279, 310, 552, 537, 556, 186, 716, 497, 442, 41, 247, 698, 322, 484, 408, 63, 554, 255, 544, 3, 43, 459, 521, 710, 355, 666, 564, 405, 48, 283, 267, 681, 509, 319, 233, 639, 22, 585, 700, 262, 428, 87, 215, 288, 182, 642, 54, 744, 469, 65, 239, 229, 496, 95, 752, 446, 192, 481, 354, 578, 25, 506, 133, 144, 550, 445, 154, 244, 595, 621, 9, 249, 271, 735, 21, 508, 7, 420, 160, 58, 159, 638, 150, 12, 568, 77, 664, 660, 110, 381, 291, 364, 582, 631, 191, 224, 295, 82, 504, 603, 338, 268, 161, 644, 212, 423, 626, 677, 19, 61, 53, 352, 622, 468, 333, 136, 294, 751, 138, 676, 524, 729, 477]
2026-10-03 09:20:16,838 [toolkit.py] => All params: 87134720
2026-10-03 09:20:16,839 [toolkit.py] => Trainable params: 1336064
2026-10-03 09:20:19,579 [RSIAT_adapter.py] => QKSR diagnostics task=1 epoch=1 gamma=0.21545537 gradients={} kernel={'min': 0.05823647603392601, 'mean': 0.5930458307266235, 'std': 0.24879756569862366, 'max': 1.0, 'quantiles_05_25_50_75_95': [0.20833075046539307, 0.37765422463417053, 0.5762439966201782, 0.8018643856048584, 0.9993901252746582], 'histogram_10_bins_0_1': [6, 25, 42, 109, 83, 79, 93, 56, 62, 105]}
2026-10-03 09:20:22,266 [RSIAT_adapter.py] => QKSR diagnostics task=1 epoch=2 gamma=0.21545537 gradients={} kernel={'min': 0.17451277375221252, 'mean': 0.60946124792099, 'std': 0.22935286164283752, 'max': 1.0, 'quantiles_05_25_50_75_95': [0.26536813378334045, 0.4099763333797455, 0.6040924787521362, 0.7695959806442261, 0.997629702091217], 'histogram_10_bins_0_1': [0, 9, 55, 90, 66, 108, 109, 72, 43, 108]}
2026-10-03 09:20:24,924 [RSIAT_adapter.py] => QKSR diagnostics task=1 epoch=3 gamma=0.21545537 gradients={} kernel={'min': 0.16690409183502197, 'mean': 0.581465482711792, 'std': 0.21694009006023407, 'max': 1.0, 'quantiles_05_25_50_75_95': [0.23337267339229584, 0.40393704175949097, 0.5815425515174866, 0.7375562191009521, 0.9844692945480347], 'histogram_10_bins_0_1': [0, 14, 49, 102, 81, 114, 100, 78, 65, 57]}
2026-10-03 09:20:27,621 [RSIAT_adapter.py] => QKSR diagnostics task=1 epoch=4 gamma=0.21545537 gradients={} kernel={'min': 0.14540889859199524, 'mean': 0.6024106740951538, 'std': 0.21284551918506622, 'max': 1.0, 'quantiles_05_25_50_75_95': [0.2868156433105469, 0.43951651453971863, 0.5855615139007568, 0.758511483669281, 0.9853299260139465], 'histogram_10_bins_0_1': [0, 11, 29, 96, 92, 108, 112, 82, 56, 74]}
2026-10-03 09:20:30,289 [RSIAT_adapter.py] => QKSR diagnostics task=1 epoch=5 gamma=0.21545537 gradients={} kernel={'min': 0.13545279204845428, 'mean': 0.5903167128562927, 'std': 0.22485078871250153, 'max': 1.0, 'quantiles_05_25_50_75_95': [0.23069064319133759, 0.40808191895484924, 0.5672261714935303, 0.767951250076294, 0.9951882362365723], 'histogram_10_bins_0_1': [0, 24, 28, 106, 96, 101, 96, 76, 55, 78]}
2026-10-03 09:20:32,978 [RSIAT_adapter.py] => QKSR diagnostics task=1 epoch=6 gamma=0.21545537 gradients={} kernel={'min': 0.13862554728984833, 'mean': 0.6117844581604004, 'std': 0.22476930916309357, 'max': 0.9999949932098389, 'quantiles_05_25_50_75_95': [0.24616976082324982, 0.4311874508857727, 0.616392195224762, 0.7912858724594116, 0.9921401143074036], 'histogram_10_bins_0_1': [0, 18, 48, 75, 79, 100, 94, 87, 78, 81]}
2026-10-03 09:20:35,644 [RSIAT_adapter.py] => QKSR diagnostics task=1 epoch=7 gamma=0.21545537 gradients={} kernel={'min': 0.1748725175857544, 'mean': 0.6308599710464478, 'std': 0.2231326550245285, 'max': 1.0, 'quantiles_05_25_50_75_95': [0.31372252106666565, 0.4459361732006073, 0.6155636310577393, 0.811037003993988, 0.9983953237533569], 'histogram_10_bins_0_1': [0, 8, 24, 89, 89, 104, 101, 66, 74, 105]}
2026-10-03 09:20:38,308 [RSIAT_adapter.py] => QKSR diagnostics task=1 epoch=8 gamma=0.21545537 gradients={} kernel={'min': 0.09081940352916718, 'mean': 0.5999043583869934, 'std': 0.20917966961860657, 'max': 1.0, 'quantiles_05_25_50_75_95': [0.24447838962078094, 0.44106870889663696, 0.6193721294403076, 0.7631930708885193, 0.9258725047111511], 'histogram_10_bins_0_1': [5, 18, 30, 78, 88, 90, 115, 113, 76, 47]}
2026-10-03 09:20:40,992 [RSIAT_adapter.py] => QKSR diagnostics task=1 epoch=9 gamma=0.21545537 gradients={} kernel={'min': 0.14521175622940063, 'mean': 0.5722805857658386, 'std': 0.1995920091867447, 'max': 1.0, 'quantiles_05_25_50_75_95': [0.271592915058136, 0.41142839193344116, 0.5739781856536865, 0.7169796228408813, 0.911502480506897], 'histogram_10_bins_0_1': [0, 13, 41, 93, 105, 128, 95, 84, 64, 37]}
2026-10-03 09:20:43,654 [RSIAT_adapter.py] => QKSR diagnostics task=1 epoch=10 gamma=0.21545537 gradients={} kernel={'min': 0.17497466504573822, 'mean': 0.6087155938148499, 'std': 0.2307308465242386, 'max': 1.0, 'quantiles_05_25_50_75_95': [0.2547639012336731, 0.4206450283527374, 0.5913738012313843, 0.7954615354537964, 0.9994057416915894], 'histogram_10_bins_0_1': [0, 23, 30, 101, 81, 100, 86, 81, 61, 97]}
2026-10-03 09:20:46,332 [RSIAT_adapter.py] => QKSR diagnostics task=1 epoch=11 gamma=0.21545537 gradients={} kernel={'min': 0.11622966825962067, 'mean': 0.5580219626426697, 'std': 0.20483794808387756, 'max': 1.0, 'quantiles_05_25_50_75_95': [0.24999110400676727, 0.39193928241729736, 0.5539888143539429, 0.703527569770813, 0.9057983160018921], 'histogram_10_bins_0_1': [0, 22, 53, 97, 98, 114, 110, 74, 56, 36]}
2026-10-03 09:20:48,990 [RSIAT_adapter.py] => QKSR diagnostics task=1 epoch=12 gamma=0.21545537 gradients={} kernel={'min': 0.17500925064086914, 'mean': 0.6203610301017761, 'std': 0.2134477198123932, 'max': 1.0, 'quantiles_05_25_50_75_95': [0.2925276756286621, 0.4440952241420746, 0.6111655831336975, 0.7723413109779358, 0.9839515686035156], 'histogram_10_bins_0_1': [0, 5, 31, 90, 83, 106, 107, 87, 59, 92]}
2026-10-03 09:20:51,663 [RSIAT_adapter.py] => QKSR diagnostics task=1 epoch=13 gamma=0.21545537 gradients={} kernel={'min': 0.17502406239509583, 'mean': 0.6215103268623352, 'std': 0.24212226271629333, 'max': 1.0, 'quantiles_05_25_50_75_95': [0.23950080573558807, 0.4218702018260956, 0.606712818145752, 0.8167718052864075, 0.9992097616195679], 'histogram_10_bins_0_1': [0, 19, 47, 85, 83, 83, 93, 62, 65, 123]}
2026-10-03 09:20:54,386 [RSIAT_adapter.py] => QKSR diagnostics task=1 epoch=14 gamma=0.21545537 gradients={} kernel={'min': 0.1116253137588501, 'mean': 0.5959182977676392, 'std': 0.24263691902160645, 'max': 1.0, 'quantiles_05_25_50_75_95': [0.22624504566192627, 0.3936105966567993, 0.5839639902114868, 0.7819892764091492, 0.999673068523407], 'histogram_10_bins_0_1': [0, 28, 55, 84, 72, 112, 84, 67, 58, 100]}
2026-10-03 09:20:58,621 [RSIAT_adapter.py] => QKSR diagnostics task=1 epoch=15 gamma=0.21545537 gradients={} kernel={'min': 0.08693107962608337, 'mean': 0.5950002074241638, 'std': 0.2236853390932083, 'max': 1.0, 'quantiles_05_25_50_75_95': [0.2504625618457794, 0.4120705723762512, 0.5907851457595825, 0.7578740119934082, 0.9961916208267212], 'histogram_10_bins_0_1': [5, 18, 31, 100, 83, 100, 100, 88, 65, 70]}
2026-10-03 09:20:58,621 [RSIAT_adapter.py] => Task 1, Epoch 15/15 => Loss 7.939, Loss_c 3.499, Losses_rt 4.440, Train_accy 83.67, Test_accy 79.00, Time 2.65s
2026-10-03 09:20:58,621 [RSIAT_adapter.py] => Task 1 peak GPU memory: 4875.67 MiB
2026-10-03 09:21:06,458 [base.py] => CA Task 1 => Loss 0.106, Test_accy skipped
2026-10-03 09:21:06,526 [base.py] => CA Task 1 => Loss 0.069, Test_accy skipped
2026-10-03 09:21:06,594 [base.py] => CA Task 1 => Loss 0.058, Test_accy skipped
2026-10-03 09:21:06,662 [base.py] => CA Task 1 => Loss 0.052, Test_accy skipped
2026-10-03 09:21:06,730 [base.py] => CA Task 1 => Loss 0.049, Test_accy skipped
2026-10-03 09:21:06,797 [base.py] => CA Task 1 => Loss 0.046, Test_accy skipped
2026-10-03 09:21:06,865 [base.py] => CA Task 1 => Loss 0.047, Test_accy skipped
2026-10-03 09:21:06,932 [base.py] => CA Task 1 => Loss 0.042, Test_accy skipped
2026-10-03 09:21:06,999 [base.py] => CA Task 1 => Loss 0.043, Test_accy skipped
2026-10-03 09:21:07,934 [base.py] => CA Task 1 => Loss 0.040, Test_accy 82.410
2026-10-03 09:21:08,800 [trainer.py] => CNN: {'total': 82.41, '00-09': 75.0, '10-19': 85.44, '20-29': 85.71, '30-39': 82.0, 'old': 80.87, 'new': 83.84}
2026-10-03 09:21:08,800 [trainer.py] => Continual metrics after task 1: BWT=-6.5600, forgetting=6.5600, task_acc=[80.87, 83.84]
2026-10-03 09:21:08,992 [base.py] => Saved checkpoint: /kaggle/working/qksr_runs/ckpt/imageneta_qksr/imageneta/20_20/seed_1993/task_1.pkl
2026-10-03 09:21:09,007 [trainer.py] => Removed superseded checkpoint: /kaggle/working/qksr_runs/ckpt/imageneta_qksr/imageneta/20_20/seed_1993/task_0.pkl
2026-10-03 09:21:09,007 [trainer.py] => CNN top1 curve: [87.43, 82.41]
2026-10-03 09:21:09,007 [trainer.py] => CNN top5 curve: [98.36, 95.8]
2026-10-03 09:21:09,007 [trainer.py] => Average Accuracy (CNN): 84.92
2026-10-03 09:21:09,008 [trainer.py] => All params: 87019008
2026-10-03 09:21:09,008 [trainer.py] => Trainable params: 1220352
2026-10-03 09:21:09,009 [RSIAT_adapter.py] => Learning on 40-60
2026-10-03 09:21:09,051 [RSIAT_adapter.py] => QKSR calibration task=2 samples=494 indices=[207, 312, 395, 64, 175, 134, 13, 363, 231, 358, 178, 230, 449, 74, 45, 38, 89, 171, 320, 361, 305, 120, 122, 193, 445, 390, 285, 27, 170, 436, 250, 53, 140, 383, 249, 131, 303, 401, 148, 203, 51, 340, 78, 5, 406, 188, 342, 274, 104, 23, 135, 442, 273, 107, 327, 208, 470, 405, 292, 381, 153, 435, 161, 228, 159, 258, 460, 301, 94, 99, 195, 136, 403, 10, 417, 222, 272, 286, 155, 129, 225, 22, 184, 254, 441, 196, 214, 267, 438, 451, 257, 456, 173, 82, 488, 133, 423, 339, 433, 87, 11, 326, 422, 385, 315, 227, 213, 14, 466, 347, 223, 391, 420, 464, 478, 415, 234, 44, 298, 77, 177, 281, 483, 366, 215, 201, 324, 61, 63, 182, 0, 354, 46, 411, 243, 283, 224, 169, 351, 206, 75, 359, 311, 67, 296, 237, 156, 84, 482, 106, 432, 493, 221, 371, 55, 210, 132, 66, 86, 138, 96, 333, 247, 331, 448, 284, 229, 480, 434, 198, 413, 414, 128, 288, 97, 123, 16, 374, 335, 69, 341, 105, 293, 166, 88, 209, 377, 118, 162, 143, 287, 15, 4, 216, 357, 111, 93, 458, 323, 144, 319, 68, 102, 186, 108, 80, 205, 180, 246, 124, 17, 487, 28, 427, 396, 437, 290, 197, 167, 60, 426, 393, 424, 187, 485, 317, 220, 282, 73, 477, 149, 375, 113, 185, 364, 92, 334, 421, 353, 337, 461, 6, 98, 471, 21, 350, 226, 392, 47, 304, 325, 242, 365, 65, 382, 349, 141, 344, 467, 217, 447, 389, 101, 289, 278, 183, 50, 158, 116, 379, 399, 70, 239, 269, 194, 174, 160, 259, 12, 419, 90, 57, 328, 481, 251, 263, 30, 387, 356, 463, 54, 112, 418, 490, 1, 126, 343, 261, 18, 34, 35, 452, 450, 348, 275, 429, 409, 192, 43, 100, 362, 270, 291, 313, 157, 280, 31, 454, 165, 469, 380, 397, 394, 48, 59, 310, 52, 130, 360, 202, 370, 468, 26, 71, 20, 32, 3, 378, 33, 484, 300, 479, 318, 355, 321, 232, 307, 117, 168, 425, 211, 474, 236, 25, 440, 410, 110, 127, 316, 302, 151, 297, 125, 114, 475, 91, 368, 81, 2, 189, 200, 276, 294, 238, 266, 330, 268, 62, 345, 163, 262, 37, 404, 465, 400, 49, 235, 264, 329, 486, 446, 430, 489, 248, 453, 253, 240, 388, 121, 147, 386, 376, 109, 472, 416, 137, 146, 139, 295, 115, 142, 181, 36, 199, 256, 372, 322, 8, 85, 76, 338, 271, 19, 462, 145, 332, 277, 95, 491, 431, 299, 459, 56, 164, 119, 346, 309, 241, 218, 455, 83, 191, 398, 219, 9, 444, 373, 402, 367, 412, 308, 369, 7, 212, 152, 42, 204, 244, 439, 40, 306, 492, 408, 473, 39, 233, 24, 255, 352, 41, 252, 407, 179, 29, 428, 103, 190, 79, 150, 72, 314, 260, 154, 279, 476, 176, 384, 172, 443, 457, 336, 58, 245, 265]
2026-10-03 09:21:11,061 [toolkit.py] => All params: 87150080
2026-10-03 09:21:11,061 [toolkit.py] => Trainable params: 1351424
2026-10-03 09:21:12,895 [RSIAT_adapter.py] => QKSR diagnostics task=2 epoch=1 gamma=0.21545537 gradients={} kernel={'min': 0.10613097995519638, 'mean': 0.5273621678352356, 'std': 0.21023809909820557, 'max': 0.9996941089630127, 'quantiles_05_25_50_75_95': [0.17986798286437988, 0.367176353931427, 0.5162885189056396, 0.6870845556259155, 0.863949179649353], 'histogram_10_bins_0_1': [0, 41, 51, 74, 96, 76, 97, 69, 36, 20]}
2026-10-03 09:21:14,757 [RSIAT_adapter.py] => QKSR diagnostics task=2 epoch=2 gamma=0.21545537 gradients={} kernel={'min': 0.09928194433450699, 'mean': 0.5592672824859619, 'std': 0.22087423503398895, 'max': 0.9999423027038574, 'quantiles_05_25_50_75_95': [0.22707103192806244, 0.37371334433555603, 0.5714851021766663, 0.7072391510009766, 0.9944312572479248], 'histogram_10_bins_0_1': [1, 17, 63, 81, 61, 84, 104, 72, 33, 44]}
2026-10-03 09:21:16,576 [RSIAT_adapter.py] => QKSR diagnostics task=2 epoch=3 gamma=0.21545537 gradients={} kernel={'min': 0.09791188687086105, 'mean': 0.5649284720420837, 'std': 0.2538077235221863, 'max': 1.0, 'quantiles_05_25_50_75_95': [0.18993797898292542, 0.35306888818740845, 0.5583255290985107, 0.7342919111251831, 0.9983134865760803], 'histogram_10_bins_0_1': [1, 33, 67, 74, 60, 73, 85, 56, 28, 83]}
2026-10-03 09:21:18,394 [RSIAT_adapter.py] => QKSR diagnostics task=2 epoch=4 gamma=0.21545537 gradients={} kernel={'min': 0.10716760903596878, 'mean': 0.5696344375610352, 'std': 0.2204139083623886, 'max': 0.99916672706604, 'quantiles_05_25_50_75_95': [0.20946142077445984, 0.39490923285484314, 0.5618723630905151, 0.7350485920906067, 0.9717236757278442], 'histogram_10_bins_0_1': [0, 26, 27, 90, 83, 87, 85, 75, 40, 47]}
2026-10-03 09:21:20,209 [RSIAT_adapter.py] => QKSR diagnostics task=2 epoch=5 gamma=0.21545537 gradients={} kernel={'min': 0.09982943534851074, 'mean': 0.5691862106323242, 'std': 0.21587233245372772, 'max': 0.9999290704727173, 'quantiles_05_25_50_75_95': [0.21114616096019745, 0.4047919511795044, 0.5659608244895935, 0.7435110807418823, 0.9027584791183472], 'histogram_10_bins_0_1': [1, 24, 45, 62, 86, 96, 78, 63, 75, 30]}
2026-10-03 09:21:22,036 [RSIAT_adapter.py] => QKSR diagnostics task=2 epoch=6 gamma=0.21545537 gradients={} kernel={'min': 0.10171324014663696, 'mean': 0.5901978611946106, 'std': 0.2072959542274475, 'max': 0.9998171329498291, 'quantiles_05_25_50_75_95': [0.2363988310098648, 0.42855188250541687, 0.5873020887374878, 0.7543500661849976, 0.9347686171531677], 'histogram_10_bins_0_1': [0, 11, 40, 70, 75, 95, 72, 106, 52, 39]}
2026-10-03 09:21:23,828 [RSIAT_adapter.py] => QKSR diagnostics task=2 epoch=7 gamma=0.21545537 gradients={} kernel={'min': 0.10280871391296387, 'mean': 0.5571328401565552, 'std': 0.20544059574604034, 'max': 0.9996861219406128, 'quantiles_05_25_50_75_95': [0.23927262425422668, 0.391226202249527, 0.5747259855270386, 0.7059723138809204, 0.8814142942428589], 'histogram_10_bins_0_1': [0, 6, 76, 63, 84, 78, 108, 71, 50, 24]}
2026-10-03 09:21:25,638 [RSIAT_adapter.py] => QKSR diagnostics task=2 epoch=8 gamma=0.21545537 gradients={} kernel={'min': 0.0978546142578125, 'mean': 0.5882387757301331, 'std': 0.2270250767469406, 'max': 1.0, 'quantiles_05_25_50_75_95': [0.27611565589904785, 0.3848152160644531, 0.579311728477478, 0.756981372833252, 0.9829643964767456], 'histogram_10_bins_0_1': [1, 10, 35, 102, 82, 65, 75, 85, 30, 75]}
2026-10-03 09:21:27,488 [RSIAT_adapter.py] => QKSR diagnostics task=2 epoch=9 gamma=0.21545537 gradients={} kernel={'min': 0.09989622235298157, 'mean': 0.5989391803741455, 'std': 0.2144775390625, 'max': 0.9999439120292664, 'quantiles_05_25_50_75_95': [0.24627597630023956, 0.4156726598739624, 0.5970042943954468, 0.7768380641937256, 0.9616778492927551], 'histogram_10_bins_0_1': [1, 14, 28, 79, 81, 80, 72, 93, 71, 41]}
2026-10-03 09:21:29,312 [RSIAT_adapter.py] => QKSR diagnostics task=2 epoch=10 gamma=0.21545537 gradients={} kernel={'min': 0.10129409283399582, 'mean': 0.5714783668518066, 'std': 0.21453748643398285, 'max': 0.9998471736907959, 'quantiles_05_25_50_75_95': [0.19435490667819977, 0.4133305549621582, 0.5870559215545654, 0.7377338409423828, 0.9078191518783569], 'histogram_10_bins_0_1': [0, 29, 40, 54, 89, 82, 98, 82, 55, 31]}
2026-10-03 09:21:31,212 [RSIAT_adapter.py] => QKSR diagnostics task=2 epoch=11 gamma=0.21545537 gradients={} kernel={'min': 0.13003990054130554, 'mean': 0.5888426303863525, 'std': 0.209262877702713, 'max': 0.9951759576797485, 'quantiles_05_25_50_75_95': [0.2644917964935303, 0.42938661575317383, 0.5926467180252075, 0.7333837747573853, 0.9697919487953186], 'histogram_10_bins_0_1': [0, 19, 19, 78, 94, 77, 109, 70, 33, 61]}
2026-10-03 09:21:33,066 [RSIAT_adapter.py] => QKSR diagnostics task=2 epoch=12 gamma=0.21545537 gradients={} kernel={'min': 0.09783947467803955, 'mean': 0.5940303802490234, 'std': 0.2040535807609558, 'max': 1.0, 'quantiles_05_25_50_75_95': [0.26069900393486023, 0.4403228163719177, 0.5868464708328247, 0.7465083003044128, 0.9725835919380188], 'histogram_10_bins_0_1': [1, 4, 35, 72, 82, 96, 95, 76, 51, 48]}
2026-10-03 09:21:34,891 [RSIAT_adapter.py] => QKSR diagnostics task=2 epoch=13 gamma=0.21545537 gradients={} kernel={'min': 0.09441183507442474, 'mean': 0.5468124151229858, 'std': 0.22135795652866364, 'max': 0.9990347027778625, 'quantiles_05_25_50_75_95': [0.19476480782032013, 0.36419907212257385, 0.5738290548324585, 0.7198730707168579, 0.8860654830932617], 'histogram_10_bins_0_1': [1, 36, 51, 86, 59, 76, 86, 84, 59, 22]}
2026-10-03 09:21:36,725 [RSIAT_adapter.py] => QKSR diagnostics task=2 epoch=14 gamma=0.21545537 gradients={} kernel={'min': 0.09782013297080994, 'mean': 0.5576677918434143, 'std': 0.24670201539993286, 'max': 1.0, 'quantiles_05_25_50_75_95': [0.203595370054245, 0.34495511651039124, 0.5623679161071777, 0.7308282852172852, 0.9979695677757263], 'histogram_10_bins_0_1': [2, 23, 69, 88, 62, 67, 87, 58, 42, 62]}
2026-10-03 09:21:40,060 [RSIAT_adapter.py] => QKSR diagnostics task=2 epoch=15 gamma=0.21545537 gradients={} kernel={'min': 0.0978432297706604, 'mean': 0.6029771566390991, 'std': 0.22087787091732025, 'max': 1.0, 'quantiles_05_25_50_75_95': [0.24904067814350128, 0.4050194025039673, 0.6278190612792969, 0.7556401491165161, 0.9829968810081482], 'histogram_10_bins_0_1': [1, 6, 51, 80, 34, 60, 143, 75, 54, 56]}
2026-10-03 09:21:40,060 [RSIAT_adapter.py] => Task 2, Epoch 15/15 => Loss 6.883, Loss_c 2.621, Losses_rt 4.262, Train_accy 86.84, Test_accy 78.79, Time 1.80s
2026-10-03 09:21:40,061 [RSIAT_adapter.py] => Task 2 peak GPU memory: 4870.20 MiB
2026-10-03 09:21:46,291 [base.py] => CA Task 2 => Loss 0.097, Test_accy skipped
2026-10-03 09:21:46,408 [base.py] => CA Task 2 => Loss 0.075, Test_accy skipped
2026-10-03 09:21:46,523 [base.py] => CA Task 2 => Loss 0.065, Test_accy skipped
2026-10-03 09:21:46,639 [base.py] => CA Task 2 => Loss 0.062, Test_accy skipped
2026-10-03 09:21:46,754 [base.py] => CA Task 2 => Loss 0.059, Test_accy skipped
2026-10-03 09:21:46,870 [base.py] => CA Task 2 => Loss 0.055, Test_accy skipped
2026-10-03 09:21:46,985 [base.py] => CA Task 2 => Loss 0.055, Test_accy skipped
2026-10-03 09:21:47,100 [base.py] => CA Task 2 => Loss 0.053, Test_accy skipped
2026-10-03 09:21:47,215 [base.py] => CA Task 2 => Loss 0.050, Test_accy skipped
2026-10-03 09:21:48,472 [base.py] => CA Task 2 => Loss 0.051, Test_accy 80.540
2026-10-03 09:21:49,614 [trainer.py] => CNN: {'total': 80.54, '00-09': 72.5, '10-19': 82.52, '20-29': 81.63, '30-39': 80.0, '40-49': 80.0, '50-59': 87.3, 'old': 79.53, 'new': 83.46}
2026-10-03 09:21:49,614 [trainer.py] => Continual metrics after task 2: BWT=-6.1600, forgetting=6.1600, task_acc=[78.14, 80.81, 83.46]
2026-10-03 09:21:49,813 [base.py] => Saved checkpoint: /kaggle/working/qksr_runs/ckpt/imageneta_qksr/imageneta/20_20/seed_1993/task_2.pkl
2026-10-03 09:21:49,827 [trainer.py] => Removed superseded checkpoint: /kaggle/working/qksr_runs/ckpt/imageneta_qksr/imageneta/20_20/seed_1993/task_1.pkl
2026-10-03 09:21:49,827 [trainer.py] => CNN top1 curve: [87.43, 82.41, 80.54]
2026-10-03 09:21:49,827 [trainer.py] => CNN top5 curve: [98.36, 95.8, 94.75]
2026-10-03 09:21:49,827 [trainer.py] => Average Accuracy (CNN): 83.46
2026-10-03 09:21:49,828 [trainer.py] => All params: 87034368
2026-10-03 09:21:49,828 [trainer.py] => Trainable params: 1235712
2026-10-03 09:21:49,829 [RSIAT_adapter.py] => Learning on 60-80
2026-10-03 09:21:49,886 [RSIAT_adapter.py] => QKSR calibration task=3 samples=512 indices=[525, 210, 414, 623, 737, 784, 269, 615, 712, 276, 183, 579, 415, 398, 500, 404, 581, 10, 534, 611, 550, 277, 624, 201, 67, 522, 142, 15, 177, 164, 478, 270, 687, 378, 584, 786, 259, 131, 1, 84, 555, 25, 454, 18, 480, 724, 410, 386, 567, 574, 230, 37, 491, 4, 347, 20, 547, 193, 35, 248, 767, 108, 114, 744, 484, 790, 468, 551, 479, 51, 200, 482, 413, 19, 747, 746, 305, 519, 774, 499, 383, 59, 352, 486, 89, 542, 469, 554, 62, 620, 212, 594, 697, 492, 72, 751, 526, 764, 216, 543, 279, 757, 68, 569, 540, 527, 629, 217, 207, 70, 464, 646, 226, 715, 304, 650, 133, 727, 504, 576, 167, 679, 150, 306, 346, 11, 792, 285, 619, 247, 322, 705, 754, 343, 121, 700, 638, 572, 190, 473, 319, 553, 195, 318, 446, 455, 272, 601, 288, 663, 475, 312, 505, 97, 126, 211, 758, 242, 331, 262, 485, 351, 158, 330, 462, 745, 82, 440, 635, 641, 562, 545, 169, 402, 30, 690, 742, 418, 240, 403, 55, 451, 549, 658, 32, 287, 706, 321, 371, 17, 701, 405, 457, 778, 471, 721, 168, 154, 134, 214, 673, 639, 769, 465, 296, 22, 293, 556, 763, 395, 704, 731, 5, 544, 614, 361, 13, 735, 365, 753, 136, 707, 382, 524, 324, 474, 52, 56, 255, 722, 520, 528, 396, 719, 74, 299, 250, 146, 203, 441, 430, 684, 58, 546, 510, 368, 768, 57, 433, 692, 340, 116, 115, 234, 61, 709, 622, 442, 513, 100, 71, 77, 106, 76, 332, 675, 509, 756, 714, 797, 453, 302, 370, 593, 2, 598, 477, 381, 273, 376, 283, 353, 21, 552, 541, 360, 181, 139, 125, 357, 219, 590, 237, 717, 408, 157, 644, 257, 514, 423, 274, 0, 765, 99, 681, 113, 741, 750, 184, 488, 470, 738, 252, 406, 789, 311, 208, 781, 595, 449, 703, 286, 585, 726, 582, 373, 632, 689, 730, 669, 191, 493, 128, 354, 634, 66, 222, 172, 685, 580, 384, 429, 122, 246, 138, 411, 50, 48, 557, 42, 734, 144, 64, 162, 309, 779, 538, 335, 483, 782, 496, 628, 388, 425, 161, 645, 516, 263, 630, 227, 796, 194, 633, 626, 785, 209, 680, 568, 564, 338, 666, 98, 674, 65, 723, 39, 38, 511, 578, 249, 699, 775, 472, 301, 213, 156, 653, 720, 141, 266, 412, 655, 389, 607, 291, 759, 417, 508, 81, 448, 78, 458, 466, 776, 179, 416, 616, 327, 372, 143, 749, 363, 325, 725, 683, 124, 570, 686, 170, 199, 29, 224, 314, 772, 85, 229, 736, 218, 215, 437, 87, 788, 561, 636, 599, 517, 3, 220, 498, 748, 105, 225, 326, 232, 481, 112, 487, 618, 96, 275, 333, 661, 60, 40, 428, 289, 394, 307, 102, 268, 696, 761, 369, 752, 647, 677, 702, 773, 329, 107, 445, 91, 26, 46, 45, 657, 90, 284, 147, 243, 221, 571, 605, 337, 47, 532, 729, 281, 12, 344, 79, 565, 178, 662, 151, 732, 621, 739, 427, 583, 755, 693]
2026-10-03 09:21:53,329 [toolkit.py] => All params: 87165440
2026-10-03 09:21:53,330 [toolkit.py] => Trainable params: 1366784
2026-10-03 09:21:56,157 [RSIAT_adapter.py] => QKSR diagnostics task=3 epoch=1 gamma=0.21545537 gradients={} kernel={'min': 0.05193057283759117, 'mean': 0.5636381506919861, 'std': 0.24010005593299866, 'max': 1.0, 'quantiles_05_25_50_75_95': [0.19889183342456818, 0.36803707480430603, 0.5478178262710571, 0.7530831098556519, 0.9945451617240906], 'histogram_10_bins_0_1': [9, 92, 182, 266, 268, 223, 247, 212, 154, 207]}
2026-10-03 09:21:58,958 [RSIAT_adapter.py] => QKSR diagnostics task=3 epoch=2 gamma=0.21545537 gradients={} kernel={'min': 0.051909588277339935, 'mean': 0.581605076789856, 'std': 0.21474860608577728, 'max': 1.0, 'quantiles_05_25_50_75_95': [0.20044679939746857, 0.41413071751594543, 0.599995493888855, 0.7394921779632568, 0.921445369720459], 'histogram_10_bins_0_1': [13, 80, 103, 239, 208, 287, 339, 292, 181, 118]}
2026-10-03 09:22:01,811 [RSIAT_adapter.py] => QKSR diagnostics task=3 epoch=3 gamma=0.21545537 gradients={} kernel={'min': 0.05188822001218796, 'mean': 0.5799657702445984, 'std': 0.2200649082660675, 'max': 1.0, 'quantiles_05_25_50_75_95': [0.19353008270263672, 0.4184732735157013, 0.5971139669418335, 0.7341591715812683, 0.9728189706802368], 'histogram_10_bins_0_1': [29, 67, 104, 209, 278, 253, 348, 279, 142, 151]}
2026-10-03 09:22:04,641 [RSIAT_adapter.py] => QKSR diagnostics task=3 epoch=4 gamma=0.21545537 gradients={} kernel={'min': 0.051987890154123306, 'mean': 0.5654090046882629, 'std': 0.22163884341716766, 'max': 0.9999997615814209, 'quantiles_05_25_50_75_95': [0.20286820828914642, 0.397469162940979, 0.5627838373184204, 0.7270556688308716, 0.9733325839042664], 'histogram_10_bins_0_1': [6, 77, 147, 245, 289, 278, 271, 272, 119, 156]}
2026-10-03 09:22:07,478 [RSIAT_adapter.py] => QKSR diagnostics task=3 epoch=5 gamma=0.21545537 gradients={} kernel={'min': 0.051866453140974045, 'mean': 0.5789756774902344, 'std': 0.22518034279346466, 'max': 1.0, 'quantiles_05_25_50_75_95': [0.20131094753742218, 0.4124636650085449, 0.5746064782142639, 0.7456650733947754, 0.9780480861663818], 'histogram_10_bins_0_1': [6, 86, 114, 230, 288, 269, 303, 224, 160, 180]}
2026-10-03 09:22:10,307 [RSIAT_adapter.py] => QKSR diagnostics task=3 epoch=6 gamma=0.21545537 gradients={} kernel={'min': 0.05183761566877365, 'mean': 0.5915780067443848, 'std': 0.22661074995994568, 'max': 1.0, 'quantiles_05_25_50_75_95': [0.20721155405044556, 0.41793322563171387, 0.6004072427749634, 0.7623660564422607, 0.9730568528175354], 'histogram_10_bins_0_1': [7, 74, 138, 197, 243, 268, 294, 270, 186, 183]}
2026-10-03 09:22:13,135 [RSIAT_adapter.py] => QKSR diagnostics task=3 epoch=7 gamma=0.21545537 gradients={} kernel={'min': 0.051809441298246384, 'mean': 0.5942084789276123, 'std': 0.22085024416446686, 'max': 1.0, 'quantiles_05_25_50_75_95': [0.21965593099594116, 0.4163510799407959, 0.6077867150306702, 0.7514863014221191, 0.9882844686508179], 'histogram_10_bins_0_1': [8, 64, 124, 228, 229, 254, 340, 281, 134, 198]}
2026-10-03 09:22:15,958 [RSIAT_adapter.py] => QKSR diagnostics task=3 epoch=8 gamma=0.21545537 gradients={} kernel={'min': 0.051796622574329376, 'mean': 0.5784237384796143, 'std': 0.21789215505123138, 'max': 1.0, 'quantiles_05_25_50_75_95': [0.23544393479824066, 0.4053911864757538, 0.5762308239936829, 0.7473207712173462, 0.9731497764587402], 'histogram_10_bins_0_1': [6, 46, 159, 244, 269, 281, 277, 243, 187, 148]}
2026-10-03 09:22:18,782 [RSIAT_adapter.py] => QKSR diagnostics task=3 epoch=9 gamma=0.21545537 gradients={} kernel={'min': 0.05179397761821747, 'mean': 0.5638682246208191, 'std': 0.23518991470336914, 'max': 1.0, 'quantiles_05_25_50_75_95': [0.18919339776039124, 0.3788321614265442, 0.5507692694664001, 0.7394633293151855, 0.9944248199462891], 'histogram_10_bins_0_1': [9, 102, 149, 281, 267, 229, 272, 222, 139, 190]}
2026-10-03 09:22:21,578 [RSIAT_adapter.py] => QKSR diagnostics task=3 epoch=10 gamma=0.21545537 gradients={} kernel={'min': 0.051790088415145874, 'mean': 0.5754842162132263, 'std': 0.22902485728263855, 'max': 1.0, 'quantiles_05_25_50_75_95': [0.20506127178668976, 0.3969196379184723, 0.5820885896682739, 0.7478740215301514, 0.9883744716644287], 'histogram_10_bins_0_1': [22, 68, 116, 266, 279, 234, 282, 258, 162, 173]}
2026-10-03 09:22:24,395 [RSIAT_adapter.py] => QKSR diagnostics task=3 epoch=11 gamma=0.21545537 gradients={} kernel={'min': 0.05178464204072952, 'mean': 0.5700750946998596, 'std': 0.21669813990592957, 'max': 1.0, 'quantiles_05_25_50_75_95': [0.23129232227802277, 0.3962770402431488, 0.5743798017501831, 0.7300886511802673, 0.9653980135917664], 'histogram_10_bins_0_1': [16, 56, 124, 281, 290, 251, 304, 260, 124, 154]}
2026-10-03 09:22:27,208 [RSIAT_adapter.py] => QKSR diagnostics task=3 epoch=12 gamma=0.21545537 gradients={} kernel={'min': 0.05179354548454285, 'mean': 0.6126279234886169, 'std': 0.230777308344841, 'max': 1.0, 'quantiles_05_25_50_75_95': [0.2385019063949585, 0.4267354905605316, 0.6123648881912231, 0.7934823036193848, 0.9956256151199341], 'histogram_10_bins_0_1': [11, 44, 118, 213, 261, 250, 269, 242, 201, 251]}
2026-10-03 09:22:30,009 [RSIAT_adapter.py] => QKSR diagnostics task=3 epoch=13 gamma=0.21545537 gradients={} kernel={'min': 0.05248089134693146, 'mean': 0.6000654697418213, 'std': 0.2127157598733902, 'max': 0.9999983906745911, 'quantiles_05_25_50_75_95': [0.25888535380363464, 0.43832480907440186, 0.5944182872772217, 0.7635573744773865, 0.9530331492424011], 'histogram_10_bins_0_1': [5, 51, 100, 210, 246, 334, 294, 250, 198, 172]}
2026-10-03 09:22:32,812 [RSIAT_adapter.py] => QKSR diagnostics task=3 epoch=14 gamma=0.21545537 gradients={} kernel={'min': 0.05178317427635193, 'mean': 0.5787338018417358, 'std': 0.22789636254310608, 'max': 1.0, 'quantiles_05_25_50_75_95': [0.22330017387866974, 0.4004054665565491, 0.5776438117027283, 0.7497472167015076, 0.9823591709136963], 'histogram_10_bins_0_1': [8, 59, 177, 220, 255, 283, 287, 222, 138, 211]}
2026-10-03 09:22:37,740 [RSIAT_adapter.py] => QKSR diagnostics task=3 epoch=15 gamma=0.21545537 gradients={} kernel={'min': 0.051780447363853455, 'mean': 0.5617743134498596, 'std': 0.23135793209075928, 'max': 1.0, 'quantiles_05_25_50_75_95': [0.1647907942533493, 0.3790845572948456, 0.5622419714927673, 0.727649986743927, 0.9732932448387146], 'histogram_10_bins_0_1': [18, 110, 107, 279, 255, 265, 277, 227, 156, 166]}
2026-10-03 09:22:37,741 [RSIAT_adapter.py] => Task 3, Epoch 15/15 => Loss 7.286, Loss_c 2.935, Losses_rt 4.351, Train_accy 79.10, Test_accy 75.45, Time 2.79s
2026-10-03 09:22:37,741 [RSIAT_adapter.py] => Task 3 peak GPU memory: 4876.63 MiB
2026-10-03 09:22:45,658 [base.py] => CA Task 3 => Loss 0.111, Test_accy skipped
2026-10-03 09:22:45,815 [base.py] => CA Task 3 => Loss 0.086, Test_accy skipped
2026-10-03 09:22:45,971 [base.py] => CA Task 3 => Loss 0.076, Test_accy skipped
2026-10-03 09:22:46,127 [base.py] => CA Task 3 => Loss 0.071, Test_accy skipped
2026-10-03 09:22:46,283 [base.py] => CA Task 3 => Loss 0.068, Test_accy skipped
2026-10-03 09:22:46,439 [base.py] => CA Task 3 => Loss 0.067, Test_accy skipped
2026-10-03 09:22:46,595 [base.py] => CA Task 3 => Loss 0.064, Test_accy skipped
2026-10-03 09:22:46,751 [base.py] => CA Task 3 => Loss 0.061, Test_accy skipped
2026-10-03 09:22:46,907 [base.py] => CA Task 3 => Loss 0.062, Test_accy skipped
2026-10-03 09:22:48,563 [base.py] => CA Task 3 => Loss 0.061, Test_accy 76.140
2026-10-03 09:22:50,076 [trainer.py] => CNN: {'total': 76.14, '00-09': 67.5, '10-19': 78.64, '20-29': 77.55, '30-39': 74.0, '40-49': 72.86, '50-59': 84.13, '60-69': 82.46, '70-79': 70.97, 'old': 75.68, 'new': 77.29}
2026-10-03 09:22:50,076 [trainer.py] => Continual metrics after task 3: BWT=-9.0000, forgetting=9.0000, task_acc=[73.77, 75.76, 78.2, 77.29]
2026-10-03 09:22:50,276 [base.py] => Saved checkpoint: /kaggle/working/qksr_runs/ckpt/imageneta_qksr/imageneta/20_20/seed_1993/task_3.pkl
2026-10-03 09:22:50,292 [trainer.py] => Removed superseded checkpoint: /kaggle/working/qksr_runs/ckpt/imageneta_qksr/imageneta/20_20/seed_1993/task_2.pkl
2026-10-03 09:22:50,293 [trainer.py] => CNN top1 curve: [87.43, 82.41, 80.54, 76.14]
2026-10-03 09:22:50,293 [trainer.py] => CNN top5 curve: [98.36, 95.8, 94.75, 92.79]
2026-10-03 09:22:50,293 [trainer.py] => Average Accuracy (CNN): 81.63
2026-10-03 09:22:50,293 [trainer.py] => All params: 87049728
2026-10-03 09:22:50,294 [trainer.py] => Trainable params: 1251072
2026-10-03 09:22:50,294 [RSIAT_adapter.py] => Learning on 80-100
2026-10-03 09:22:50,358 [RSIAT_adapter.py] => QKSR calibration task=4 samples=512 indices=[240, 222, 143, 202, 130, 495, 312, 141, 363, 205, 261, 99, 329, 367, 482, 436, 500, 504, 133, 167, 392, 335, 268, 28, 379, 120, 466, 40, 447, 159, 368, 85, 481, 234, 403, 514, 291, 491, 400, 428, 182, 83, 346, 138, 450, 307, 241, 273, 463, 208, 3, 37, 446, 370, 65, 366, 125, 168, 219, 38, 20, 521, 354, 509, 333, 423, 319, 344, 281, 394, 98, 462, 523, 308, 39, 172, 377, 59, 474, 80, 320, 477, 170, 522, 441, 7, 386, 31, 413, 349, 22, 327, 445, 488, 427, 515, 1, 15, 422, 251, 186, 399, 464, 437, 424, 351, 506, 236, 148, 26, 266, 415, 520, 218, 384, 350, 214, 108, 239, 373, 360, 296, 95, 328, 82, 203, 75, 195, 197, 310, 311, 2, 25, 401, 32, 265, 318, 64, 169, 365, 142, 216, 438, 457, 193, 176, 72, 324, 238, 420, 92, 161, 355, 411, 200, 162, 30, 409, 17, 44, 11, 300, 339, 35, 405, 235, 33, 280, 131, 371, 402, 316, 6, 175, 14, 90, 478, 183, 146, 104, 361, 111, 192, 417, 100, 421, 408, 390, 410, 181, 458, 456, 250, 485, 306, 502, 109, 289, 342, 269, 191, 16, 110, 347, 406, 49, 107, 369, 393, 345, 0, 196, 282, 287, 212, 244, 166, 226, 270, 358, 242, 364, 352, 232, 387, 511, 510, 314, 171, 454, 62, 453, 272, 97, 486, 88, 174, 230, 334, 497, 43, 210, 84, 224, 309, 105, 283, 60, 158, 184, 519, 147, 388, 81, 89, 398, 380, 404, 284, 274, 518, 331, 189, 498, 50, 29, 155, 315, 56, 54, 277, 209, 246, 55, 160, 303, 101, 215, 340, 164, 431, 513, 254, 263, 449, 313, 68, 418, 86, 489, 460, 145, 381, 127, 217, 435, 9, 47, 508, 150, 501, 136, 220, 188, 5, 476, 247, 395, 517, 63, 434, 178, 430, 36, 227, 19, 356, 524, 255, 467, 177, 179, 140, 58, 126, 473, 69, 93, 443, 372, 73, 237, 223, 262, 115, 96, 484, 135, 471, 285, 114, 180, 389, 256, 252, 119, 492, 66, 461, 323, 245, 70, 221, 201, 211, 385, 407, 357, 525, 444, 397, 122, 442, 45, 362, 348, 455, 425, 163, 24, 185, 260, 279, 433, 468, 187, 23, 304, 228, 4, 336, 156, 137, 264, 341, 448, 76, 286, 343, 483, 233, 213, 301, 275, 18, 383, 512, 412, 41, 132, 151, 374, 128, 259, 503, 248, 292, 278, 426, 338, 299, 432, 451, 113, 71, 470, 10, 165, 207, 8, 276, 375, 326, 376, 53, 91, 57, 42, 13, 46, 496, 293, 382, 516, 21, 112, 154, 359, 87, 494, 302, 353, 116, 157, 34, 144, 391, 297, 52, 505, 288, 149, 440, 121, 194, 152, 499, 475, 439, 479, 325, 480, 61, 317, 258, 396, 243, 271, 79, 198, 298, 321, 332, 12, 231, 77, 322, 204, 118, 472, 337, 206, 225, 123, 452, 469, 493, 490, 117, 487, 419, 229, 124, 459, 102, 305, 330, 294, 290, 378, 134, 129, 48, 94, 190, 416, 139, 295, 507, 414, 253, 103]
2026-10-03 09:22:52,644 [toolkit.py] => All params: 87180800
2026-10-03 09:22:52,644 [toolkit.py] => Trainable params: 1382144
2026-10-03 09:22:54,588 [RSIAT_adapter.py] => QKSR diagnostics task=4 epoch=1 gamma=0.21545537 gradients={} kernel={'min': 0.04566514119505882, 'mean': 0.5795121788978577, 'std': 0.23566584289073944, 'max': 1.0, 'quantiles_05_25_50_75_95': [0.19272980093955994, 0.39391711354255676, 0.585925281047821, 0.7534509897232056, 0.9826372861862183], 'histogram_10_bins_0_1': [62, 133, 248, 508, 478, 493, 565, 481, 289, 423]}
2026-10-03 09:22:56,502 [RSIAT_adapter.py] => QKSR diagnostics task=4 epoch=2 gamma=0.21545537 gradients={} kernel={'min': 0.04561907798051834, 'mean': 0.5841883420944214, 'std': 0.2176632136106491, 'max': 1.0, 'quantiles_05_25_50_75_95': [0.23903459310531616, 0.4126410484313965, 0.5875307321548462, 0.7479575872421265, 0.9569714069366455], 'histogram_10_bins_0_1': [12, 99, 248, 502, 512, 543, 565, 541, 333, 325]}
2026-10-03 09:22:58,436 [RSIAT_adapter.py] => QKSR diagnostics task=4 epoch=3 gamma=0.21545537 gradients={} kernel={'min': 0.04557914659380913, 'mean': 0.5810335874557495, 'std': 0.2365066409111023, 'max': 1.0, 'quantiles_05_25_50_75_95': [0.21645846962928772, 0.3860568106174469, 0.5858169198036194, 0.7569732666015625, 0.9868059754371643], 'histogram_10_bins_0_1': [17, 152, 317, 496, 459, 480, 540, 492, 272, 455]}
2026-10-03 09:23:00,349 [RSIAT_adapter.py] => QKSR diagnostics task=4 epoch=4 gamma=0.21545537 gradients={} kernel={'min': 0.04553519934415817, 'mean': 0.5665255188941956, 'std': 0.23279671370983124, 'max': 1.0, 'quantiles_05_25_50_75_95': [0.2090187519788742, 0.38058340549468994, 0.5559591054916382, 0.7381319403648376, 0.9795118570327759], 'histogram_10_bins_0_1': [27, 126, 326, 566, 506, 512, 512, 431, 266, 408]}
2026-10-03 09:23:02,274 [RSIAT_adapter.py] => QKSR diagnostics task=4 epoch=5 gamma=0.21545537 gradients={} kernel={'min': 0.045494191348552704, 'mean': 0.5739882588386536, 'std': 0.24311932921409607, 'max': 1.0, 'quantiles_05_25_50_75_95': [0.2123601883649826, 0.3709051012992859, 0.5592776536941528, 0.7546956539154053, 0.9958674907684326], 'histogram_10_bins_0_1': [21, 143, 329, 580, 496, 463, 487, 383, 259, 519]}
2026-10-03 09:23:04,195 [RSIAT_adapter.py] => QKSR diagnostics task=4 epoch=6 gamma=0.21545537 gradients={} kernel={'min': 0.04545615613460541, 'mean': 0.5616101622581482, 'std': 0.2309601902961731, 'max': 1.0, 'quantiles_05_25_50_75_95': [0.19619053602218628, 0.3778260350227356, 0.5549333691596985, 0.7343729138374329, 0.9705868363380432], 'histogram_10_bins_0_1': [27, 167, 295, 550, 537, 495, 543, 434, 263, 369]}
2026-10-03 09:23:06,112 [RSIAT_adapter.py] => QKSR diagnostics task=4 epoch=7 gamma=0.21545537 gradients={} kernel={'min': 0.04541603475809097, 'mean': 0.5932918787002563, 'std': 0.2246633768081665, 'max': 1.0, 'quantiles_05_25_50_75_95': [0.2299741804599762, 0.41189002990722656, 0.6011570692062378, 0.7655352354049683, 0.9742251038551331], 'histogram_10_bins_0_1': [27, 96, 238, 491, 495, 487, 573, 530, 356, 387]}
2026-10-03 09:23:08,027 [RSIAT_adapter.py] => QKSR diagnostics task=4 epoch=8 gamma=0.21545537 gradients={} kernel={'min': 0.04538436233997345, 'mean': 0.5750018358230591, 'std': 0.22419345378875732, 'max': 1.0, 'quantiles_05_25_50_75_95': [0.22023242712020874, 0.3931782841682434, 0.5857783555984497, 0.7404308319091797, 0.9520231485366821], 'histogram_10_bins_0_1': [31, 135, 282, 507, 479, 483, 588, 542, 331, 302]}
2026-10-03 09:23:09,964 [RSIAT_adapter.py] => QKSR diagnostics task=4 epoch=9 gamma=0.21545537 gradients={} kernel={'min': 0.04535892605781555, 'mean': 0.5706766247749329, 'std': 0.23145893216133118, 'max': 1.0, 'quantiles_05_25_50_75_95': [0.200373575091362, 0.38363611698150635, 0.5611166954040527, 0.7481048107147217, 0.9717872738838196], 'histogram_10_bins_0_1': [11, 173, 283, 524, 545, 488, 504, 464, 300, 388]}
2026-10-03 09:23:11,885 [RSIAT_adapter.py] => QKSR diagnostics task=4 epoch=10 gamma=0.21545537 gradients={} kernel={'min': 0.04534123092889786, 'mean': 0.5982159376144409, 'std': 0.21787692606449127, 'max': 1.0, 'quantiles_05_25_50_75_95': [0.23535190522670746, 0.4304659366607666, 0.6027505397796631, 0.7657067179679871, 0.9551039338111877], 'histogram_10_bins_0_1': [10, 113, 221, 435, 490, 554, 584, 512, 403, 358]}
2026-10-03 09:23:13,791 [RSIAT_adapter.py] => QKSR diagnostics task=4 epoch=11 gamma=0.21545537 gradients={} kernel={'min': 0.04532577469944954, 'mean': 0.5700908899307251, 'std': 0.24591995775699615, 'max': 1.0, 'quantiles_05_25_50_75_95': [0.1910378485918045, 0.37149345874786377, 0.5604391098022461, 0.7501075863838196, 0.9901761412620544], 'histogram_10_bins_0_1': [35, 188, 325, 517, 501, 470, 499, 375, 256, 514]}
2026-10-03 09:23:15,698 [RSIAT_adapter.py] => QKSR diagnostics task=4 epoch=12 gamma=0.21545537 gradients={} kernel={'min': 0.04531826451420784, 'mean': 0.5781715512275696, 'std': 0.2319718599319458, 'max': 1.0, 'quantiles_05_25_50_75_95': [0.19356819987297058, 0.40293875336647034, 0.582148015499115, 0.7637832164764404, 0.9560588002204895], 'histogram_10_bins_0_1': [37, 183, 262, 422, 527, 503, 530, 475, 388, 353]}
2026-10-03 09:23:17,610 [RSIAT_adapter.py] => QKSR diagnostics task=4 epoch=13 gamma=0.21545537 gradients={} kernel={'min': 0.04531536623835564, 'mean': 0.6054045557975769, 'std': 0.21362966299057007, 'max': 1.0, 'quantiles_05_25_50_75_95': [0.25842615962028503, 0.4393983781337738, 0.6096012592315674, 0.7671578526496887, 0.9632958769798279], 'histogram_10_bins_0_1': [11, 82, 185, 444, 472, 589, 593, 539, 404, 361]}
2026-10-03 09:23:19,542 [RSIAT_adapter.py] => QKSR diagnostics task=4 epoch=14 gamma=0.21545537 gradients={} kernel={'min': 0.04530748352408409, 'mean': 0.5844990611076355, 'std': 0.24030771851539612, 'max': 1.0, 'quantiles_05_25_50_75_95': [0.21775512397289276, 0.3834986388683319, 0.5868369340896606, 0.7774622440338135, 0.9856110215187073], 'histogram_10_bins_0_1': [31, 134, 301, 543, 472, 419, 496, 466, 348, 470]}
2026-10-03 09:23:23,610 [RSIAT_adapter.py] => QKSR diagnostics task=4 epoch=15 gamma=0.21545537 gradients={} kernel={'min': 0.04530900716781616, 'mean': 0.6116315722465515, 'std': 0.2340267151594162, 'max': 1.0, 'quantiles_05_25_50_75_95': [0.255523681640625, 0.4179942011833191, 0.6233745813369751, 0.7915539145469666, 0.9972349405288696], 'histogram_10_bins_0_1': [19, 98, 215, 508, 464, 434, 519, 533, 368, 522]}
2026-10-03 09:23:23,611 [RSIAT_adapter.py] => Task 4, Epoch 15/15 => Loss 7.080, Loss_c 2.676, Losses_rt 4.404, Train_accy 80.04, Test_accy 73.90, Time 1.91s
2026-10-03 09:23:23,611 [RSIAT_adapter.py] => Task 4 peak GPU memory: 4870.65 MiB
2026-10-03 09:23:30,085 [base.py] => CA Task 4 => Loss 0.099, Test_accy skipped
2026-10-03 09:23:30,311 [base.py] => CA Task 4 => Loss 0.086, Test_accy skipped
2026-10-03 09:23:30,536 [base.py] => CA Task 4 => Loss 0.080, Test_accy skipped
2026-10-03 09:23:30,760 [base.py] => CA Task 4 => Loss 0.074, Test_accy skipped
2026-10-03 09:23:30,984 [base.py] => CA Task 4 => Loss 0.072, Test_accy skipped
2026-10-03 09:23:31,208 [base.py] => CA Task 4 => Loss 0.068, Test_accy skipped
2026-10-03 09:23:31,432 [base.py] => CA Task 4 => Loss 0.067, Test_accy skipped
2026-10-03 09:23:31,656 [base.py] => CA Task 4 => Loss 0.068, Test_accy skipped
2026-10-03 09:23:31,879 [base.py] => CA Task 4 => Loss 0.067, Test_accy skipped
2026-10-03 09:23:33,932 [base.py] => CA Task 4 => Loss 0.067, Test_accy 74.710
2026-10-03 09:23:35,748 [trainer.py] => CNN: {'total': 74.71, '00-09': 61.25, '10-19': 76.7, '20-29': 75.51, '30-39': 73.0, '40-49': 71.43, '50-59': 84.13, '60-69': 83.33, '70-79': 68.82, '80-89': 75.64, '90-99': 76.19, 'old': 74.48, 'new': 75.89}
2026-10-03 09:23:35,748 [trainer.py] => Continual metrics after task 4: BWT=-8.3950, forgetting=8.3950, task_acc=[69.95, 74.24, 77.44, 76.81, 75.89]
2026-10-03 09:23:35,972 [base.py] => Saved checkpoint: /kaggle/working/qksr_runs/ckpt/imageneta_qksr/imageneta/20_20/seed_1993/task_4.pkl
2026-10-03 09:23:35,991 [trainer.py] => Removed superseded checkpoint: /kaggle/working/qksr_runs/ckpt/imageneta_qksr/imageneta/20_20/seed_1993/task_3.pkl
2026-10-03 09:23:35,991 [trainer.py] => CNN top1 curve: [87.43, 82.41, 80.54, 76.14, 74.71]
2026-10-03 09:23:35,991 [trainer.py] => CNN top5 curve: [98.36, 95.8, 94.75, 92.79, 91.18]
2026-10-03 09:23:35,991 [trainer.py] => Average Accuracy (CNN): 80.24600000000001
2026-10-03 09:23:35,992 [trainer.py] => All params: 87065088
2026-10-03 09:23:35,992 [trainer.py] => Trainable params: 1266432
2026-10-03 09:23:35,993 [RSIAT_adapter.py] => Learning on 100-120
2026-10-03 09:23:36,054 [RSIAT_adapter.py] => QKSR calibration task=5 samples=512 indices=[74, 337, 452, 379, 218, 200, 262, 110, 454, 255, 288, 159, 468, 277, 92, 478, 43, 96, 344, 156, 460, 436, 98, 166, 384, 69, 342, 357, 260, 306, 127, 233, 402, 158, 461, 415, 272, 128, 350, 104, 23, 377, 105, 187, 226, 338, 303, 239, 496, 429, 490, 213, 385, 428, 59, 290, 257, 201, 364, 506, 440, 134, 339, 236, 316, 112, 497, 24, 433, 271, 326, 13, 489, 237, 120, 301, 240, 174, 253, 516, 467, 77, 140, 390, 56, 434, 375, 265, 438, 22, 324, 332, 39, 331, 349, 212, 395, 32, 85, 64, 500, 0, 1, 378, 504, 175, 448, 84, 494, 139, 151, 168, 502, 25, 409, 447, 356, 420, 422, 148, 214, 152, 188, 312, 414, 53, 300, 315, 361, 308, 161, 493, 382, 235, 246, 370, 38, 16, 48, 302, 20, 499, 352, 10, 162, 138, 169, 227, 310, 407, 403, 296, 181, 4, 305, 126, 179, 103, 209, 7, 449, 446, 465, 149, 492, 142, 474, 205, 80, 393, 35, 453, 397, 466, 137, 387, 176, 275, 340, 81, 118, 203, 196, 276, 195, 124, 182, 376, 473, 155, 476, 28, 50, 282, 178, 369, 314, 229, 79, 283, 386, 417, 27, 86, 421, 223, 184, 167, 83, 150, 26, 268, 470, 443, 52, 100, 345, 358, 164, 287, 455, 62, 256, 327, 6, 488, 31, 297, 456, 346, 117, 269, 392, 232, 157, 469, 321, 353, 198, 251, 54, 215, 133, 11, 192, 279, 372, 177, 487, 72, 219, 511, 63, 286, 404, 40, 248, 445, 509, 147, 284, 123, 430, 225, 292, 121, 221, 424, 336, 90, 351, 8, 211, 334, 144, 512, 459, 313, 267, 348, 485, 206, 464, 51, 186, 230, 285, 299, 281, 507, 398, 278, 45, 190, 451, 15, 355, 368, 141, 66, 145, 298, 479, 65, 501, 99, 273, 503, 49, 475, 73, 165, 425, 132, 76, 435, 143, 183, 36, 242, 130, 400, 89, 189, 381, 495, 471, 508, 371, 383, 9, 88, 202, 160, 146, 82, 289, 199, 58, 224, 325, 180, 204, 114, 5, 109, 442, 119, 111, 388, 234, 437, 484, 359, 263, 510, 491, 70, 374, 463, 18, 33, 217, 363, 14, 389, 462, 243, 231, 67, 129, 333, 480, 441, 410, 29, 330, 408, 216, 319, 37, 30, 3, 95, 41, 416, 259, 97, 423, 335, 360, 270, 266, 247, 68, 362, 431, 450, 406, 505, 401, 412, 91, 380, 444, 307, 87, 280, 102, 172, 185, 61, 12, 343, 245, 472, 439, 311, 163, 125, 171, 222, 17, 320, 405, 261, 457, 481, 354, 295, 210, 291, 71, 154, 322, 418, 173, 197, 294, 413, 250, 252, 254, 34, 21, 258, 60, 191, 486, 329, 365, 341, 241, 498, 396, 47, 19, 244, 483, 107, 391, 55, 78, 318, 238, 477, 419, 193, 93, 427, 249, 426, 328, 131, 514, 194, 366, 399, 458, 113, 57, 42, 170, 44, 411, 432, 208, 513, 309, 116, 373, 108, 293, 228, 317, 323, 274, 2, 515, 304, 122, 101, 482, 136, 115, 135, 46, 106, 367, 347, 75, 264]
2026-10-03 09:23:38,475 [toolkit.py] => All params: 87196160
2026-10-03 09:23:38,475 [toolkit.py] => Trainable params: 1397504
2026-10-03 09:23:40,345 [RSIAT_adapter.py] => QKSR diagnostics task=5 epoch=1 gamma=0.21545537 gradients={} kernel={'min': 0.07974392920732498, 'mean': 0.5984280109405518, 'std': 0.21226848661899567, 'max': 0.9999998807907104, 'quantiles_05_25_50_75_95': [0.26214122772216797, 0.43688270449638367, 0.5968606472015381, 0.755878210067749, 0.9518905282020569], 'histogram_10_bins_0_1': [12, 83, 242, 445, 454, 642, 566, 537, 362, 357]}
2026-10-03 09:23:42,207 [RSIAT_adapter.py] => QKSR diagnostics task=5 epoch=2 gamma=0.21545537 gradients={} kernel={'min': 0.07967323064804077, 'mean': 0.5688109993934631, 'std': 0.22367814183235168, 'max': 1.0, 'quantiles_05_25_50_75_95': [0.20831456780433655, 0.3974635899066925, 0.5725852847099304, 0.7343962788581848, 0.9485037922859192], 'histogram_10_bins_0_1': [20, 145, 347, 425, 529, 577, 557, 479, 281, 340]}
2026-10-03 09:23:44,036 [RSIAT_adapter.py] => QKSR diagnostics task=5 epoch=3 gamma=0.21545537 gradients={} kernel={'min': 0.0796673446893692, 'mean': 0.5952387452125549, 'std': 0.20628786087036133, 'max': 1.0, 'quantiles_05_25_50_75_95': [0.24492493271827698, 0.43955153226852417, 0.6076546907424927, 0.7530619502067566, 0.9169478416442871], 'histogram_10_bins_0_1': [6, 85, 262, 400, 469, 573, 635, 641, 398, 231]}
2026-10-03 09:23:45,889 [RSIAT_adapter.py] => QKSR diagnostics task=5 epoch=4 gamma=0.21545537 gradients={} kernel={'min': 0.07973111420869827, 'mean': 0.597290575504303, 'std': 0.21067629754543304, 'max': 1.0, 'quantiles_05_25_50_75_95': [0.23959513008594513, 0.4426196217536926, 0.6097438335418701, 0.7588478326797485, 0.9263838529586792], 'histogram_10_bins_0_1': [23, 107, 218, 390, 466, 585, 627, 608, 407, 269]}
2026-10-03 09:23:47,747 [RSIAT_adapter.py] => QKSR diagnostics task=5 epoch=5 gamma=0.21545537 gradients={} kernel={'min': 0.06372148543596268, 'mean': 0.5794695019721985, 'std': 0.2196246236562729, 'max': 1.0, 'quantiles_05_25_50_75_95': [0.21598796546459198, 0.41188687086105347, 0.5827866792678833, 0.7409594058990479, 0.9501501321792603], 'histogram_10_bins_0_1': [29, 132, 235, 487, 521, 538, 586, 519, 342, 311]}
2026-10-03 09:23:49,602 [RSIAT_adapter.py] => QKSR diagnostics task=5 epoch=6 gamma=0.21545537 gradients={} kernel={'min': 0.07970185577869415, 'mean': 0.6210338473320007, 'std': 0.206060528755188, 'max': 1.0, 'quantiles_05_25_50_75_95': [0.28300562500953674, 0.4584204852581024, 0.6370730996131897, 0.7806738615036011, 0.9516090750694275], 'histogram_10_bins_0_1': [9, 52, 165, 414, 478, 512, 625, 635, 476, 334]}
2026-10-03 09:23:51,440 [RSIAT_adapter.py] => QKSR diagnostics task=5 epoch=7 gamma=0.21545537 gradients={} kernel={'min': 0.07972001284360886, 'mean': 0.5933237671852112, 'std': 0.21657876670360565, 'max': 1.0, 'quantiles_05_25_50_75_95': [0.24239228665828705, 0.43098413944244385, 0.592666506767273, 0.756054162979126, 0.9589746594429016], 'histogram_10_bins_0_1': [12, 101, 268, 399, 510, 606, 589, 489, 384, 342]}
2026-10-03 09:23:53,295 [RSIAT_adapter.py] => QKSR diagnostics task=5 epoch=8 gamma=0.21545537 gradients={} kernel={'min': 0.07971905916929245, 'mean': 0.594387948513031, 'std': 0.21711044013500214, 'max': 1.0, 'quantiles_05_25_50_75_95': [0.22598470747470856, 0.43415069580078125, 0.6062599420547485, 0.7584719061851501, 0.9520543813705444], 'histogram_10_bins_0_1': [14, 142, 223, 410, 478, 555, 617, 576, 375, 310]}
2026-10-03 09:23:55,165 [RSIAT_adapter.py] => QKSR diagnostics task=5 epoch=9 gamma=0.21545537 gradients={} kernel={'min': 0.0825226828455925, 'mean': 0.6148494482040405, 'std': 0.21167975664138794, 'max': 0.9999917149543762, 'quantiles_05_25_50_75_95': [0.2734542191028595, 0.44816774129867554, 0.6204186677932739, 0.7786731719970703, 0.9602954387664795], 'histogram_10_bins_0_1': [24, 68, 145, 436, 477, 588, 581, 564, 460, 357]}
2026-10-03 09:23:57,001 [RSIAT_adapter.py] => QKSR diagnostics task=5 epoch=10 gamma=0.21545537 gradients={} kernel={'min': 0.07973181456327438, 'mean': 0.5851123332977295, 'std': 0.2377740889787674, 'max': 1.0, 'quantiles_05_25_50_75_95': [0.20890972018241882, 0.38787978887557983, 0.5745408535003662, 0.7703747153282166, 0.9896979928016663], 'histogram_10_bins_0_1': [23, 135, 291, 538, 484, 496, 483, 433, 342, 475]}
2026-10-03 09:23:58,844 [RSIAT_adapter.py] => QKSR diagnostics task=5 epoch=11 gamma=0.21545537 gradients={} kernel={'min': 0.0798245221376419, 'mean': 0.587918221950531, 'std': 0.22013676166534424, 'max': 0.9999998807907104, 'quantiles_05_25_50_75_95': [0.23148417472839355, 0.4033993184566498, 0.5912410020828247, 0.7610942125320435, 0.9547877311706543], 'histogram_10_bins_0_1': [14, 76, 326, 487, 449, 541, 549, 536, 406, 316]}
2026-10-03 09:24:00,695 [RSIAT_adapter.py] => QKSR diagnostics task=5 epoch=12 gamma=0.21545537 gradients={} kernel={'min': 0.07976539433002472, 'mean': 0.5953942537307739, 'std': 0.20599040389060974, 'max': 1.0, 'quantiles_05_25_50_75_95': [0.24785269796848297, 0.4393782913684845, 0.6062218546867371, 0.7455543279647827, 0.9260429739952087], 'histogram_10_bins_0_1': [9, 93, 234, 427, 457, 589, 665, 577, 395, 254]}
2026-10-03 09:24:02,538 [RSIAT_adapter.py] => QKSR diagnostics task=5 epoch=13 gamma=0.21545537 gradients={} kernel={'min': 0.07978551834821701, 'mean': 0.5996953845024109, 'std': 0.20037133991718292, 'max': 1.0, 'quantiles_05_25_50_75_95': [0.24351486563682556, 0.4540868401527405, 0.6157060861587524, 0.7497316598892212, 0.9146131277084351], 'histogram_10_bins_0_1': [8, 58, 258, 385, 426, 592, 740, 612, 396, 225]}
2026-10-03 09:24:04,413 [RSIAT_adapter.py] => QKSR diagnostics task=5 epoch=14 gamma=0.21545537 gradients={} kernel={'min': 0.07975312322378159, 'mean': 0.5935884714126587, 'std': 0.20216643810272217, 'max': 1.0, 'quantiles_05_25_50_75_95': [0.25923165678977966, 0.4407198429107666, 0.6030051112174988, 0.745401918888092, 0.9148015975952148], 'histogram_10_bins_0_1': [24, 53, 204, 415, 539, 591, 654, 587, 392, 241]}
2026-10-03 09:24:08,832 [RSIAT_adapter.py] => QKSR diagnostics task=5 epoch=15 gamma=0.21545537 gradients={} kernel={'min': 0.07974676042795181, 'mean': 0.6049054861068726, 'std': 0.197856143116951, 'max': 1.0, 'quantiles_05_25_50_75_95': [0.27621814608573914, 0.4586554169654846, 0.6151382923126221, 0.7480591535568237, 0.9258065223693848], 'histogram_10_bins_0_1': [6, 44, 213, 398, 446, 641, 690, 637, 359, 266]}
2026-10-03 09:24:08,832 [RSIAT_adapter.py] => Task 5, Epoch 15/15 => Loss 6.823, Loss_c 2.443, Losses_rt 4.380, Train_accy 85.30, Test_accy 70.76, Time 1.83s
2026-10-03 09:24:08,833 [RSIAT_adapter.py] => Task 5 peak GPU memory: 4877.36 MiB
2026-10-03 09:24:15,362 [base.py] => CA Task 5 => Loss 0.104, Test_accy skipped
2026-10-03 09:24:15,628 [base.py] => CA Task 5 => Loss 0.086, Test_accy skipped
2026-10-03 09:24:15,894 [base.py] => CA Task 5 => Loss 0.080, Test_accy skipped
2026-10-03 09:24:16,160 [base.py] => CA Task 5 => Loss 0.077, Test_accy skipped
2026-10-03 09:24:16,425 [base.py] => CA Task 5 => Loss 0.075, Test_accy skipped
2026-10-03 09:24:16,690 [base.py] => CA Task 5 => Loss 0.072, Test_accy skipped
2026-10-03 09:24:16,955 [base.py] => CA Task 5 => Loss 0.074, Test_accy skipped
2026-10-03 09:24:17,220 [base.py] => CA Task 5 => Loss 0.070, Test_accy skipped
2026-10-03 09:24:17,485 [base.py] => CA Task 5 => Loss 0.070, Test_accy skipped
2026-10-03 09:24:19,780 [base.py] => CA Task 5 => Loss 0.070, Test_accy 73.050
2026-10-03 09:24:21,789 [trainer.py] => CNN: {'total': 73.05, '00-09': 58.75, '10-19': 76.7, '20-29': 73.47, '30-39': 73.0, '40-49': 71.43, '50-59': 84.13, '60-69': 79.82, '70-79': 66.67, '80-89': 74.36, '90-99': 74.6, '100-109': 66.67, '110-119': 75.68, 'old': 73.32, 'new': 71.43}
2026-10-03 09:24:21,789 [trainer.py] => Continual metrics after task 5: BWT=-8.0020, forgetting=8.0020, task_acc=[68.85, 73.23, 77.44, 73.91, 74.47, 71.43]
2026-10-03 09:24:22,030 [base.py] => Saved checkpoint: /kaggle/working/qksr_runs/ckpt/imageneta_qksr/imageneta/20_20/seed_1993/task_5.pkl
2026-10-03 09:24:22,050 [trainer.py] => Removed superseded checkpoint: /kaggle/working/qksr_runs/ckpt/imageneta_qksr/imageneta/20_20/seed_1993/task_4.pkl
2026-10-03 09:24:22,050 [trainer.py] => CNN top1 curve: [87.43, 82.41, 80.54, 76.14, 74.71, 73.05]
2026-10-03 09:24:22,050 [trainer.py] => CNN top5 curve: [98.36, 95.8, 94.75, 92.79, 91.18, 91.22]
2026-10-03 09:24:22,050 [trainer.py] => Average Accuracy (CNN): 79.04666666666667
2026-10-03 09:24:22,051 [trainer.py] => All params: 87080448
2026-10-03 09:24:22,051 [trainer.py] => Trainable params: 1281792
2026-10-03 09:24:22,052 [RSIAT_adapter.py] => Learning on 120-140
2026-10-03 09:24:22,124 [RSIAT_adapter.py] => QKSR calibration task=6 samples=512 indices=[319, 422, 79, 423, 233, 219, 301, 250, 87, 80, 335, 283, 350, 522, 503, 398, 290, 66, 305, 520, 53, 346, 418, 268, 352, 253, 99, 208, 127, 446, 238, 288, 224, 343, 364, 7, 57, 42, 404, 214, 338, 457, 325, 49, 72, 391, 157, 256, 458, 83, 90, 52, 134, 365, 526, 498, 415, 155, 524, 491, 452, 308, 417, 337, 143, 307, 44, 6, 468, 261, 277, 382, 279, 37, 188, 386, 445, 133, 3, 433, 232, 240, 461, 123, 230, 327, 501, 70, 429, 397, 150, 444, 209, 413, 269, 339, 178, 440, 15, 177, 141, 122, 441, 317, 529, 527, 231, 243, 225, 265, 442, 74, 46, 344, 85, 434, 213, 436, 450, 532, 294, 518, 194, 125, 528, 347, 484, 2, 448, 367, 203, 315, 215, 287, 191, 207, 124, 340, 148, 291, 331, 138, 170, 137, 348, 355, 459, 199, 515, 162, 16, 318, 31, 273, 342, 197, 96, 492, 390, 392, 510, 449, 93, 506, 21, 435, 222, 359, 300, 91, 401, 296, 182, 419, 118, 410, 295, 408, 507, 0, 406, 280, 117, 512, 147, 372, 246, 20, 371, 216, 354, 9, 17, 299, 69, 276, 39, 159, 443, 456, 183, 5, 103, 488, 4, 84, 144, 478, 212, 453, 254, 244, 341, 516, 486, 34, 530, 25, 536, 172, 281, 26, 249, 121, 130, 537, 167, 521, 47, 356, 12, 275, 60, 312, 129, 369, 438, 409, 149, 270, 424, 158, 334, 394, 227, 329, 309, 56, 380, 202, 480, 465, 226, 483, 387, 241, 479, 179, 376, 414, 43, 451, 186, 29, 38, 160, 505, 447, 105, 471, 403, 104, 427, 32, 116, 94, 497, 110, 50, 76, 67, 384, 258, 303, 353, 252, 140, 455, 171, 293, 508, 126, 78, 361, 146, 97, 180, 77, 247, 54, 59, 221, 385, 396, 467, 153, 8, 474, 236, 260, 323, 192, 14, 82, 395, 485, 316, 55, 18, 362, 383, 272, 534, 81, 463, 237, 113, 64, 175, 181, 324, 533, 360, 173, 517, 142, 63, 196, 119, 107, 274, 402, 112, 139, 267, 217, 75, 135, 368, 201, 425, 40, 373, 432, 19, 431, 108, 73, 475, 176, 320, 89, 298, 509, 370, 379, 205, 235, 33, 211, 114, 328, 161, 71, 333, 489, 98, 23, 302, 195, 245, 426, 286, 407, 145, 48, 313, 187, 375, 35, 487, 513, 322, 132, 120, 332, 377, 248, 400, 464, 310, 381, 51, 271, 22, 218, 472, 389, 184, 500, 460, 101, 239, 462, 358, 62, 421, 326, 234, 304, 154, 36, 24, 204, 357, 95, 106, 30, 439, 165, 336, 163, 263, 128, 282, 131, 345, 28, 100, 476, 156, 41, 228, 511, 102, 223, 198, 88, 388, 306, 264, 189, 168, 490, 535, 166, 65, 493, 257, 58, 92, 151, 200, 514, 416, 278, 10, 314, 174, 190, 504, 430, 255, 525, 420, 229, 164, 399, 115, 311, 374, 13, 266, 473, 378, 251, 111, 284, 61, 437, 523, 11, 411, 259, 193, 45, 366, 262, 454, 502, 531, 1, 297, 206, 466, 185, 27, 169, 494, 495, 499, 152]
2026-10-03 09:24:24,331 [toolkit.py] => All params: 87211520
2026-10-03 09:24:24,331 [toolkit.py] => Trainable params: 1412864
2026-10-03 09:24:26,301 [RSIAT_adapter.py] => QKSR diagnostics task=6 epoch=1 gamma=0.21545537 gradients={} kernel={'min': 0.11559424549341202, 'mean': 0.6238574385643005, 'std': 0.18555471301078796, 'max': 0.9999973177909851, 'quantiles_05_25_50_75_95': [0.31855645775794983, 0.46914008259773254, 0.6372347474098206, 0.7618694305419922, 0.9292392730712891], 'histogram_10_bins_0_1': [0, 10, 38, 104, 179, 167, 261, 230, 132, 79]}
2026-10-03 09:24:28,285 [RSIAT_adapter.py] => QKSR diagnostics task=6 epoch=2 gamma=0.21545537 gradients={} kernel={'min': 0.12474127858877182, 'mean': 0.5921891927719116, 'std': 0.1985805779695511, 'max': 0.9993005990982056, 'quantiles_05_25_50_75_95': [0.2621438503265381, 0.44427525997161865, 0.5974072217941284, 0.7357125282287598, 0.92132169008255], 'histogram_10_bins_0_1': [0, 18, 106, 82, 202, 198, 223, 173, 113, 85]}
2026-10-03 09:24:30,248 [RSIAT_adapter.py] => QKSR diagnostics task=6 epoch=3 gamma=0.21545537 gradients={} kernel={'min': 0.12078981846570969, 'mean': 0.6230143308639526, 'std': 0.17777639627456665, 'max': 0.9994067549705505, 'quantiles_05_25_50_75_95': [0.3251120150089264, 0.48795750737190247, 0.6393049359321594, 0.7562400102615356, 0.8888400197029114], 'histogram_10_bins_0_1': [0, 6, 9, 163, 143, 181, 245, 254, 152, 47]}
2026-10-03 09:24:32,215 [RSIAT_adapter.py] => QKSR diagnostics task=6 epoch=4 gamma=0.21545537 gradients={} kernel={'min': 0.13031163811683655, 'mean': 0.6080267429351807, 'std': 0.20706544816493988, 'max': 0.9937050342559814, 'quantiles_05_25_50_75_95': [0.2292596399784088, 0.47365596890449524, 0.6210050582885742, 0.7720799446105957, 0.9186824560165405], 'histogram_10_bins_0_1': [0, 44, 54, 133, 124, 183, 222, 195, 167, 78]}
2026-10-03 09:24:34,207 [RSIAT_adapter.py] => QKSR diagnostics task=6 epoch=5 gamma=0.21545537 gradients={} kernel={'min': 0.12046165019273758, 'mean': 0.6460400819778442, 'std': 0.1864127367734909, 'max': 0.9996709227561951, 'quantiles_05_25_50_75_95': [0.3087005913257599, 0.5089366436004639, 0.6722499132156372, 0.7806606292724609, 0.9350749850273132], 'histogram_10_bins_0_1': [0, 7, 48, 76, 155, 157, 250, 253, 164, 90]}
2026-10-03 09:24:36,173 [RSIAT_adapter.py] => QKSR diagnostics task=6 epoch=6 gamma=0.21545537 gradients={} kernel={'min': 0.22597718238830566, 'mean': 0.6523248553276062, 'std': 0.1719987541437149, 'max': 0.9731752872467041, 'quantiles_05_25_50_75_95': [0.32988423109054565, 0.5468622446060181, 0.6804201602935791, 0.7792840003967285, 0.8952705264091492], 'histogram_10_bins_0_1': [0, 0, 43, 86, 88, 195, 246, 299, 185, 58]}
2026-10-03 09:24:38,126 [RSIAT_adapter.py] => QKSR diagnostics task=6 epoch=7 gamma=0.21545537 gradients={} kernel={'min': 0.1108255535364151, 'mean': 0.6493210792541504, 'std': 0.17650197446346283, 'max': 1.0, 'quantiles_05_25_50_75_95': [0.3524172604084015, 0.528024435043335, 0.6702200770378113, 0.7823464274406433, 0.9025312066078186], 'histogram_10_bins_0_1': [0, 8, 14, 118, 125, 166, 237, 274, 194, 64]}
2026-10-03 09:24:40,085 [RSIAT_adapter.py] => QKSR diagnostics task=6 epoch=8 gamma=0.21545537 gradients={} kernel={'min': 0.11506443470716476, 'mean': 0.5883790254592896, 'std': 0.20884521305561066, 'max': 0.9999389052391052, 'quantiles_05_25_50_75_95': [0.25584879517555237, 0.42500633001327515, 0.5898745059967041, 0.7386475801467896, 0.9894185066223145], 'histogram_10_bins_0_1': [0, 19, 78, 169, 140, 219, 199, 186, 93, 97]}
2026-10-03 09:24:42,045 [RSIAT_adapter.py] => QKSR diagnostics task=6 epoch=9 gamma=0.21545537 gradients={} kernel={'min': 0.10981685668230057, 'mean': 0.5532642602920532, 'std': 0.20634017884731293, 'max': 0.9993799328804016, 'quantiles_05_25_50_75_95': [0.22792191803455353, 0.3964797854423523, 0.5404059886932373, 0.68818199634552, 0.9402491450309753], 'histogram_10_bins_0_1': [0, 29, 109, 167, 192, 226, 191, 117, 78, 91]}
2026-10-03 09:24:44,044 [RSIAT_adapter.py] => QKSR diagnostics task=6 epoch=10 gamma=0.21545537 gradients={} kernel={'min': 0.11117200553417206, 'mean': 0.5908918380737305, 'std': 0.22763866186141968, 'max': 0.9999997615814209, 'quantiles_05_25_50_75_95': [0.22757229208946228, 0.40454575419425964, 0.5882128477096558, 0.7687190175056458, 0.9835056066513062], 'histogram_10_bins_0_1': [0, 44, 81, 165, 165, 177, 175, 131, 137, 125]}
2026-10-03 09:24:46,007 [RSIAT_adapter.py] => QKSR diagnostics task=6 epoch=11 gamma=0.21545537 gradients={} kernel={'min': 0.126692533493042, 'mean': 0.6025813221931458, 'std': 0.1943153738975525, 'max': 0.9974955916404724, 'quantiles_05_25_50_75_95': [0.25985202193260193, 0.4639967083930969, 0.6058648824691772, 0.7412430644035339, 0.9111567139625549], 'histogram_10_bins_0_1': [0, 33, 47, 99, 179, 211, 231, 212, 106, 82]}
2026-10-03 09:24:48,014 [RSIAT_adapter.py] => QKSR diagnostics task=6 epoch=12 gamma=0.21545537 gradients={} kernel={'min': 0.11085546761751175, 'mean': 0.590738832950592, 'std': 0.21240642666816711, 'max': 1.0, 'quantiles_05_25_50_75_95': [0.21020282804965973, 0.4545549154281616, 0.6080278754234314, 0.7479650974273682, 0.9212720394134521], 'histogram_10_bins_0_1': [0, 57, 88, 94, 133, 217, 224, 165, 147, 75]}
2026-10-03 09:24:49,986 [RSIAT_adapter.py] => QKSR diagnostics task=6 epoch=13 gamma=0.21545537 gradients={} kernel={'min': 0.15763506293296814, 'mean': 0.6164571046829224, 'std': 0.1835944950580597, 'max': 0.9667022824287415, 'quantiles_05_25_50_75_95': [0.2453080415725708, 0.4987979531288147, 0.647107720375061, 0.7550994753837585, 0.8713954091072083], 'histogram_10_bins_0_1': [0, 42, 48, 74, 137, 181, 273, 264, 152, 29]}
2026-10-03 09:24:51,972 [RSIAT_adapter.py] => QKSR diagnostics task=6 epoch=14 gamma=0.21545537 gradients={} kernel={'min': 0.11540454626083374, 'mean': 0.6046285629272461, 'std': 0.20855578780174255, 'max': 0.999710738658905, 'quantiles_05_25_50_75_95': [0.2778558135032654, 0.4597294330596924, 0.5955124497413635, 0.7530667185783386, 0.9681491255760193], 'histogram_10_bins_0_1': [0, 13, 63, 154, 176, 206, 183, 174, 84, 147]}
2026-10-03 09:24:56,677 [RSIAT_adapter.py] => QKSR diagnostics task=6 epoch=15 gamma=0.21545537 gradients={} kernel={'min': 0.11133192479610443, 'mean': 0.5856128931045532, 'std': 0.20497022569179535, 'max': 0.9999900460243225, 'quantiles_05_25_50_75_95': [0.20761899650096893, 0.41176560521125793, 0.6131415367126465, 0.7472788095474243, 0.8881033062934875], 'histogram_10_bins_0_1': [0, 57, 45, 159, 154, 158, 233, 208, 137, 49]}
2026-10-03 09:24:56,677 [RSIAT_adapter.py] => Task 6, Epoch 15/15 => Loss 7.421, Loss_c 3.004, Losses_rt 4.417, Train_accy 80.86, Test_accy 69.80, Time 1.98s
2026-10-03 09:24:56,677 [RSIAT_adapter.py] => Task 6 peak GPU memory: 4872.68 MiB
2026-10-03 09:25:03,640 [base.py] => CA Task 6 => Loss 0.115, Test_accy skipped
2026-10-03 09:25:03,984 [base.py] => CA Task 6 => Loss 0.093, Test_accy skipped
2026-10-03 09:25:04,342 [base.py] => CA Task 6 => Loss 0.090, Test_accy skipped
2026-10-03 09:25:04,700 [base.py] => CA Task 6 => Loss 0.083, Test_accy skipped
2026-10-03 09:25:05,057 [base.py] => CA Task 6 => Loss 0.081, Test_accy skipped
2026-10-03 09:25:05,415 [base.py] => CA Task 6 => Loss 0.079, Test_accy skipped
2026-10-03 09:25:05,771 [base.py] => CA Task 6 => Loss 0.079, Test_accy skipped
2026-10-03 09:25:06,115 [base.py] => CA Task 6 => Loss 0.076, Test_accy skipped
2026-10-03 09:25:06,472 [base.py] => CA Task 6 => Loss 0.078, Test_accy skipped
2026-10-03 09:25:09,342 [base.py] => CA Task 6 => Loss 0.078, Test_accy 70.580
2026-10-03 09:25:11,781 [trainer.py] => CNN: {'total': 70.58, '00-09': 55.0, '10-19': 72.82, '20-29': 73.47, '30-39': 72.0, '40-49': 70.0, '50-59': 79.37, '60-69': 76.32, '70-79': 65.59, '80-89': 73.08, '90-99': 73.02, '100-109': 68.18, '110-119': 72.97, '120-129': 50.79, '130-139': 79.76, 'old': 71.06, 'new': 67.35}
2026-10-03 09:25:11,781 [trainer.py] => Continual metrics after task 6: BWT=-8.6467, forgetting=8.6467, task_acc=[65.03, 72.73, 74.44, 71.5, 73.05, 70.71, 67.35]
2026-10-03 09:25:12,029 [base.py] => Saved checkpoint: /kaggle/working/qksr_runs/ckpt/imageneta_qksr/imageneta/20_20/seed_1993/task_6.pkl
2026-10-03 09:25:12,045 [trainer.py] => Removed superseded checkpoint: /kaggle/working/qksr_runs/ckpt/imageneta_qksr/imageneta/20_20/seed_1993/task_5.pkl
2026-10-03 09:25:12,045 [trainer.py] => CNN top1 curve: [87.43, 82.41, 80.54, 76.14, 74.71, 73.05, 70.58]
2026-10-03 09:25:12,045 [trainer.py] => CNN top5 curve: [98.36, 95.8, 94.75, 92.79, 91.18, 91.22, 90.25]
2026-10-03 09:25:12,045 [trainer.py] => Average Accuracy (CNN): 77.83714285714287
2026-10-03 09:25:12,045 [trainer.py] => All params: 87095808
2026-10-03 09:25:12,046 [trainer.py] => Trainable params: 1297152
2026-10-03 09:25:12,046 [RSIAT_adapter.py] => Learning on 140-160
2026-10-03 09:25:12,121 [RSIAT_adapter.py] => QKSR calibration task=7 samples=512 indices=[373, 36, 173, 403, 232, 424, 145, 250, 433, 291, 374, 51, 96, 441, 170, 350, 518, 245, 64, 274, 110, 300, 13, 33, 225, 382, 404, 72, 140, 136, 510, 49, 299, 516, 42, 386, 309, 312, 336, 77, 62, 132, 23, 313, 361, 421, 172, 341, 55, 68, 18, 473, 1, 496, 37, 470, 506, 199, 46, 440, 388, 192, 365, 198, 396, 53, 271, 129, 507, 422, 343, 131, 19, 497, 236, 295, 74, 202, 196, 168, 391, 282, 124, 457, 118, 346, 407, 323, 296, 137, 182, 101, 178, 408, 489, 514, 289, 277, 423, 5, 503, 327, 149, 108, 39, 425, 512, 325, 93, 40, 179, 91, 399, 256, 3, 495, 272, 337, 6, 258, 103, 417, 267, 458, 345, 259, 17, 82, 252, 517, 474, 449, 139, 41, 307, 435, 142, 338, 171, 203, 454, 150, 219, 224, 147, 207, 210, 362, 353, 445, 186, 349, 254, 99, 189, 238, 249, 477, 509, 468, 426, 246, 226, 52, 502, 181, 123, 281, 348, 127, 469, 69, 248, 146, 151, 229, 24, 107, 306, 169, 11, 223, 175, 2, 364, 513, 104, 141, 461, 155, 344, 208, 50, 230, 165, 284, 95, 376, 73, 22, 206, 480, 133, 409, 138, 71, 193, 400, 286, 65, 239, 14, 134, 290, 324, 106, 204, 32, 183, 4, 185, 213, 420, 242, 355, 438, 442, 490, 195, 452, 436, 444, 453, 78, 493, 116, 221, 125, 505, 448, 462, 166, 197, 357, 128, 460, 491, 148, 121, 322, 270, 180, 9, 89, 94, 115, 316, 154, 485, 383, 342, 105, 234, 120, 70, 298, 97, 317, 401, 439, 209, 367, 334, 100, 429, 285, 294, 54, 67, 114, 413, 79, 351, 251, 167, 451, 273, 111, 465, 112, 184, 287, 88, 301, 406, 57, 366, 276, 486, 347, 360, 268, 157, 30, 20, 478, 191, 397, 162, 31, 235, 380, 314, 488, 237, 483, 48, 387, 262, 390, 332, 188, 352, 98, 278, 12, 153, 7, 412, 205, 431, 76, 297, 26, 394, 492, 43, 161, 80, 498, 81, 363, 471, 402, 194, 122, 66, 499, 411, 378, 305, 200, 164, 328, 456, 375, 159, 255, 176, 308, 331, 10, 304, 466, 467, 126, 214, 280, 58, 218, 143, 303, 428, 310, 86, 241, 292, 190, 369, 265, 61, 392, 393, 379, 315, 410, 0, 227, 450, 427, 75, 418, 275, 177, 370, 261, 487, 432, 459, 320, 90, 152, 56, 220, 38, 319, 135, 419, 329, 28, 354, 333, 257, 318, 311, 389, 371, 335, 283, 59, 92, 479, 385, 269, 288, 102, 27, 481, 475, 87, 84, 340, 443, 447, 464, 358, 504, 279, 293, 34, 85, 463, 233, 119, 434, 482, 395, 356, 511, 231, 109, 501, 44, 476, 253, 228, 215, 377, 83, 381, 216, 500, 212, 339, 302, 405, 217, 60, 472, 494, 266, 117, 368, 326, 247, 35, 45, 484, 163, 174, 144, 21, 398, 260, 264, 515, 384, 222, 416, 16, 25, 243, 8, 330, 437, 29, 63, 201, 47, 187, 244, 240, 359, 263, 113, 321, 455, 430, 130, 446, 158, 508]
2026-10-03 09:25:14,194 [toolkit.py] => All params: 87226880
2026-10-03 09:25:14,194 [toolkit.py] => Trainable params: 1428224
2026-10-03 09:25:16,092 [RSIAT_adapter.py] => QKSR diagnostics task=7 epoch=1 gamma=0.21545537 gradients={} kernel={'min': 0.0838795080780983, 'mean': 0.5766652226448059, 'std': 0.20920537412166595, 'max': 1.0, 'quantiles_05_25_50_75_95': [0.23624899983406067, 0.41549885272979736, 0.5890783071517944, 0.7332237958908081, 0.9144908785820007], 'histogram_10_bins_0_1': [28, 173, 354, 673, 803, 781, 984, 830, 523, 311]}
2026-10-03 09:25:17,939 [RSIAT_adapter.py] => QKSR diagnostics task=7 epoch=2 gamma=0.21545537 gradients={} kernel={'min': 0.07863296568393707, 'mean': 0.5886847376823425, 'std': 0.22055578231811523, 'max': 1.0, 'quantiles_05_25_50_75_95': [0.21853215992450714, 0.40858685970306396, 0.6000194549560547, 0.7549033164978027, 0.9852746725082397], 'histogram_10_bins_0_1': [34, 197, 279, 799, 699, 721, 914, 793, 582, 442]}
2026-10-03 09:25:19,808 [RSIAT_adapter.py] => QKSR diagnostics task=7 epoch=3 gamma=0.21545537 gradients={} kernel={'min': 0.0925430878996849, 'mean': 0.5940358638763428, 'std': 0.21086083352565765, 'max': 1.0, 'quantiles_05_25_50_75_95': [0.23441636562347412, 0.4211036264896393, 0.6100434064865112, 0.7481518387794495, 0.9245671629905701], 'histogram_10_bins_0_1': [29, 133, 340, 661, 644, 831, 1028, 823, 580, 391]}
2026-10-03 09:25:21,653 [RSIAT_adapter.py] => QKSR diagnostics task=7 epoch=4 gamma=0.21545537 gradients={} kernel={'min': 0.09294331073760986, 'mean': 0.5828232169151306, 'std': 0.2149270921945572, 'max': 1.0, 'quantiles_05_25_50_75_95': [0.23783841729164124, 0.40658363699913025, 0.594068706035614, 0.7385958433151245, 0.9791678786277771], 'histogram_10_bins_0_1': [8, 153, 402, 765, 720, 723, 950, 849, 472, 418]}
2026-10-03 09:25:23,501 [RSIAT_adapter.py] => QKSR diagnostics task=7 epoch=5 gamma=0.21545537 gradients={} kernel={'min': 0.09295640140771866, 'mean': 0.5880022644996643, 'std': 0.21387702226638794, 'max': 1.0, 'quantiles_05_25_50_75_95': [0.22927327454090118, 0.4158664345741272, 0.59907466173172, 0.7469961643218994, 0.963738203048706], 'histogram_10_bins_0_1': [9, 152, 370, 714, 670, 825, 990, 772, 529, 429]}
2026-10-03 09:25:25,347 [RSIAT_adapter.py] => QKSR diagnostics task=7 epoch=6 gamma=0.21545537 gradients={} kernel={'min': 0.09295656532049179, 'mean': 0.6022425889968872, 'std': 0.20618608593940735, 'max': 1.0, 'quantiles_05_25_50_75_95': [0.2501046359539032, 0.4452516436576843, 0.6182472705841064, 0.7553277611732483, 0.9405544996261597], 'histogram_10_bins_0_1': [4, 148, 281, 644, 633, 870, 992, 915, 566, 407]}
2026-10-03 09:25:27,212 [RSIAT_adapter.py] => QKSR diagnostics task=7 epoch=7 gamma=0.21545537 gradients={} kernel={'min': 0.09297364950180054, 'mean': 0.5972610712051392, 'std': 0.20344334840774536, 'max': 1.0, 'quantiles_05_25_50_75_95': [0.2729058265686035, 0.44212156534194946, 0.6035101413726807, 0.7478715181350708, 0.9293122291564941], 'histogram_10_bins_0_1': [3, 113, 324, 682, 657, 922, 939, 886, 536, 398]}
2026-10-03 09:25:29,071 [RSIAT_adapter.py] => QKSR diagnostics task=7 epoch=8 gamma=0.21545537 gradients={} kernel={'min': 0.09298655390739441, 'mean': 0.5967491865158081, 'std': 0.2095881849527359, 'max': 1.0, 'quantiles_05_25_50_75_95': [0.2523031532764435, 0.4299635887145996, 0.6079486608505249, 0.7549849152565002, 0.9596555233001709], 'histogram_10_bins_0_1': [6, 132, 282, 717, 696, 829, 956, 908, 499, 435]}
2026-10-03 09:25:30,928 [RSIAT_adapter.py] => QKSR diagnostics task=7 epoch=9 gamma=0.21545537 gradients={} kernel={'min': 0.08909673243761063, 'mean': 0.5742390155792236, 'std': 0.21778137981891632, 'max': 1.0, 'quantiles_05_25_50_75_95': [0.21169599890708923, 0.4065887928009033, 0.5826420783996582, 0.7311067581176758, 0.937837541103363], 'histogram_10_bins_0_1': [6, 228, 425, 671, 762, 803, 941, 752, 445, 427]}
2026-10-03 09:25:32,791 [RSIAT_adapter.py] => QKSR diagnostics task=7 epoch=10 gamma=0.21545537 gradients={} kernel={'min': 0.09299255907535553, 'mean': 0.571722686290741, 'std': 0.21050810813903809, 'max': 1.0, 'quantiles_05_25_50_75_95': [0.23522211611270905, 0.4131113886833191, 0.5757873058319092, 0.7243125438690186, 0.9290727376937866], 'histogram_10_bins_0_1': [8, 198, 431, 612, 813, 918, 907, 775, 437, 361]}
2026-10-03 09:25:34,665 [RSIAT_adapter.py] => QKSR diagnostics task=7 epoch=11 gamma=0.21545537 gradients={} kernel={'min': 0.050263091921806335, 'mean': 0.5960118174552917, 'std': 0.20072415471076965, 'max': 1.0, 'quantiles_05_25_50_75_95': [0.25521376729011536, 0.4491232633590698, 0.6145832538604736, 0.7427198886871338, 0.9033805727958679], 'histogram_10_bins_0_1': [30, 119, 249, 658, 706, 837, 1048, 926, 600, 287]}
2026-10-03 09:25:36,532 [RSIAT_adapter.py] => QKSR diagnostics task=7 epoch=12 gamma=0.21545537 gradients={} kernel={'min': 0.09300324320793152, 'mean': 0.5891646146774292, 'std': 0.21773433685302734, 'max': 1.0, 'quantiles_05_25_50_75_95': [0.23801276087760925, 0.4125910699367523, 0.5950058102607727, 0.7441614270210266, 0.9925571084022522], 'histogram_10_bins_0_1': [10, 132, 399, 728, 714, 793, 925, 795, 433, 531]}
2026-10-03 09:25:38,405 [RSIAT_adapter.py] => QKSR diagnostics task=7 epoch=13 gamma=0.21545537 gradients={} kernel={'min': 0.07157189399003983, 'mean': 0.5973169803619385, 'std': 0.20703162252902985, 'max': 1.0, 'quantiles_05_25_50_75_95': [0.2541442811489105, 0.42830681800842285, 0.6142653822898865, 0.7512873411178589, 0.9274978041648865], 'histogram_10_bins_0_1': [31, 117, 287, 674, 710, 777, 1016, 871, 574, 403]}
2026-10-03 09:25:40,247 [RSIAT_adapter.py] => QKSR diagnostics task=7 epoch=14 gamma=0.21545537 gradients={} kernel={'min': 0.09300278127193451, 'mean': 0.5830811858177185, 'std': 0.219530388712883, 'max': 1.0, 'quantiles_05_25_50_75_95': [0.21007977426052094, 0.41303062438964844, 0.5932995080947876, 0.747906506061554, 0.9630576968193054], 'histogram_10_bins_0_1': [6, 215, 401, 641, 710, 814, 915, 817, 505, 436]}
2026-10-03 09:25:45,357 [RSIAT_adapter.py] => QKSR diagnostics task=7 epoch=15 gamma=0.21545537 gradients={} kernel={'min': 0.09300076216459274, 'mean': 0.5831790566444397, 'std': 0.20803430676460266, 'max': 1.0, 'quantiles_05_25_50_75_95': [0.2350533902645111, 0.4233446717262268, 0.599406361579895, 0.7339138388633728, 0.9164701700210571], 'histogram_10_bins_0_1': [8, 180, 384, 658, 675, 831, 1017, 888, 471, 348]}
2026-10-03 09:25:45,357 [RSIAT_adapter.py] => Task 7, Epoch 15/15 => Loss 7.227, Loss_c 2.838, Losses_rt 4.389, Train_accy 81.70, Test_accy 67.93, Time 1.84s
2026-10-03 09:25:45,357 [RSIAT_adapter.py] => Task 7 peak GPU memory: 4878.74 MiB
2026-10-03 09:25:52,160 [base.py] => CA Task 7 => Loss 0.110, Test_accy skipped
2026-10-03 09:25:52,560 [base.py] => CA Task 7 => Loss 0.097, Test_accy skipped
2026-10-03 09:25:52,961 [base.py] => CA Task 7 => Loss 0.091, Test_accy skipped
2026-10-03 09:25:53,361 [base.py] => CA Task 7 => Loss 0.088, Test_accy skipped
2026-10-03 09:25:53,761 [base.py] => CA Task 7 => Loss 0.085, Test_accy skipped
2026-10-03 09:25:54,162 [base.py] => CA Task 7 => Loss 0.082, Test_accy skipped
2026-10-03 09:25:54,574 [base.py] => CA Task 7 => Loss 0.081, Test_accy skipped
2026-10-03 09:25:55,004 [base.py] => CA Task 7 => Loss 0.082, Test_accy skipped
2026-10-03 09:25:55,433 [base.py] => CA Task 7 => Loss 0.080, Test_accy skipped
2026-10-03 09:25:58,293 [base.py] => CA Task 7 => Loss 0.081, Test_accy 68.250
2026-10-03 09:26:00,881 [trainer.py] => CNN: {'total': 68.25, '00-09': 53.75, '10-19': 71.84, '20-29': 72.45, '30-39': 69.0, '40-49': 70.0, '50-59': 77.78, '60-69': 71.05, '70-79': 61.29, '80-89': 74.36, '90-99': 69.84, '100-109': 62.12, '110-119': 72.97, '120-129': 49.21, '130-139': 75.0, '140-149': 75.0, '150-159': 58.18, 'old': 68.23, 'new': 68.35}
2026-10-03 09:26:00,882 [trainer.py] => Continual metrics after task 7: BWT=-9.6500, forgetting=9.6500, task_acc=[63.93, 70.71, 73.68, 66.67, 72.34, 67.86, 63.95, 68.35]
2026-10-03 09:26:01,141 [base.py] => Saved checkpoint: /kaggle/working/qksr_runs/ckpt/imageneta_qksr/imageneta/20_20/seed_1993/task_7.pkl
2026-10-03 09:26:01,165 [trainer.py] => Removed superseded checkpoint: /kaggle/working/qksr_runs/ckpt/imageneta_qksr/imageneta/20_20/seed_1993/task_6.pkl
2026-10-03 09:26:01,166 [trainer.py] => CNN top1 curve: [87.43, 82.41, 80.54, 76.14, 74.71, 73.05, 70.58, 68.25]
2026-10-03 09:26:01,166 [trainer.py] => CNN top5 curve: [98.36, 95.8, 94.75, 92.79, 91.18, 91.22, 90.25, 88.59]
2026-10-03 09:26:01,166 [trainer.py] => Average Accuracy (CNN): 76.63875
2026-10-03 09:26:01,166 [trainer.py] => All params: 87111168
2026-10-03 09:26:01,166 [trainer.py] => Trainable params: 1312512
2026-10-03 09:26:01,167 [RSIAT_adapter.py] => Learning on 160-180
2026-10-03 09:26:01,228 [RSIAT_adapter.py] => QKSR calibration task=8 samples=512 indices=[492, 353, 420, 410, 224, 55, 186, 141, 349, 2, 254, 461, 554, 448, 325, 51, 455, 170, 188, 396, 290, 92, 238, 179, 458, 155, 32, 60, 264, 86, 143, 106, 313, 404, 393, 35, 309, 505, 265, 88, 481, 280, 374, 403, 217, 352, 122, 229, 52, 512, 470, 68, 1, 218, 77, 336, 235, 296, 299, 418, 258, 547, 250, 13, 372, 535, 3, 210, 346, 247, 316, 157, 269, 16, 497, 432, 332, 6, 358, 479, 206, 12, 429, 153, 486, 41, 342, 437, 128, 145, 390, 125, 276, 311, 30, 387, 333, 329, 49, 541, 227, 171, 521, 529, 417, 109, 477, 557, 257, 241, 268, 482, 31, 205, 111, 178, 295, 439, 286, 369, 42, 539, 191, 136, 83, 45, 499, 266, 430, 319, 102, 79, 95, 14, 24, 231, 133, 237, 121, 132, 154, 18, 147, 249, 46, 447, 545, 398, 488, 367, 335, 303, 98, 244, 58, 137, 496, 465, 364, 23, 177, 423, 395, 185, 38, 537, 228, 75, 347, 431, 138, 87, 151, 131, 543, 190, 173, 485, 43, 234, 362, 553, 36, 100, 413, 271, 284, 270, 124, 123, 459, 343, 555, 84, 328, 338, 104, 445, 324, 468, 182, 160, 278, 255, 162, 96, 116, 180, 548, 464, 451, 392, 8, 422, 108, 440, 90, 503, 252, 471, 528, 120, 135, 175, 285, 386, 318, 172, 40, 242, 144, 498, 7, 76, 53, 534, 63, 192, 389, 298, 9, 466, 216, 320, 297, 523, 533, 380, 20, 78, 164, 302, 308, 207, 524, 469, 277, 61, 307, 310, 562, 551, 117, 115, 399, 167, 112, 323, 427, 226, 550, 5, 44, 134, 107, 363, 208, 287, 337, 382, 139, 165, 187, 518, 510, 161, 272, 330, 444, 47, 105, 385, 516, 82, 559, 530, 452, 354, 348, 273, 345, 517, 101, 260, 542, 176, 436, 15, 37, 322, 467, 150, 11, 456, 225, 193, 331, 522, 476, 419, 288, 460, 256, 472, 391, 251, 230, 289, 85, 279, 219, 441, 370, 214, 378, 433, 300, 48, 462, 425, 327, 211, 57, 371, 233, 493, 39, 174, 426, 239, 74, 527, 274, 435, 532, 314, 480, 72, 519, 215, 97, 449, 360, 514, 301, 489, 351, 415, 194, 317, 59, 4, 34, 129, 428, 169, 198, 558, 127, 196, 368, 564, 94, 421, 315, 64, 544, 438, 221, 373, 475, 245, 546, 463, 240, 246, 400, 195, 500, 501, 526, 513, 502, 411, 17, 383, 158, 166, 406, 305, 110, 306, 81, 50, 25, 213, 361, 483, 243, 397, 381, 446, 355, 212, 62, 339, 282, 450, 405, 357, 65, 401, 509, 19, 484, 294, 261, 91, 490, 376, 359, 538, 549, 66, 159, 531, 507, 292, 184, 409, 259, 504, 253, 494, 263, 379, 209, 204, 140, 262, 556, 384, 93, 152, 163, 377, 89, 21, 356, 149, 334, 156, 473, 29, 146, 552, 402, 511, 168, 350, 560, 28, 202, 408, 365, 80, 126, 232, 293, 520, 275, 291, 304, 454, 70, 281, 495, 267, 99, 416, 515, 283, 222, 340, 388, 26, 442, 148, 189, 375, 73, 119]
2026-10-03 09:26:03,519 [toolkit.py] => All params: 87242240
2026-10-03 09:26:03,519 [toolkit.py] => Trainable params: 1443584
2026-10-03 09:26:05,562 [RSIAT_adapter.py] => QKSR diagnostics task=8 epoch=1 gamma=0.21545537 gradients={} kernel={'min': 0.09013859927654266, 'mean': 0.6144188046455383, 'std': 0.18452444672584534, 'max': 1.0, 'quantiles_05_25_50_75_95': [0.29058822989463806, 0.4854177236557007, 0.6383024454116821, 0.7559196352958679, 0.8821566700935364], 'histogram_10_bins_0_1': [2, 68, 248, 644, 652, 934, 1200, 1217, 735, 220]}
2026-10-03 09:26:07,617 [RSIAT_adapter.py] => QKSR diagnostics task=8 epoch=2 gamma=0.21545537 gradients={} kernel={'min': 0.09008806198835373, 'mean': 0.5908482670783997, 'std': 0.20620866119861603, 'max': 1.0, 'quantiles_05_25_50_75_95': [0.25462883710861206, 0.4230548143386841, 0.5994395017623901, 0.73903888463974, 0.961387038230896], 'histogram_10_bins_0_1': [5, 94, 419, 726, 866, 856, 1054, 932, 545, 423]}
2026-10-03 09:26:09,669 [RSIAT_adapter.py] => QKSR diagnostics task=8 epoch=3 gamma=0.21545537 gradients={} kernel={'min': 0.09004571288824081, 'mean': 0.6082143783569336, 'std': 0.19500423967838287, 'max': 1.0, 'quantiles_05_25_50_75_95': [0.2734282314777374, 0.4599633514881134, 0.6264199018478394, 0.7475283741950989, 0.915145754814148], 'histogram_10_bins_0_1': [3, 61, 361, 606, 737, 849, 1243, 1069, 628, 363]}
2026-10-03 09:26:11,718 [RSIAT_adapter.py] => QKSR diagnostics task=8 epoch=4 gamma=0.21545537 gradients={} kernel={'min': 0.09034186601638794, 'mean': 0.6059000492095947, 'std': 0.1872985064983368, 'max': 0.9999998807907104, 'quantiles_05_25_50_75_95': [0.2642131745815277, 0.46967869997024536, 0.6305847764015198, 0.7479962110519409, 0.8779528737068176], 'histogram_10_bins_0_1': [1, 149, 277, 532, 738, 882, 1287, 1144, 721, 189]}
2026-10-03 09:26:13,756 [RSIAT_adapter.py] => QKSR diagnostics task=8 epoch=5 gamma=0.21545537 gradients={} kernel={'min': 0.08996076136827469, 'mean': 0.6065208911895752, 'std': 0.19625593721866608, 'max': 1.0, 'quantiles_05_25_50_75_95': [0.24696598947048187, 0.464920312166214, 0.6267057657241821, 0.756101667881012, 0.9014241695404053], 'histogram_10_bins_0_1': [3, 102, 357, 546, 721, 954, 1120, 1085, 730, 302]}
2026-10-03 09:26:15,772 [RSIAT_adapter.py] => QKSR diagnostics task=8 epoch=6 gamma=0.21545537 gradients={} kernel={'min': 0.08867485821247101, 'mean': 0.6091638803482056, 'std': 0.1979771852493286, 'max': 1.0, 'quantiles_05_25_50_75_95': [0.26329711079597473, 0.45173630118370056, 0.6391807198524475, 0.7603956460952759, 0.8909159898757935], 'histogram_10_bins_0_1': [4, 155, 259, 672, 728, 716, 1154, 1203, 771, 258]}
2026-10-03 09:26:17,792 [RSIAT_adapter.py] => QKSR diagnostics task=8 epoch=7 gamma=0.21545537 gradients={} kernel={'min': 0.08987931907176971, 'mean': 0.6244649291038513, 'std': 0.1794750690460205, 'max': 1.0, 'quantiles_05_25_50_75_95': [0.29925572872161865, 0.4977254867553711, 0.6495887041091919, 0.762505054473877, 0.8814716935157776], 'histogram_10_bins_0_1': [3, 20, 278, 513, 696, 869, 1242, 1343, 752, 204]}
2026-10-03 09:26:19,813 [RSIAT_adapter.py] => QKSR diagnostics task=8 epoch=8 gamma=0.21545537 gradients={} kernel={'min': 0.08687062561511993, 'mean': 0.611879825592041, 'std': 0.19697940349578857, 'max': 1.0, 'quantiles_05_25_50_75_95': [0.2748556435108185, 0.4680909514427185, 0.6393812894821167, 0.7541391253471375, 0.9161792397499084], 'histogram_10_bins_0_1': [6, 103, 335, 669, 603, 854, 1205, 1143, 628, 374]}
2026-10-03 09:26:21,840 [RSIAT_adapter.py] => QKSR diagnostics task=8 epoch=9 gamma=0.21545537 gradients={} kernel={'min': 0.0898466631770134, 'mean': 0.6099362373352051, 'std': 0.18012990057468414, 'max': 1.0, 'quantiles_05_25_50_75_95': [0.2850504517555237, 0.4830799996852875, 0.6287974715232849, 0.7452025413513184, 0.87490314245224], 'histogram_10_bins_0_1': [1, 66, 279, 493, 783, 1001, 1265, 1145, 677, 210]}
2026-10-03 09:26:23,848 [RSIAT_adapter.py] => QKSR diagnostics task=8 epoch=10 gamma=0.21545537 gradients={} kernel={'min': 0.08981192857027054, 'mean': 0.6107096672058105, 'std': 0.18642495572566986, 'max': 1.0, 'quantiles_05_25_50_75_95': [0.2925075888633728, 0.4727311134338379, 0.6268301010131836, 0.7493702173233032, 0.8951036930084229], 'histogram_10_bins_0_1': [1, 71, 284, 547, 758, 983, 1230, 1092, 677, 277]}
2026-10-03 09:26:25,898 [RSIAT_adapter.py] => QKSR diagnostics task=8 epoch=11 gamma=0.21545537 gradients={} kernel={'min': 0.09380636364221573, 'mean': 0.6301988363265991, 'std': 0.1854957640171051, 'max': 0.9999708533287048, 'quantiles_05_25_50_75_95': [0.2978673577308655, 0.49747157096862793, 0.6568777561187744, 0.7698501944541931, 0.9021982550621033], 'histogram_10_bins_0_1': [1, 45, 270, 504, 672, 851, 1177, 1314, 783, 303]}
2026-10-03 09:26:27,944 [RSIAT_adapter.py] => QKSR diagnostics task=8 epoch=12 gamma=0.21545537 gradients={} kernel={'min': 0.09088306128978729, 'mean': 0.6359652876853943, 'std': 0.17921991646289825, 'max': 0.9999632835388184, 'quantiles_05_25_50_75_95': [0.31109878420829773, 0.5113741159439087, 0.6614968180656433, 0.7727201581001282, 0.888909637928009], 'histogram_10_bins_0_1': [1, 10, 237, 555, 600, 786, 1281, 1311, 903, 236]}
2026-10-03 09:26:29,973 [RSIAT_adapter.py] => QKSR diagnostics task=8 epoch=13 gamma=0.21545537 gradients={} kernel={'min': 0.08985362946987152, 'mean': 0.5968395471572876, 'std': 0.19678924977779388, 'max': 1.0, 'quantiles_05_25_50_75_95': [0.2681928277015686, 0.44307786226272583, 0.6193529367446899, 0.742761492729187, 0.8930114507675171], 'histogram_10_bins_0_1': [6, 109, 388, 650, 707, 899, 1196, 1071, 623, 271]}
2026-10-03 09:26:32,026 [RSIAT_adapter.py] => QKSR diagnostics task=8 epoch=14 gamma=0.21545537 gradients={} kernel={'min': 0.07305798679590225, 'mean': 0.5837848782539368, 'std': 0.1994340717792511, 'max': 0.9999992847442627, 'quantiles_05_25_50_75_95': [0.2220996916294098, 0.4364027976989746, 0.6072596311569214, 0.7306503057479858, 0.8881911039352417], 'histogram_10_bins_0_1': [29, 200, 310, 674, 751, 916, 1197, 1011, 576, 256]}
2026-10-03 09:26:37,399 [RSIAT_adapter.py] => QKSR diagnostics task=8 epoch=15 gamma=0.21545537 gradients={} kernel={'min': 0.08978484570980072, 'mean': 0.6208751797676086, 'std': 0.1854093223810196, 'max': 1.0, 'quantiles_05_25_50_75_95': [0.2908534109592438, 0.48883166909217834, 0.6426366567611694, 0.7566502094268799, 0.8998998999595642], 'histogram_10_bins_0_1': [2, 75, 266, 521, 688, 909, 1218, 1275, 671, 295]}
2026-10-03 09:26:37,399 [RSIAT_adapter.py] => Task 8, Epoch 15/15 => Loss 8.324, Loss_c 3.811, Losses_rt 4.513, Train_accy 71.86, Test_accy 65.37, Time 2.10s
2026-10-03 09:26:37,399 [RSIAT_adapter.py] => Task 8 peak GPU memory: 4872.76 MiB
2026-10-03 09:26:44,450 [base.py] => CA Task 8 => Loss 0.123, Test_accy skipped
2026-10-03 09:26:44,927 [base.py] => CA Task 8 => Loss 0.112, Test_accy skipped
2026-10-03 09:26:45,403 [base.py] => CA Task 8 => Loss 0.106, Test_accy skipped
2026-10-03 09:26:45,878 [base.py] => CA Task 8 => Loss 0.101, Test_accy skipped
2026-10-03 09:26:46,354 [base.py] => CA Task 8 => Loss 0.097, Test_accy skipped
2026-10-03 09:26:46,830 [base.py] => CA Task 8 => Loss 0.095, Test_accy skipped
2026-10-03 09:26:47,305 [base.py] => CA Task 8 => Loss 0.094, Test_accy skipped
2026-10-03 09:26:47,780 [base.py] => CA Task 8 => Loss 0.091, Test_accy skipped
2026-10-03 09:26:48,256 [base.py] => CA Task 8 => Loss 0.093, Test_accy skipped
2026-10-03 09:26:51,488 [base.py] => CA Task 8 => Loss 0.092, Test_accy 65.230
2026-10-03 09:26:54,334 [trainer.py] => CNN: {'total': 65.23, '00-09': 53.75, '10-19': 72.82, '20-29': 69.39, '30-39': 67.0, '40-49': 65.71, '50-59': 71.43, '60-69': 71.93, '70-79': 58.06, '80-89': 73.08, '90-99': 71.43, '100-109': 63.64, '110-119': 70.27, '120-129': 42.86, '130-139': 76.19, '140-149': 73.81, '150-159': 56.36, '160-169': 55.68, '170-179': 47.69, 'old': 66.77, 'new': 52.29}
2026-10-03 09:26:54,335 [trainer.py] => Continual metrics after task 8: BWT=-9.9962, forgetting=9.9962, task_acc=[64.48, 68.18, 68.42, 65.7, 72.34, 67.14, 61.9, 66.91, 52.29]
2026-10-03 09:26:54,607 [base.py] => Saved checkpoint: /kaggle/working/qksr_runs/ckpt/imageneta_qksr/imageneta/20_20/seed_1993/task_8.pkl
2026-10-03 09:26:54,633 [trainer.py] => Removed superseded checkpoint: /kaggle/working/qksr_runs/ckpt/imageneta_qksr/imageneta/20_20/seed_1993/task_7.pkl
2026-10-03 09:26:54,633 [trainer.py] => CNN top1 curve: [87.43, 82.41, 80.54, 76.14, 74.71, 73.05, 70.58, 68.25, 65.23]
2026-10-03 09:26:54,633 [trainer.py] => CNN top5 curve: [98.36, 95.8, 94.75, 92.79, 91.18, 91.22, 90.25, 88.59, 87.09]
2026-10-03 09:26:54,633 [trainer.py] => Average Accuracy (CNN): 75.37111111111112
2026-10-03 09:26:54,634 [trainer.py] => All params: 87126528
2026-10-03 09:26:54,634 [trainer.py] => Trainable params: 1327872
2026-10-03 09:26:54,635 [RSIAT_adapter.py] => Learning on 180-200
2026-10-03 09:26:54,701 [RSIAT_adapter.py] => QKSR calibration task=9 samples=512 indices=[245, 115, 9, 202, 43, 513, 447, 109, 403, 473, 107, 56, 87, 402, 355, 497, 177, 286, 183, 303, 431, 512, 163, 382, 337, 406, 464, 37, 41, 485, 70, 133, 161, 124, 328, 307, 79, 22, 492, 8, 338, 24, 195, 395, 326, 336, 463, 388, 335, 465, 90, 12, 428, 330, 137, 209, 493, 121, 462, 174, 510, 396, 101, 162, 443, 185, 353, 506, 85, 482, 227, 28, 322, 102, 67, 274, 352, 30, 83, 182, 194, 231, 300, 172, 317, 501, 495, 192, 265, 2, 75, 193, 255, 51, 130, 439, 238, 108, 166, 323, 211, 341, 458, 171, 44, 275, 26, 264, 505, 224, 438, 53, 272, 351, 256, 13, 120, 504, 489, 196, 412, 296, 397, 19, 236, 371, 411, 23, 65, 16, 496, 325, 418, 159, 400, 155, 189, 167, 470, 450, 232, 222, 369, 311, 125, 198, 277, 421, 511, 481, 187, 208, 282, 226, 55, 385, 45, 394, 287, 440, 100, 468, 235, 339, 157, 446, 281, 321, 302, 507, 284, 494, 315, 502, 354, 99, 362, 429, 436, 97, 38, 460, 478, 251, 47, 80, 451, 291, 260, 1, 0, 197, 419, 499, 145, 119, 333, 176, 422, 94, 118, 479, 331, 304, 110, 46, 389, 72, 480, 141, 95, 152, 135, 404, 346, 420, 444, 10, 134, 78, 219, 184, 381, 452, 34, 82, 500, 414, 268, 295, 40, 29, 35, 316, 413, 151, 126, 62, 214, 93, 461, 332, 368, 91, 250, 146, 243, 60, 39, 230, 471, 415, 229, 89, 143, 407, 344, 349, 319, 387, 373, 254, 165, 364, 288, 57, 154, 345, 283, 380, 73, 310, 123, 139, 253, 299, 105, 374, 223, 356, 508, 142, 392, 81, 7, 21, 178, 92, 247, 491, 386, 111, 27, 117, 96, 212, 456, 103, 32, 343, 476, 487, 263, 71, 252, 342, 290, 340, 36, 308, 312, 164, 210, 220, 203, 370, 426, 127, 15, 417, 150, 437, 114, 366, 423, 54, 363, 131, 309, 334, 88, 409, 466, 136, 484, 425, 179, 306, 289, 244, 424, 391, 63, 474, 271, 367, 4, 61, 305, 432, 398, 190, 186, 449, 201, 454, 84, 279, 408, 448, 25, 191, 128, 207, 430, 294, 122, 112, 215, 49, 399, 156, 347, 58, 298, 173, 138, 257, 301, 365, 204, 469, 213, 169, 64, 18, 153, 225, 233, 3, 129, 393, 132, 5, 329, 20, 239, 410, 358, 6, 378, 248, 498, 488, 48, 200, 205, 361, 278, 435, 216, 240, 228, 98, 259, 384, 350, 280, 405, 434, 246, 441, 445, 175, 168, 33, 170, 148, 218, 427, 486, 490, 158, 237, 285, 483, 69, 318, 221, 292, 297, 144, 459, 59, 327, 273, 206, 147, 113, 293, 188, 401, 68, 357, 266, 320, 17, 66, 314, 11, 375, 472, 86, 234, 348, 453, 269, 383, 42, 379, 416, 467, 149, 267, 106, 475, 181, 160, 262, 324, 455, 313, 76, 258, 433, 77, 390, 31, 261, 217, 199, 241, 14, 359, 74, 270, 360, 376, 140, 276, 477, 249, 116, 180, 457, 377, 503, 509, 372, 50, 52, 104]
2026-10-03 09:26:56,594 [toolkit.py] => All params: 87257600
2026-10-03 09:26:56,594 [toolkit.py] => Trainable params: 1458944
2026-10-03 09:26:58,463 [RSIAT_adapter.py] => QKSR diagnostics task=9 epoch=1 gamma=0.21545537 gradients={} kernel={'min': 0.0702943205833435, 'mean': 0.6121014356613159, 'std': 0.17973391711711884, 'max': 0.9999909996986389, 'quantiles_05_25_50_75_95': [0.2918144166469574, 0.48600462079048157, 0.6372520923614502, 0.7406008243560791, 0.8765607476234436], 'histogram_10_bins_0_1': [1, 76, 282, 538, 719, 936, 1479, 1217, 674, 198]}
2026-10-03 09:27:00,315 [RSIAT_adapter.py] => QKSR diagnostics task=9 epoch=2 gamma=0.21545537 gradients={} kernel={'min': 0.10832983255386353, 'mean': 0.6125051379203796, 'std': 0.1789475530385971, 'max': 0.9999691247940063, 'quantiles_05_25_50_75_95': [0.2819802463054657, 0.4932950437068939, 0.635450005531311, 0.7456698417663574, 0.8713251948356628], 'histogram_10_bins_0_1': [0, 69, 325, 492, 698, 1011, 1357, 1285, 714, 169]}
2026-10-03 09:27:02,160 [RSIAT_adapter.py] => QKSR diagnostics task=9 epoch=3 gamma=0.21545537 gradients={} kernel={'min': 0.07933298498392105, 'mean': 0.6182847619056702, 'std': 0.18745659291744232, 'max': 0.9996146559715271, 'quantiles_05_25_50_75_95': [0.25507932901382446, 0.49363619089126587, 0.6401408910751343, 0.7609819173812866, 0.8901624083518982], 'histogram_10_bins_0_1': [1, 53, 343, 525, 663, 994, 1251, 1232, 801, 257]}
2026-10-03 09:27:04,005 [RSIAT_adapter.py] => QKSR diagnostics task=9 epoch=4 gamma=0.21545537 gradients={} kernel={'min': 0.11261419206857681, 'mean': 0.6270203590393066, 'std': 0.18375109136104584, 'max': 0.9921981692314148, 'quantiles_05_25_50_75_95': [0.27409663796424866, 0.5067517161369324, 0.6606389880180359, 0.7686417102813721, 0.8735568523406982], 'histogram_10_bins_0_1': [0, 122, 253, 480, 645, 773, 1357, 1394, 927, 169]}
2026-10-03 09:27:05,862 [RSIAT_adapter.py] => QKSR diagnostics task=9 epoch=5 gamma=0.21545537 gradients={} kernel={'min': 0.1005166694521904, 'mean': 0.6000221371650696, 'std': 0.18051260709762573, 'max': 0.9999797940254211, 'quantiles_05_25_50_75_95': [0.282177597284317, 0.47552788257598877, 0.628341019153595, 0.7321611642837524, 0.85718834400177], 'histogram_10_bins_0_1': [0, 145, 245, 634, 716, 965, 1374, 1271, 643, 127]}
2026-10-03 09:27:07,760 [RSIAT_adapter.py] => QKSR diagnostics task=9 epoch=6 gamma=0.21545537 gradients={} kernel={'min': 0.08532262593507767, 'mean': 0.60801762342453, 'std': 0.18813000619411469, 'max': 0.9989199638366699, 'quantiles_05_25_50_75_95': [0.26587724685668945, 0.471791535615921, 0.6367433071136475, 0.7438342571258545, 0.8831765055656433], 'histogram_10_bins_0_1': [27, 91, 273, 605, 716, 927, 1295, 1274, 679, 233]}
2026-10-03 09:27:09,641 [RSIAT_adapter.py] => QKSR diagnostics task=9 epoch=7 gamma=0.21545537 gradients={} kernel={'min': 0.12087699770927429, 'mean': 0.627217173576355, 'std': 0.18607066571712494, 'max': 0.9993336796760559, 'quantiles_05_25_50_75_95': [0.2842564582824707, 0.4961278438568115, 0.6542424559593201, 0.7699670791625977, 0.8926979899406433], 'histogram_10_bins_0_1': [0, 49, 293, 543, 669, 905, 1164, 1332, 901, 264]}
2026-10-03 09:27:11,522 [RSIAT_adapter.py] => QKSR diagnostics task=9 epoch=8 gamma=0.21545537 gradients={} kernel={'min': 0.051581498235464096, 'mean': 0.6017595529556274, 'std': 0.18363475799560547, 'max': 0.9932713508605957, 'quantiles_05_25_50_75_95': [0.2815970480442047, 0.4854167401790619, 0.6164119839668274, 0.7354894876480103, 0.8817354440689087], 'histogram_10_bins_0_1': [32, 111, 238, 551, 746, 1140, 1336, 1124, 599, 243]}
2026-10-03 09:27:13,398 [RSIAT_adapter.py] => QKSR diagnostics task=9 epoch=9 gamma=0.21545537 gradients={} kernel={'min': 0.08501920104026794, 'mean': 0.6141641139984131, 'std': 0.19282221794128418, 'max': 0.9999359846115112, 'quantiles_05_25_50_75_95': [0.258182168006897, 0.47635090351104736, 0.6476949453353882, 0.7587823271751404, 0.8798468708992004], 'histogram_10_bins_0_1': [28, 149, 237, 658, 595, 801, 1308, 1329, 796, 219]}
2026-10-03 09:27:15,284 [RSIAT_adapter.py] => QKSR diagnostics task=9 epoch=10 gamma=0.21545537 gradients={} kernel={'min': 0.1262291818857193, 'mean': 0.6280480027198792, 'std': 0.177765890955925, 'max': 0.9978011846542358, 'quantiles_05_25_50_75_95': [0.2998425364494324, 0.4991159439086914, 0.6598736643791199, 0.760238528251648, 0.8791536688804626], 'histogram_10_bins_0_1': [0, 72, 238, 441, 785, 799, 1353, 1430, 803, 199]}
2026-10-03 09:27:17,154 [RSIAT_adapter.py] => QKSR diagnostics task=9 epoch=11 gamma=0.21545537 gradients={} kernel={'min': 0.04919993504881859, 'mean': 0.5926279425621033, 'std': 0.19727855920791626, 'max': 0.9963823556900024, 'quantiles_05_25_50_75_95': [0.2214001715183258, 0.44759196043014526, 0.6215324401855469, 0.7456033229827881, 0.8704522848129272], 'histogram_10_bins_0_1': [29, 178, 413, 550, 703, 940, 1197, 1195, 758, 157]}
2026-10-03 09:27:19,021 [RSIAT_adapter.py] => QKSR diagnostics task=9 epoch=12 gamma=0.21545537 gradients={} kernel={'min': 0.10584002733230591, 'mean': 0.6222629547119141, 'std': 0.174680694937706, 'max': 0.9999998807907104, 'quantiles_05_25_50_75_95': [0.2972027063369751, 0.5147867202758789, 0.6480685472488403, 0.7494375705718994, 0.8681495785713196], 'histogram_10_bins_0_1': [0, 101, 220, 516, 607, 952, 1464, 1330, 779, 151]}
2026-10-03 09:27:20,905 [RSIAT_adapter.py] => QKSR diagnostics task=9 epoch=13 gamma=0.21545537 gradients={} kernel={'min': 0.07070428133010864, 'mean': 0.5984280109405518, 'std': 0.19117003679275513, 'max': 0.9989861249923706, 'quantiles_05_25_50_75_95': [0.2680935859680176, 0.4694783091545105, 0.6155148148536682, 0.7394170165061951, 0.8903864026069641], 'histogram_10_bins_0_1': [1, 143, 253, 705, 746, 1041, 1223, 1100, 639, 269]}
2026-10-03 09:27:22,793 [RSIAT_adapter.py] => QKSR diagnostics task=9 epoch=14 gamma=0.21545537 gradients={} kernel={'min': 0.0798347219824791, 'mean': 0.5966179370880127, 'std': 0.1814962774515152, 'max': 0.9896825551986694, 'quantiles_05_25_50_75_95': [0.26001670956611633, 0.47283241152763367, 0.6226041316986084, 0.7352008819580078, 0.8517887592315674], 'histogram_10_bins_0_1': [31, 92, 308, 572, 695, 1088, 1349, 1211, 663, 111]}
2026-10-03 09:27:28,068 [RSIAT_adapter.py] => QKSR diagnostics task=9 epoch=15 gamma=0.21545537 gradients={} kernel={'min': 0.11437086015939713, 'mean': 0.6308425664901733, 'std': 0.17186255753040314, 'max': 0.9996414184570312, 'quantiles_05_25_50_75_95': [0.31331053376197815, 0.5147293210029602, 0.6509999632835388, 0.7538463473320007, 0.8863561153411865], 'histogram_10_bins_0_1': [0, 17, 236, 385, 759, 995, 1395, 1351, 738, 244]}
2026-10-03 09:27:28,068 [RSIAT_adapter.py] => Task 9, Epoch 15/15 => Loss 6.951, Loss_c 2.417, Losses_rt 4.534, Train_accy 84.82, Test_accy 63.12, Time 1.90s
2026-10-03 09:27:28,069 [RSIAT_adapter.py] => Task 9 peak GPU memory: 4879.72 MiB
2026-10-03 09:27:34,725 [base.py] => CA Task 9 => Loss 0.124, Test_accy skipped
2026-10-03 09:27:35,334 [base.py] => CA Task 9 => Loss 0.108, Test_accy skipped
2026-10-03 09:27:35,943 [base.py] => CA Task 9 => Loss 0.104, Test_accy skipped
2026-10-03 09:27:36,551 [base.py] => CA Task 9 => Loss 0.099, Test_accy skipped
2026-10-03 09:27:37,158 [base.py] => CA Task 9 => Loss 0.098, Test_accy skipped
2026-10-03 09:27:37,766 [base.py] => CA Task 9 => Loss 0.096, Test_accy skipped
2026-10-03 09:27:38,373 [base.py] => CA Task 9 => Loss 0.095, Test_accy skipped
2026-10-03 09:27:38,981 [base.py] => CA Task 9 => Loss 0.094, Test_accy skipped
2026-10-03 09:27:39,589 [base.py] => CA Task 9 => Loss 0.094, Test_accy skipped
2026-10-03 09:27:43,148 [base.py] => CA Task 9 => Loss 0.093, Test_accy 64.700
2026-10-03 09:27:46,306 [trainer.py] => CNN: {'total': 64.7, '00-09': 52.5, '10-19': 72.82, '20-29': 65.31, '30-39': 64.0, '40-49': 67.14, '50-59': 71.43, '60-69': 70.18, '70-79': 56.99, '80-89': 71.79, '90-99': 68.25, '100-109': 63.64, '110-119': 68.92, '120-129': 38.1, '130-139': 75.0, '140-149': 75.0, '150-159': 56.36, '160-169': 53.41, '170-179': 43.08, '180-189': 68.0, '190-199': 79.31, 'old': 63.71, 'new': 75.18}
2026-10-03 09:27:46,307 [trainer.py] => Continual metrics after task 9: BWT=-10.3178, forgetting=10.3178, task_acc=[63.93, 64.65, 69.17, 64.25, 70.21, 66.43, 59.18, 67.63, 49.02, 75.18]
2026-10-03 09:27:46,591 [base.py] => Saved checkpoint: /kaggle/working/qksr_runs/ckpt/imageneta_qksr/imageneta/20_20/seed_1993/task_9.pkl
2026-10-03 09:27:46,618 [trainer.py] => Removed superseded checkpoint: /kaggle/working/qksr_runs/ckpt/imageneta_qksr/imageneta/20_20/seed_1993/task_8.pkl
2026-10-03 09:27:46,619 [trainer.py] => CNN top1 curve: [87.43, 82.41, 80.54, 76.14, 74.71, 73.05, 70.58, 68.25, 65.23, 64.7]
2026-10-03 09:27:46,619 [trainer.py] => CNN top5 curve: [98.36, 95.8, 94.75, 92.79, 91.18, 91.22, 90.25, 88.59, 87.09, 86.5]
2026-10-03 09:27:46,619 [trainer.py] => Average Accuracy (CNN): 74.304
2026-10-03 09:27:46,707 [trainer.py] => Average Seed Accuracy (CNN): 74.304
