2026-10-03 16:31:21,931 [trainer.py] => config: /kaggle/working/qksr_ablation_configs/imageneta_G7_retention_rbf_full.json
2026-10-03 16:31:21,931 [trainer.py] => use_quantum_kernel_base: True
2026-10-03 16:31:21,931 [trainer.py] => use_quantum_kernel_inc: True
2026-10-03 16:31:21,931 [trainer.py] => q_kernel_type: rbf_proj
2026-10-03 16:31:21,931 [trainer.py] => q_kernel_order: 1
2026-10-03 16:31:21,931 [trainer.py] => q_order2_weight: 1.0
2026-10-03 16:31:21,931 [trainer.py] => q_num_qubits: 8
2026-10-03 16:31:21,931 [trainer.py] => q_num_layers: 2
2026-10-03 16:31:21,931 [trainer.py] => q_reupload: False
2026-10-03 16:31:21,931 [trainer.py] => q_dtype: float32
2026-10-03 16:31:21,931 [trainer.py] => q_gamma_mode: bounded_learned
2026-10-03 16:31:21,931 [trainer.py] => q_calib_samples: 512
2026-10-03 16:31:21,931 [trainer.py] => q_init_seed: 1234
2026-10-03 16:31:21,931 [trainer.py] => q_metric_lr_mult: 0.1
2026-10-03 16:31:21,931 [trainer.py] => q_inc_train_mode: frozen
2026-10-03 16:31:21,931 [trainer.py] => q_inc_pair: current
2026-10-03 16:31:21,931 [trainer.py] => inc_loss_mode: margin
2026-10-03 16:31:21,931 [trainer.py] => q_inc_weight: 0.25
2026-10-03 16:31:21,931 [trainer.py] => q_inc_warmup_epochs: 3
2026-10-03 16:31:21,931 [trainer.py] => ssca_feature_mode: paired_eval
2026-10-03 16:31:21,931 [trainer.py] => rs_margin_q: 0.5
2026-10-03 16:31:21,931 [trainer.py] => rs_margin_q_mode: fixed
2026-10-03 16:31:21,931 [trainer.py] => rs_margin_quantile: 0.9
2026-10-03 16:31:21,931 [trainer.py] => rs_margin_inc: 0.3
2026-10-03 16:31:21,931 [trainer.py] => prefix: imageneta_G7_retention_rbf_full
2026-10-03 16:31:21,931 [trainer.py] => dataset: imageneta
2026-10-03 16:31:21,931 [trainer.py] => save_checkpoints: True
2026-10-03 16:31:21,931 [trainer.py] => resume: True
2026-10-03 16:31:21,931 [trainer.py] => isolate_runs: True
2026-10-03 16:31:21,931 [trainer.py] => keep_last_checkpoint: False
2026-10-03 16:31:21,931 [trainer.py] => compact_diagonal_checkpoint: False
2026-10-03 16:31:21,931 [trainer.py] => eval_interval: 0
2026-10-03 16:31:21,931 [trainer.py] => ca_eval_interval: 0
2026-10-03 16:31:21,931 [trainer.py] => num_workers: 2
2026-10-03 16:31:21,931 [trainer.py] => stats_num_workers: 2
2026-10-03 16:31:21,931 [trainer.py] => pin_memory: True
2026-10-03 16:31:21,931 [trainer.py] => persistent_workers: True
2026-10-03 16:31:21,931 [trainer.py] => shuffle: True
2026-10-03 16:31:21,931 [trainer.py] => ssca: True
2026-10-03 16:31:21,931 [trainer.py] => ca: True
2026-10-03 16:31:21,931 [trainer.py] => init_cls: 20
2026-10-03 16:31:21,931 [trainer.py] => increment: 20
2026-10-03 16:31:21,931 [trainer.py] => model_name: adapter
2026-10-03 16:31:21,931 [trainer.py] => convnet_type: pretrained_vit_b16_224_in21k_adapter
2026-10-03 16:31:21,931 [trainer.py] => device: [device(type='cuda', index=0)]
2026-10-03 16:31:21,931 [trainer.py] => seed: 1993
2026-10-03 16:31:21,931 [trainer.py] => init_epochs: 20
2026-10-03 16:31:21,931 [trainer.py] => warmup_epoch: 3
2026-10-03 16:31:21,931 [trainer.py] => inc_epochs: 15
2026-10-03 16:31:21,931 [trainer.py] => ca_epochs: 10
2026-10-03 16:31:21,931 [trainer.py] => init_lr: 0.006688537652915857
2026-10-03 16:31:21,931 [trainer.py] => batch_size: 48
2026-10-03 16:31:21,931 [trainer.py] => weight_decay: 5.929828534160845e-07
2026-10-03 16:31:21,931 [trainer.py] => min_lr: 0
2026-10-03 16:31:21,931 [trainer.py] => ffn_num: 64
2026-10-03 16:31:21,931 [trainer.py] => optimizer: sgd
2026-10-03 16:31:21,931 [trainer.py] => scale: 30.0
2026-10-03 16:31:21,931 [trainer.py] => margin: 0.3
2026-10-03 16:31:21,932 [trainer.py] => alpha: 1.0
2026-10-03 16:31:21,932 [trainer.py] => rs_margin: 1.5
2026-10-03 16:31:21,932 [trainer.py] => lambda_rs: 1.0
2026-10-03 16:31:21,932 [trainer.py] => beta: 3.0
2026-10-03 16:31:21,932 [trainer.py] => gamma: 6.0
2026-10-03 16:31:21,932 [trainer.py] => ae_code_dims: 128
2026-10-03 16:31:21,932 [trainer.py] => ae_init_lr: 0.0003120779977680931
2026-10-03 16:31:21,932 [trainer.py] => ae_weight_decay: 2.424346330636298e-05
2026-10-03 16:31:21,932 [trainer.py] => ae_type: signed_residual
2026-10-03 16:31:21,932 [trainer.py] => ae_reset_each_task: True
2026-10-03 16:31:21,932 [trainer.py] => ae_init_seed: 1234
2026-10-03 16:31:21,932 [trainer.py] => relation_distill_weight: 1.0
2026-10-03 16:31:21,932 [trainer.py] => relation_temperature: 0.2
2026-10-03 16:31:21,932 [trainer.py] => statistics_transport: guarded_ridge
2026-10-03 16:31:21,932 [trainer.py] => transport_rank: 32
2026-10-03 16:31:21,932 [trainer.py] => transport_ridge: 0.01
2026-10-03 16:31:21,932 [trainer.py] => transport_max_change: 0.25
2026-10-03 16:31:21,932 [trainer.py] => transport_support_scale: 1.0
2026-10-03 16:31:21,932 [trainer.py] => transport_support_floor: 0.05
2026-10-03 16:31:21,932 [trainer.py] => stats_cov_shrinkage: 0.05
2026-10-03 16:31:21,932 [trainer.py] => record_stage_metrics: True
2026-10-03 16:31:21,932 [trainer.py] => q_detach_prototypes: True
2026-10-03 16:31:21,932 [trainer.py] => output_root: /kaggle/working/qksr_ablation_runs
2026-10-03 16:31:21,932 [trainer.py] => val_ratio: 0.0
2026-10-03 16:31:32,723 [data_manager.py] => [168, 136, 51, 9, 183, 101, 171, 99, 42, 159, 191, 70, 16, 188, 27, 10, 175, 26, 68, 187, 98, 6, 85, 35, 112, 43, 100, 0, 103, 181, 88, 59, 4, 2, 116, 174, 94, 80, 106, 1, 147, 17, 141, 131, 72, 23, 173, 54, 197, 118, 87, 32, 79, 104, 91, 19, 135, 107, 178, 36, 11, 199, 142, 8, 122, 3, 28, 57, 153, 172, 190, 56, 49, 44, 97, 62, 151, 169, 194, 55, 192, 12, 189, 78, 66, 180, 15, 137, 109, 134, 92, 119, 126, 52, 170, 40, 148, 65, 144, 64, 138, 45, 77, 89, 154, 90, 71, 193, 74, 30, 113, 143, 96, 84, 67, 50, 186, 156, 69, 21, 18, 111, 108, 58, 125, 157, 150, 110, 182, 129, 166, 83, 81, 60, 13, 165, 14, 176, 63, 117, 5, 22, 145, 121, 38, 41, 82, 127, 114, 20, 31, 53, 37, 163, 196, 130, 152, 162, 86, 76, 24, 34, 184, 149, 33, 128, 198, 155, 146, 167, 139, 120, 140, 102, 47, 25, 158, 123, 46, 164, 61, 7, 115, 75, 133, 160, 105, 132, 179, 124, 48, 73, 93, 39, 95, 195, 29, 177, 185, 161]
2026-10-03 16:31:34,175 [RSIAT_adapter.py] => QKSR parameter counts: {'projector': 6152, 'metric': 1, 'total': 6153, 'trainable': 6153}
2026-10-03 16:31:34,176 [trainer.py] => Resume enabled but no checkpoint was found. Starting from task 0.
2026-10-03 16:31:34,176 [trainer.py] => All params: 86988288
2026-10-03 16:31:34,177 [trainer.py] => Trainable params: 1189632
2026-10-03 16:31:34,177 [RSIAT_adapter.py] => Learning on 0-20
2026-10-03 16:31:34,178 [RSIAT_adapter.py] => QKSR calibration task=0 samples=512 indices=[346, 460, 273, 670, 480, 533, 578, 322, 219, 218, 571, 532, 621, 287, 254, 689, 448, 125, 31, 211, 500, 45, 127, 397, 626, 457, 362, 616, 592, 599, 85, 129, 461, 420, 22, 508, 53, 463, 470, 628, 412, 516, 694, 50, 632, 661, 326, 587, 231, 421, 449, 33, 3, 444, 598, 204, 144, 556, 57, 373, 258, 352, 306, 475, 519, 44, 618, 683, 549, 593, 312, 540, 642, 65, 236, 210, 667, 681, 328, 613, 639, 649, 222, 205, 343, 325, 70, 315, 188, 133, 106, 496, 521, 574, 116, 506, 146, 355, 370, 332, 523, 536, 524, 98, 314, 503, 349, 389, 257, 331, 454, 150, 345, 691, 640, 243, 665, 208, 190, 432, 128, 391, 445, 395, 295, 467, 108, 191, 381, 657, 522, 281, 228, 151, 38, 217, 451, 570, 582, 62, 192, 680, 567, 139, 285, 589, 384, 278, 393, 594, 424, 330, 527, 615, 183, 319, 163, 554, 252, 636, 250, 235, 471, 517, 656, 92, 14, 417, 176, 669, 291, 76, 559, 131, 442, 400, 491, 337, 630, 347, 348, 199, 569, 230, 607, 48, 165, 334, 509, 81, 39, 416, 157, 19, 510, 560, 361, 120, 493, 609, 283, 52, 568, 646, 280, 297, 173, 143, 611, 357, 317, 107, 267, 398, 388, 433, 531, 466, 72, 547, 263, 119, 344, 490, 685, 71, 197, 573, 659, 253, 652, 300, 123, 342, 590, 365, 625, 97, 495, 124, 446, 561, 622, 23, 597, 305, 196, 221, 42, 550, 477, 695, 138, 440, 525, 318, 414, 114, 437, 600, 202, 548, 13, 488, 402, 443, 660, 105, 255, 633, 468, 426, 239, 552, 96, 41, 428, 164, 541, 485, 435, 434, 195, 310, 374, 88, 117, 207, 226, 423, 61, 9, 422, 515, 290, 474, 153, 390, 91, 557, 2, 654, 588, 209, 459, 47, 55, 7, 666, 161, 167, 514, 171, 430, 372, 565, 555, 512, 122, 160, 21, 378, 83, 586, 363, 40, 635, 641, 441, 486, 341, 329, 658, 450, 194, 324, 172, 241, 462, 244, 15, 137, 369, 359, 0, 327, 663, 354, 650, 340, 184, 110, 321, 179, 643, 30, 581, 84, 59, 284, 103, 268, 186, 256, 266, 130, 6, 504, 298, 674, 148, 4, 572, 537, 619, 303, 364, 259, 336, 174, 60, 168, 518, 492, 251, 526, 479, 294, 213, 539, 286, 672, 86, 528, 203, 489, 104, 156, 224, 293, 17, 511, 505, 579, 301, 126, 413, 408, 368, 585, 476, 245, 385, 553, 170, 529, 546, 684, 185, 198, 32, 181, 178, 410, 427, 580, 206, 296, 647, 411, 152, 377, 248, 112, 37, 367, 79, 27, 90, 366, 74, 456, 169, 465, 212, 662, 111, 264, 5, 544, 575, 262, 673, 225, 664, 49, 166, 237, 534, 399, 403, 177, 469, 140, 375, 606, 612, 308, 200, 118, 624, 155, 28, 238, 595, 227, 275, 696, 396, 507, 458, 271, 455, 201, 101, 265, 356, 187, 602, 360, 288, 692, 26, 154, 175, 353, 542, 543, 189, 686, 371, 1, 323, 304, 240, 679, 678, 182, 277, 494, 464, 115]
2026-10-03 16:31:36,558 [RSIAT_adapter.py] => QKSR gamma calibrated at task 0: gamma0=0.037133433, mode=bounded_learned
2026-10-03 16:31:36,560 [toolkit.py] => All params: 86265609
2026-10-03 16:31:36,560 [toolkit.py] => Trainable params: 1211145
2026-10-03 16:31:38,366 [RSIAT_adapter.py] => QKSR diagnostics task=0 epoch=1 gamma=0.037133433 gradients_epoch={'gamma_param': 0.0, 'projector.linear.weight': 0.0, 'projector.linear.bias': 0.0} kernel_epoch={'batches': 15, 'empty_batches': 0, 'pairs': 32184, 'min': 0.026946192607283592, 'mean': 0.3810260339175693, 'std': 0.1639495451581922, 'max': 0.9653136730194092, 'histogram_10_bins_0_1': [506, 3788, 7050, 7374, 5890, 4010, 2298, 978, 274, 16], 'self_diagonal_excluded': True} inc_weight=0
2026-10-03 16:31:39,977 [RSIAT_adapter.py] => QKSR diagnostics task=0 epoch=2 gamma=0.035839785 gradients_epoch={'gamma_param': 0.19431041181087494, 'projector.linear.weight': 0.00696522044017911, 'projector.linear.bias': 0.005206101108342409} kernel_epoch={'batches': 15, 'empty_batches': 0, 'pairs': 32184, 'min': 0.023049021139740944, 'mean': 0.39343884849102284, 'std': 0.16548512684595465, 'max': 0.9736600518226624, 'histogram_10_bins_0_1': [412, 3448, 6440, 7408, 6200, 4368, 2422, 1136, 318, 32], 'self_diagonal_excluded': True} inc_weight=0
2026-10-03 16:31:41,594 [RSIAT_adapter.py] => QKSR diagnostics task=0 epoch=3 gamma=0.033519637 gradients_epoch={'gamma_param': 0.23120829463005066, 'projector.linear.weight': 0.013566682115197182, 'projector.linear.bias': 0.013912506401538849} kernel_epoch={'batches': 15, 'empty_batches': 0, 'pairs': 32184, 'min': 0.009963098913431168, 'mean': 0.4475962857600846, 'std': 0.2177270136575212, 'max': 0.9978530406951904, 'histogram_10_bins_0_1': [1100, 3548, 4666, 5114, 5030, 4376, 3542, 2638, 1606, 564], 'self_diagonal_excluded': True} inc_weight=0
2026-10-03 16:31:43,190 [RSIAT_adapter.py] => QKSR diagnostics task=0 epoch=4 gamma=0.031479068 gradients_epoch={'gamma_param': 0.16838039457798004, 'projector.linear.weight': 0.012929979711771011, 'projector.linear.bias': 0.013884403742849827} kernel_epoch={'batches': 15, 'empty_batches': 0, 'pairs': 32184, 'min': 0.0011664021294564009, 'mean': 0.4218478133328659, 'std': 0.28465685590417095, 'max': 0.9998966455459595, 'histogram_10_bins_0_1': [3612, 5310, 4454, 4580, 3086, 2350, 2108, 1844, 1766, 3074], 'self_diagonal_excluded': True} inc_weight=0
2026-10-03 16:31:44,808 [RSIAT_adapter.py] => QKSR diagnostics task=0 epoch=5 gamma=0.030148912 gradients_epoch={'gamma_param': 0.11062334477901459, 'projector.linear.weight': 0.009652002714574337, 'projector.linear.bias': 0.009823588654398918} kernel_epoch={'batches': 15, 'empty_batches': 0, 'pairs': 32184, 'min': 0.0055204834789037704, 'mean': 0.42274320263275744, 'std': 0.2956255910517551, 'max': 0.9999813437461853, 'histogram_10_bins_0_1': [3056, 5520, 4332, 6696, 2622, 1816, 1324, 1232, 1126, 4460], 'self_diagonal_excluded': True} inc_weight=0
2026-10-03 16:31:46,428 [RSIAT_adapter.py] => QKSR diagnostics task=0 epoch=6 gamma=0.029362006 gradients_epoch={'gamma_param': 0.07862887531518936, 'projector.linear.weight': 0.00786799006164074, 'projector.linear.bias': 0.008066645823419094} kernel_epoch={'batches': 15, 'empty_batches': 0, 'pairs': 32184, 'min': 0.003971766214817762, 'mean': 0.4192514435383865, 'std': 0.3020845910664804, 'max': 0.9999740123748779, 'histogram_10_bins_0_1': [3346, 5406, 3882, 7670, 2434, 1382, 1240, 1118, 826, 4880], 'self_diagonal_excluded': True} inc_weight=0
2026-10-03 16:31:48,033 [RSIAT_adapter.py] => QKSR diagnostics task=0 epoch=7 gamma=0.028604196 gradients_epoch={'gamma_param': 0.1012294739484787, 'projector.linear.weight': 0.007570137269794941, 'projector.linear.bias': 0.007642998825758696} kernel_epoch={'batches': 15, 'empty_batches': 0, 'pairs': 32184, 'min': 0.004275590647011995, 'mean': 0.38581319874979686, 'std': 0.31081447318851835, 'max': 0.9999905824661255, 'histogram_10_bins_0_1': [4766, 6412, 3606, 7320, 1862, 1072, 700, 648, 952, 4846], 'self_diagonal_excluded': True} inc_weight=0
2026-10-03 16:31:49,630 [RSIAT_adapter.py] => QKSR diagnostics task=0 epoch=8 gamma=0.027927795 gradients_epoch={'gamma_param': 0.09541304409503937, 'projector.linear.weight': 0.007529783993959427, 'projector.linear.bias': 0.007305552717298269} kernel_epoch={'batches': 15, 'empty_batches': 0, 'pairs': 32184, 'min': 0.00464738579466939, 'mean': 0.40084978312191677, 'std': 0.30246609807569613, 'max': 0.9999908804893494, 'histogram_10_bins_0_1': [3022, 7296, 3436, 7874, 2180, 1210, 784, 740, 704, 4938], 'self_diagonal_excluded': True} inc_weight=0
2026-10-03 16:31:51,236 [RSIAT_adapter.py] => QKSR diagnostics task=0 epoch=9 gamma=0.027401745 gradients_epoch={'gamma_param': 0.07115546613931656, 'projector.linear.weight': 0.006859533954411745, 'projector.linear.bias': 0.006648200564086437} kernel_epoch={'batches': 15, 'empty_batches': 0, 'pairs': 32184, 'min': 0.007043095305562019, 'mean': 0.3951389294514942, 'std': 0.29764869115159914, 'max': 0.9999947547912598, 'histogram_10_bins_0_1': [3434, 7028, 3658, 7422, 2218, 1548, 908, 800, 656, 4512], 'self_diagonal_excluded': True} inc_weight=0
2026-10-03 16:31:52,845 [RSIAT_adapter.py] => QKSR diagnostics task=0 epoch=10 gamma=0.027019648 gradients_epoch={'gamma_param': 0.07389018684625626, 'projector.linear.weight': 0.007099098991602659, 'projector.linear.bias': 0.007777398452162743} kernel_epoch={'batches': 15, 'empty_batches': 0, 'pairs': 32184, 'min': 0.007148354314267635, 'mean': 0.369858267319926, 'std': 0.2937938020663839, 'max': 0.9999815225601196, 'histogram_10_bins_0_1': [4270, 7782, 3108, 7660, 2064, 1202, 736, 608, 682, 4072], 'self_diagonal_excluded': True} inc_weight=0
2026-10-03 16:31:54,451 [RSIAT_adapter.py] => QKSR diagnostics task=0 epoch=11 gamma=0.026652664 gradients_epoch={'gamma_param': 0.08265329152345657, 'projector.linear.weight': 0.006078485399484634, 'projector.linear.bias': 0.005864695180207491} kernel_epoch={'batches': 15, 'empty_batches': 0, 'pairs': 32184, 'min': 0.004719941411167383, 'mean': 0.3774066150540962, 'std': 0.2955893197814392, 'max': 0.999995231628418, 'histogram_10_bins_0_1': [3666, 8042, 3494, 7648, 2058, 1048, 704, 642, 390, 4492], 'self_diagonal_excluded': True} inc_weight=0
2026-10-03 16:31:56,146 [RSIAT_adapter.py] => QKSR diagnostics task=0 epoch=12 gamma=0.026368128 gradients_epoch={'gamma_param': 0.08422491699457169, 'projector.linear.weight': 0.007247488014400005, 'projector.linear.bias': 0.006936407648026943} kernel_epoch={'batches': 15, 'empty_batches': 0, 'pairs': 32184, 'min': 0.0030323134269565344, 'mean': 0.386079335933325, 'std': 0.29550512017774866, 'max': 0.999987781047821, 'histogram_10_bins_0_1': [3418, 7978, 3094, 7758, 2344, 1122, 794, 636, 600, 4440], 'self_diagonal_excluded': True} inc_weight=0
2026-10-03 16:31:57,754 [RSIAT_adapter.py] => QKSR diagnostics task=0 epoch=13 gamma=0.026098695 gradients_epoch={'gamma_param': 0.07983222603797913, 'projector.linear.weight': 0.006122092716395855, 'projector.linear.bias': 0.006060421001166105} kernel_epoch={'batches': 15, 'empty_batches': 0, 'pairs': 32184, 'min': 0.009372523985803127, 'mean': 0.3811092893457586, 'std': 0.2949474160616403, 'max': 0.9999769926071167, 'histogram_10_bins_0_1': [3568, 7932, 3446, 7592, 2330, 1072, 668, 634, 490, 4452], 'self_diagonal_excluded': True} inc_weight=0
2026-10-03 16:31:59,350 [RSIAT_adapter.py] => QKSR diagnostics task=0 epoch=14 gamma=0.025949597 gradients_epoch={'gamma_param': 0.06742661446332932, 'projector.linear.weight': 0.006192488130182028, 'projector.linear.bias': 0.006456904113292694} kernel_epoch={'batches': 15, 'empty_batches': 0, 'pairs': 32184, 'min': 0.01177862100303173, 'mean': 0.3781138019836636, 'std': 0.2944256904837577, 'max': 0.999997079372406, 'histogram_10_bins_0_1': [3772, 8180, 3112, 7676, 2104, 1216, 758, 494, 412, 4460], 'self_diagonal_excluded': True} inc_weight=0
2026-10-03 16:32:00,942 [RSIAT_adapter.py] => QKSR diagnostics task=0 epoch=15 gamma=0.0258044 gradients_epoch={'gamma_param': 0.09160753339529037, 'projector.linear.weight': 0.006426596082746983, 'projector.linear.bias': 0.006087974179536104} kernel_epoch={'batches': 15, 'empty_batches': 0, 'pairs': 32184, 'min': 0.0063509875908494, 'mean': 0.37815248617167846, 'std': 0.29934374779740075, 'max': 0.9999896287918091, 'histogram_10_bins_0_1': [3956, 8040, 3372, 7498, 2070, 956, 730, 442, 430, 4690], 'self_diagonal_excluded': True} inc_weight=0
2026-10-03 16:32:02,548 [RSIAT_adapter.py] => QKSR diagnostics task=0 epoch=16 gamma=0.025688801 gradients_epoch={'gamma_param': 0.08724699914455414, 'projector.linear.weight': 0.005734709091484547, 'projector.linear.bias': 0.006197427399456501} kernel_epoch={'batches': 15, 'empty_batches': 0, 'pairs': 32184, 'min': 0.00398212019354105, 'mean': 0.3764312793698653, 'std': 0.29830755446456375, 'max': 0.9999889731407166, 'histogram_10_bins_0_1': [4116, 8102, 3184, 7562, 2038, 930, 646, 594, 496, 4516], 'self_diagonal_excluded': True} inc_weight=0
2026-10-03 16:32:04,170 [RSIAT_adapter.py] => QKSR diagnostics task=0 epoch=17 gamma=0.025628733 gradients_epoch={'gamma_param': 0.0698983371257782, 'projector.linear.weight': 0.006451489869505167, 'projector.linear.bias': 0.0062530674040317535} kernel_epoch={'batches': 15, 'empty_batches': 0, 'pairs': 32184, 'min': 0.011005094274878502, 'mean': 0.3771179726547227, 'std': 0.29787935977053515, 'max': 0.9999954700469971, 'histogram_10_bins_0_1': [4196, 7932, 3254, 7342, 2280, 1008, 642, 466, 572, 4492], 'self_diagonal_excluded': True} inc_weight=0
2026-10-03 16:32:05,782 [RSIAT_adapter.py] => QKSR diagnostics task=0 epoch=18 gamma=0.025594464 gradients_epoch={'gamma_param': 0.06645205616950989, 'projector.linear.weight': 0.0053160288371145725, 'projector.linear.bias': 0.0055428240448236465} kernel_epoch={'batches': 15, 'empty_batches': 0, 'pairs': 32184, 'min': 0.005632257089018822, 'mean': 0.3814523122475658, 'std': 0.29813224425459167, 'max': 0.9999917149543762, 'histogram_10_bins_0_1': [3944, 7928, 3278, 7654, 2156, 910, 670, 488, 530, 4626], 'self_diagonal_excluded': True} inc_weight=0
2026-10-03 16:32:07,382 [RSIAT_adapter.py] => QKSR diagnostics task=0 epoch=19 gamma=0.025584767 gradients_epoch={'gamma_param': 0.043737832456827164, 'projector.linear.weight': 0.005800826940685511, 'projector.linear.bias': 0.006484122481197119} kernel_epoch={'batches': 15, 'empty_batches': 0, 'pairs': 32184, 'min': 0.016209349036216736, 'mean': 0.38917858163628694, 'std': 0.29947342360551027, 'max': 0.9999815225601196, 'histogram_10_bins_0_1': [3614, 7858, 3224, 7678, 2352, 1046, 726, 458, 420, 4808], 'self_diagonal_excluded': True} inc_weight=0
2026-10-03 16:32:09,547 [RSIAT_adapter.py] => QKSR diagnostics task=0 epoch=20 gamma=0.025581988 gradients_epoch={'gamma_param': 0.05541010573506355, 'projector.linear.weight': 0.005525175482034683, 'projector.linear.bias': 0.006024220958352089} kernel_epoch={'batches': 15, 'empty_batches': 0, 'pairs': 32184, 'min': 0.010340005159378052, 'mean': 0.3816863620518784, 'std': 0.29707471262760016, 'max': 0.9999911785125732, 'histogram_10_bins_0_1': [4088, 7650, 3300, 7508, 2252, 1154, 684, 416, 624, 4508], 'self_diagonal_excluded': True} inc_weight=0
2026-10-03 16:32:09,548 [RSIAT_adapter.py] => Task 0, Epoch 20/20 => Loss 2.966, Loss_c 2.851, Losses_rt 0.115, Train_accy 93.26, Test_accy 86.89, Time 1.63s
2026-10-03 16:32:09,548 [RSIAT_adapter.py] => Task 0 peak GPU memory: 4417.50 MiB
2026-10-03 16:32:17,070 [base.py] => Stage metrics task=0 stage=pre_ca split=test accuracy={'total': 86.89, '00-09': 85.0, '10-19': 88.35, 'old': 0.0, 'new': 86.89}
2026-10-03 16:32:18,024 [base.py] => Stage metrics task=0 stage=post_ca split=test accuracy={'total': 86.89, '00-09': 85.0, '10-19': 88.35, 'old': 0.0, 'new': 86.89}
2026-10-03 16:32:18,024 [RSIAT_adapter.py] => CA accuracy delta task=0 total=0.0000 old=0.0000 new=0.0000
2026-10-03 16:32:18,024 [trainer.py] => Evaluation split: test
2026-10-03 16:32:18,517 [trainer.py] => CNN: {'total': 86.89, '00-09': 85.0, '10-19': 88.35, 'old': 0.0, 'new': 86.89}
2026-10-03 16:32:18,688 [base.py] => Saved checkpoint: /kaggle/working/qksr_ablation_runs/ckpt/imageneta_G7_retention_rbf_full/imageneta/20_20/seed_1993/task_0.pkl
2026-10-03 16:32:18,695 [trainer.py] => CNN top1 curve: [86.89]
2026-10-03 16:32:18,695 [trainer.py] => CNN top5 curve: [98.36]
2026-10-03 16:32:18,695 [trainer.py] => Average Accuracy (CNN): 86.89
2026-10-03 16:32:18,695 [trainer.py] => All params: 87003648
2026-10-03 16:32:18,696 [trainer.py] => Trainable params: 1204992
2026-10-03 16:32:18,698 [RSIAT_adapter.py] => Learning on 20-40
2026-10-03 16:32:18,759 [RSIAT_adapter.py] => QKSR calibration task=1 samples=512 indices=[349, 131, 5, 252, 27, 280, 305, 717, 439, 97, 145, 411, 202, 559, 118, 163, 694, 343, 728, 320, 143, 292, 607, 204, 300, 407, 361, 64, 30, 8, 222, 119, 706, 659, 139, 346, 704, 385, 330, 708, 158, 483, 589, 570, 109, 647, 277, 426, 688, 724, 121, 151, 501, 188, 183, 617, 720, 70, 502, 489, 220, 232, 747, 100, 646, 106, 270, 55, 198, 467, 185, 96, 334, 692, 588, 148, 486, 69, 137, 101, 742, 39, 539, 378, 79, 655, 127, 690, 606, 663, 594, 15, 741, 409, 93, 236, 432, 11, 129, 441, 743, 94, 482, 86, 135, 231, 213, 673, 687, 218, 414, 321, 225, 175, 394, 531, 85, 90, 667, 374, 35, 14, 633, 498, 219, 181, 81, 34, 577, 390, 488, 731, 648, 51, 272, 433, 393, 746, 491, 26, 529, 713, 493, 555, 107, 83, 643, 363, 635, 470, 652, 123, 111, 356, 368, 689, 157, 563, 210, 545, 303, 345, 572, 208, 705, 562, 235, 634, 73, 547, 739, 52, 522, 618, 458, 274, 695, 117, 308, 306, 370, 614, 60, 256, 84, 709, 641, 173, 339, 437, 605, 278, 463, 45, 404, 682, 422, 372, 686, 56, 266, 147, 575, 494, 246, 240, 453, 237, 702, 68, 20, 387, 293, 581, 190, 71, 351, 360, 674, 98, 538, 80, 516, 89, 209, 217, 275, 29, 599, 697, 179, 337, 67, 398, 211, 380, 471, 630, 75, 517, 103, 722, 518, 149, 108, 264, 675, 507, 669, 365, 478, 592, 649, 261, 6, 627, 749, 718, 461, 662, 505, 189, 608, 142, 38, 88, 248, 515, 42, 613, 456, 203, 228, 57, 448, 438, 216, 418, 415, 140, 369, 500, 526, 696, 389, 282, 454, 16, 712, 678, 476, 719, 112, 76, 207, 629, 632, 170, 241, 171, 427, 730, 91, 120, 194, 672, 128, 114, 49, 410, 723, 691, 711, 242, 386, 535, 362, 590, 624, 184, 328, 382, 125, 511, 443, 388, 401, 31, 174, 419, 316, 167, 636, 651, 205, 62, 462, 400, 464, 165, 259, 750, 28, 541, 367, 285, 434, 301, 619, 304, 480, 156, 78, 132, 557, 403, 449, 602, 298, 546, 611, 604, 653, 457, 169, 104, 318, 359, 178, 2, 650, 257, 726, 475, 451, 366, 661, 657, 580, 223, 495, 155, 126, 727, 748, 548, 146, 197, 656, 279, 310, 552, 537, 556, 186, 716, 497, 442, 41, 247, 698, 322, 484, 408, 63, 554, 255, 544, 3, 43, 459, 521, 710, 355, 666, 564, 405, 48, 283, 267, 681, 509, 319, 233, 639, 22, 585, 700, 262, 428, 87, 215, 288, 182, 642, 54, 744, 469, 65, 239, 229, 496, 95, 752, 446, 192, 481, 354, 578, 25, 506, 133, 144, 550, 445, 154, 244, 595, 621, 9, 249, 271, 735, 21, 508, 7, 420, 160, 58, 159, 638, 150, 12, 568, 77, 664, 660, 110, 381, 291, 364, 582, 631, 191, 224, 295, 82, 504, 603, 338, 268, 161, 644, 212, 423, 626, 677, 19, 61, 53, 352, 622, 468, 333, 136, 294, 751, 138, 676, 524, 729, 477]
2026-10-03 16:32:18,760 [RSIAT_adapter.py] => SSCA feature mode: paired_eval
2026-10-03 16:32:22,726 [toolkit.py] => All params: 87134720
2026-10-03 16:32:22,727 [toolkit.py] => Trainable params: 1336064
2026-10-03 16:32:25,325 [RSIAT_adapter.py] => QKSR diagnostics task=1 epoch=1 gamma=0.025581988 gradients_epoch={} kernel_epoch={'batches': 16, 'empty_batches': 0, 'pairs': 15060, 'min': 0.0069019608199596405, 'mean': 0.34451130234384675, 'std': 0.2421409000400598, 'max': 0.999984085559845, 'histogram_10_bins_0_1': [1776, 3578, 2451, 2457, 1551, 961, 634, 514, 423, 715], 'self_diagonal_excluded': True} inc_weight=0.083333333
2026-10-03 16:32:27,876 [RSIAT_adapter.py] => QKSR diagnostics task=1 epoch=2 gamma=0.025581988 gradients_epoch={} kernel_epoch={'batches': 16, 'empty_batches': 0, 'pairs': 15060, 'min': 0.0031058688182383776, 'mean': 0.32956559223300375, 'std': 0.23706610056255253, 'max': 0.9999626874923706, 'histogram_10_bins_0_1': [1971, 3610, 2683, 2391, 1448, 939, 566, 417, 349, 686], 'self_diagonal_excluded': True} inc_weight=0.16666667
2026-10-03 16:32:30,412 [RSIAT_adapter.py] => QKSR diagnostics task=1 epoch=3 gamma=0.025581988 gradients_epoch={} kernel_epoch={'batches': 16, 'empty_batches': 0, 'pairs': 15060, 'min': 0.0038854568265378475, 'mean': 0.3258451865219627, 'std': 0.23367267007367748, 'max': 0.9999658465385437, 'histogram_10_bins_0_1': [1972, 3674, 2655, 2439, 1481, 851, 606, 410, 344, 628], 'self_diagonal_excluded': True} inc_weight=0.25
2026-10-03 16:32:32,927 [RSIAT_adapter.py] => QKSR diagnostics task=1 epoch=4 gamma=0.025581988 gradients_epoch={} kernel_epoch={'batches': 16, 'empty_batches': 0, 'pairs': 15060, 'min': 0.0017144985031336546, 'mean': 0.3152447156558941, 'std': 0.23049176304435606, 'max': 0.9998599290847778, 'histogram_10_bins_0_1': [2136, 3805, 2728, 2338, 1390, 835, 564, 333, 340, 591], 'self_diagonal_excluded': True} inc_weight=0.25
2026-10-03 16:32:35,443 [RSIAT_adapter.py] => QKSR diagnostics task=1 epoch=5 gamma=0.025581988 gradients_epoch={} kernel_epoch={'batches': 16, 'empty_batches': 0, 'pairs': 15060, 'min': 0.0023722718469798565, 'mean': 0.3121381301113595, 'std': 0.2297440411393608, 'max': 0.9999216198921204, 'histogram_10_bins_0_1': [2254, 3764, 2671, 2389, 1376, 835, 483, 393, 354, 541], 'self_diagonal_excluded': True} inc_weight=0.25
2026-10-03 16:32:37,981 [RSIAT_adapter.py] => QKSR diagnostics task=1 epoch=6 gamma=0.025581988 gradients_epoch={} kernel_epoch={'batches': 16, 'empty_batches': 0, 'pairs': 15060, 'min': 0.0014209807850420475, 'mean': 0.3078182105699373, 'std': 0.22904850571951182, 'max': 0.9998998045921326, 'histogram_10_bins_0_1': [2342, 3866, 2632, 2293, 1366, 838, 504, 376, 286, 557], 'self_diagonal_excluded': True} inc_weight=0.25
2026-10-03 16:32:40,501 [RSIAT_adapter.py] => QKSR diagnostics task=1 epoch=7 gamma=0.025581988 gradients_epoch={} kernel_epoch={'batches': 16, 'empty_batches': 0, 'pairs': 15060, 'min': 0.0019458092283457518, 'mean': 0.30767196369439964, 'std': 0.22813483144022706, 'max': 0.9998860359191895, 'histogram_10_bins_0_1': [2306, 3810, 2734, 2335, 1350, 819, 499, 349, 282, 576], 'self_diagonal_excluded': True} inc_weight=0.25
2026-10-03 16:32:43,029 [RSIAT_adapter.py] => QKSR diagnostics task=1 epoch=8 gamma=0.025581988 gradients_epoch={} kernel_epoch={'batches': 16, 'empty_batches': 0, 'pairs': 15060, 'min': 0.0027921341825276613, 'mean': 0.303807905638327, 'std': 0.22753155015727783, 'max': 0.9996507167816162, 'histogram_10_bins_0_1': [2374, 3947, 2624, 2325, 1296, 809, 492, 355, 295, 543], 'self_diagonal_excluded': True} inc_weight=0.25
2026-10-03 16:32:45,563 [RSIAT_adapter.py] => QKSR diagnostics task=1 epoch=9 gamma=0.025581988 gradients_epoch={} kernel_epoch={'batches': 16, 'empty_batches': 0, 'pairs': 15060, 'min': 0.0011430365266278386, 'mean': 0.30532959656760367, 'std': 0.22721696339014325, 'max': 0.9999095797538757, 'histogram_10_bins_0_1': [2312, 3917, 2749, 2272, 1307, 784, 517, 365, 323, 514], 'self_diagonal_excluded': True} inc_weight=0.25
2026-10-03 16:32:48,086 [RSIAT_adapter.py] => QKSR diagnostics task=1 epoch=10 gamma=0.025581988 gradients_epoch={} kernel_epoch={'batches': 16, 'empty_batches': 0, 'pairs': 15060, 'min': 0.0015578725142404437, 'mean': 0.30949991296496454, 'std': 0.22778301692110797, 'max': 0.9999713897705078, 'histogram_10_bins_0_1': [2271, 3774, 2718, 2320, 1395, 856, 523, 340, 337, 526], 'self_diagonal_excluded': True} inc_weight=0.25
2026-10-03 16:32:50,643 [RSIAT_adapter.py] => QKSR diagnostics task=1 epoch=11 gamma=0.025581988 gradients_epoch={} kernel_epoch={'batches': 16, 'empty_batches': 0, 'pairs': 15060, 'min': 0.0022929958067834377, 'mean': 0.308349017738343, 'std': 0.22699093807323467, 'max': 0.999862551689148, 'histogram_10_bins_0_1': [2285, 3782, 2722, 2310, 1406, 845, 484, 379, 342, 505], 'self_diagonal_excluded': True} inc_weight=0.25
2026-10-03 16:32:53,187 [RSIAT_adapter.py] => QKSR diagnostics task=1 epoch=12 gamma=0.025581988 gradients_epoch={} kernel_epoch={'batches': 16, 'empty_batches': 0, 'pairs': 15060, 'min': 0.0020106567535549402, 'mean': 0.30247843282929265, 'std': 0.22746887199071297, 'max': 0.9998660087585449, 'histogram_10_bins_0_1': [2440, 3860, 2640, 2332, 1370, 773, 454, 328, 318, 545], 'self_diagonal_excluded': True} inc_weight=0.25
2026-10-03 16:32:55,715 [RSIAT_adapter.py] => QKSR diagnostics task=1 epoch=13 gamma=0.025581988 gradients_epoch={} kernel_epoch={'batches': 16, 'empty_batches': 0, 'pairs': 15060, 'min': 0.002723950194194913, 'mean': 0.3009081265891891, 'std': 0.22768978018425118, 'max': 0.9999478459358215, 'histogram_10_bins_0_1': [2493, 3869, 2674, 2321, 1287, 721, 528, 305, 320, 542], 'self_diagonal_excluded': True} inc_weight=0.25
2026-10-03 16:32:58,235 [RSIAT_adapter.py] => QKSR diagnostics task=1 epoch=14 gamma=0.025581988 gradients_epoch={} kernel_epoch={'batches': 16, 'empty_batches': 0, 'pairs': 15060, 'min': 0.0042311944998800755, 'mean': 0.3053509132810132, 'std': 0.22851256850821774, 'max': 0.9999321699142456, 'histogram_10_bins_0_1': [2343, 3927, 2662, 2287, 1372, 767, 500, 326, 301, 575], 'self_diagonal_excluded': True} inc_weight=0.25
2026-10-03 16:33:01,779 [RSIAT_adapter.py] => QKSR diagnostics task=1 epoch=15 gamma=0.025581988 gradients_epoch={} kernel_epoch={'batches': 16, 'empty_batches': 0, 'pairs': 15060, 'min': 0.0025888339150696993, 'mean': 0.30542483784639923, 'std': 0.22880655152423077, 'max': 0.9996283650398254, 'histogram_10_bins_0_1': [2420, 3784, 2728, 2328, 1260, 790, 503, 377, 350, 520], 'self_diagonal_excluded': True} inc_weight=0.25
2026-10-03 16:33:01,779 [RSIAT_adapter.py] => Task 1, Epoch 15/15 => Loss 3.583, Loss_c 3.269, Losses_rt 0.314, Train_accy 85.39, Test_accy 79.53, Time 2.57s
2026-10-03 16:33:01,779 [RSIAT_adapter.py] => Task 1 peak GPU memory: 4875.65 MiB
2026-10-03 16:33:06,732 [RSIAT_adapter.py] => Statistics transport task=1: {'accepted': True, 'reason': 'guarded_ridge', 'pairs': 753, 'validation_map_mse': 0.03951089970960099, 'validation_identity_mse': 0.06163840357886228, 'rank': 32, 'validation_gain': 0.35898891899350704, 'trust_min': 0.2354880522459915, 'trust_mean': 0.2566487570582557, 'trust_max': 0.28503907008244056, 'supported_classes': 20}
2026-10-03 16:33:15,977 [base.py] => Stage metrics task=1 stage=pre_ca split=test accuracy={'total': 79.53, '00-09': 75.0, '10-19': 79.61, '20-29': 83.67, '30-39': 79.0, 'old': 77.6, 'new': 81.31}
2026-10-03 16:33:16,063 [base.py] => CA Task 1 => Loss 0.098, Test_accy skipped
2026-10-03 16:33:16,131 [base.py] => CA Task 1 => Loss 0.064, Test_accy skipped
2026-10-03 16:33:16,199 [base.py] => CA Task 1 => Loss 0.056, Test_accy skipped
2026-10-03 16:33:16,267 [base.py] => CA Task 1 => Loss 0.048, Test_accy skipped
2026-10-03 16:33:16,335 [base.py] => CA Task 1 => Loss 0.046, Test_accy skipped
2026-10-03 16:33:16,402 [base.py] => CA Task 1 => Loss 0.043, Test_accy skipped
2026-10-03 16:33:16,470 [base.py] => CA Task 1 => Loss 0.044, Test_accy skipped
2026-10-03 16:33:16,537 [base.py] => CA Task 1 => Loss 0.039, Test_accy skipped
2026-10-03 16:33:16,604 [base.py] => CA Task 1 => Loss 0.040, Test_accy skipped
2026-10-03 16:33:17,559 [base.py] => CA Task 1 => Loss 0.038, Test_accy 82.680
2026-10-03 16:33:19,486 [base.py] => Stage metrics task=1 stage=post_ca split=test accuracy={'total': 82.68, '00-09': 73.75, '10-19': 85.44, '20-29': 87.76, '30-39': 82.0, 'old': 80.33, 'new': 84.85}
2026-10-03 16:33:19,486 [RSIAT_adapter.py] => CA accuracy delta task=1 total=3.1500 old=2.7300 new=3.5400
2026-10-03 16:33:19,486 [trainer.py] => Evaluation split: test
2026-10-03 16:33:20,462 [trainer.py] => CNN: {'total': 82.68, '00-09': 73.75, '10-19': 85.44, '20-29': 87.76, '30-39': 82.0, 'old': 80.33, 'new': 84.85}
2026-10-03 16:33:20,463 [trainer.py] => Continual metrics after task 1: BWT=-6.5600, forgetting=6.5600, task_acc=[80.33, 84.85]
2026-10-03 16:33:20,651 [base.py] => Saved checkpoint: /kaggle/working/qksr_ablation_runs/ckpt/imageneta_G7_retention_rbf_full/imageneta/20_20/seed_1993/task_1.pkl
2026-10-03 16:33:20,654 [trainer.py] => CNN top1 curve: [86.89, 82.68]
2026-10-03 16:33:20,654 [trainer.py] => CNN top5 curve: [98.36, 96.59]
2026-10-03 16:33:20,654 [trainer.py] => Average Accuracy (CNN): 84.785
2026-10-03 16:33:20,654 [trainer.py] => All params: 87019008
2026-10-03 16:33:20,655 [trainer.py] => Trainable params: 1220352
2026-10-03 16:33:20,657 [RSIAT_adapter.py] => Learning on 40-60
2026-10-03 16:33:20,748 [RSIAT_adapter.py] => QKSR calibration task=2 samples=494 indices=[207, 312, 395, 64, 175, 134, 13, 363, 231, 358, 178, 230, 449, 74, 45, 38, 89, 171, 320, 361, 305, 120, 122, 193, 445, 390, 285, 27, 170, 436, 250, 53, 140, 383, 249, 131, 303, 401, 148, 203, 51, 340, 78, 5, 406, 188, 342, 274, 104, 23, 135, 442, 273, 107, 327, 208, 470, 405, 292, 381, 153, 435, 161, 228, 159, 258, 460, 301, 94, 99, 195, 136, 403, 10, 417, 222, 272, 286, 155, 129, 225, 22, 184, 254, 441, 196, 214, 267, 438, 451, 257, 456, 173, 82, 488, 133, 423, 339, 433, 87, 11, 326, 422, 385, 315, 227, 213, 14, 466, 347, 223, 391, 420, 464, 478, 415, 234, 44, 298, 77, 177, 281, 483, 366, 215, 201, 324, 61, 63, 182, 0, 354, 46, 411, 243, 283, 224, 169, 351, 206, 75, 359, 311, 67, 296, 237, 156, 84, 482, 106, 432, 493, 221, 371, 55, 210, 132, 66, 86, 138, 96, 333, 247, 331, 448, 284, 229, 480, 434, 198, 413, 414, 128, 288, 97, 123, 16, 374, 335, 69, 341, 105, 293, 166, 88, 209, 377, 118, 162, 143, 287, 15, 4, 216, 357, 111, 93, 458, 323, 144, 319, 68, 102, 186, 108, 80, 205, 180, 246, 124, 17, 487, 28, 427, 396, 437, 290, 197, 167, 60, 426, 393, 424, 187, 485, 317, 220, 282, 73, 477, 149, 375, 113, 185, 364, 92, 334, 421, 353, 337, 461, 6, 98, 471, 21, 350, 226, 392, 47, 304, 325, 242, 365, 65, 382, 349, 141, 344, 467, 217, 447, 389, 101, 289, 278, 183, 50, 158, 116, 379, 399, 70, 239, 269, 194, 174, 160, 259, 12, 419, 90, 57, 328, 481, 251, 263, 30, 387, 356, 463, 54, 112, 418, 490, 1, 126, 343, 261, 18, 34, 35, 452, 450, 348, 275, 429, 409, 192, 43, 100, 362, 270, 291, 313, 157, 280, 31, 454, 165, 469, 380, 397, 394, 48, 59, 310, 52, 130, 360, 202, 370, 468, 26, 71, 20, 32, 3, 378, 33, 484, 300, 479, 318, 355, 321, 232, 307, 117, 168, 425, 211, 474, 236, 25, 440, 410, 110, 127, 316, 302, 151, 297, 125, 114, 475, 91, 368, 81, 2, 189, 200, 276, 294, 238, 266, 330, 268, 62, 345, 163, 262, 37, 404, 465, 400, 49, 235, 264, 329, 486, 446, 430, 489, 248, 453, 253, 240, 388, 121, 147, 386, 376, 109, 472, 416, 137, 146, 139, 295, 115, 142, 181, 36, 199, 256, 372, 322, 8, 85, 76, 338, 271, 19, 462, 145, 332, 277, 95, 491, 431, 299, 459, 56, 164, 119, 346, 309, 241, 218, 455, 83, 191, 398, 219, 9, 444, 373, 402, 367, 412, 308, 369, 7, 212, 152, 42, 204, 244, 439, 40, 306, 492, 408, 473, 39, 233, 24, 255, 352, 41, 252, 407, 179, 29, 428, 103, 190, 79, 150, 72, 314, 260, 154, 279, 476, 176, 384, 172, 443, 457, 336, 58, 245, 265]
2026-10-03 16:33:20,750 [RSIAT_adapter.py] => SSCA feature mode: paired_eval
2026-10-03 16:33:23,211 [toolkit.py] => All params: 87150080
2026-10-03 16:33:23,212 [toolkit.py] => Trainable params: 1351424
2026-10-03 16:33:24,996 [RSIAT_adapter.py] => QKSR diagnostics task=2 epoch=1 gamma=0.025581988 gradients_epoch={} kernel_epoch={'batches': 11, 'empty_batches': 0, 'pairs': 19760, 'min': 0.0049131326377391815, 'mean': 0.3273143075621236, 'std': 0.24146327282866667, 'max': 0.9999382495880127, 'histogram_10_bins_0_1': [3108, 4466, 3382, 2968, 1860, 1147, 811, 636, 568, 814], 'self_diagonal_excluded': True} inc_weight=0.083333333
2026-10-03 16:33:26,714 [RSIAT_adapter.py] => QKSR diagnostics task=2 epoch=2 gamma=0.025581988 gradients_epoch={} kernel_epoch={'batches': 11, 'empty_batches': 0, 'pairs': 19760, 'min': 0.0034838130231946707, 'mean': 0.31564126020943817, 'std': 0.23282493227308237, 'max': 0.9999650716781616, 'histogram_10_bins_0_1': [3282, 4444, 3462, 2924, 1993, 1165, 793, 561, 457, 679], 'self_diagonal_excluded': True} inc_weight=0.16666667
2026-10-03 16:33:28,418 [RSIAT_adapter.py] => QKSR diagnostics task=2 epoch=3 gamma=0.025581988 gradients_epoch={} kernel_epoch={'batches': 11, 'empty_batches': 0, 'pairs': 19760, 'min': 0.0022257110103964806, 'mean': 0.3129436559529046, 'std': 0.23156048398436396, 'max': 0.999751091003418, 'histogram_10_bins_0_1': [3414, 4405, 3533, 2903, 1833, 1206, 778, 570, 494, 624], 'self_diagonal_excluded': True} inc_weight=0.25
2026-10-03 16:33:30,128 [RSIAT_adapter.py] => QKSR diagnostics task=2 epoch=4 gamma=0.025581988 gradients_epoch={} kernel_epoch={'batches': 11, 'empty_batches': 0, 'pairs': 19760, 'min': 0.0018703859532251954, 'mean': 0.3034142278162748, 'std': 0.22368444041982932, 'max': 0.9994015693664551, 'histogram_10_bins_0_1': [3349, 4708, 3509, 2952, 1934, 1072, 804, 480, 421, 531], 'self_diagonal_excluded': True} inc_weight=0.25
2026-10-03 16:33:31,842 [RSIAT_adapter.py] => QKSR diagnostics task=2 epoch=5 gamma=0.025581988 gradients_epoch={} kernel_epoch={'batches': 11, 'empty_batches': 0, 'pairs': 19760, 'min': 0.0017577906837686896, 'mean': 0.30158074925345396, 'std': 0.22591271552004197, 'max': 0.999388575553894, 'histogram_10_bins_0_1': [3501, 4721, 3563, 2762, 1813, 1162, 767, 478, 417, 576], 'self_diagonal_excluded': True} inc_weight=0.25
2026-10-03 16:33:33,552 [RSIAT_adapter.py] => QKSR diagnostics task=2 epoch=6 gamma=0.025581988 gradients_epoch={} kernel_epoch={'batches': 11, 'empty_batches': 0, 'pairs': 19760, 'min': 0.0015919208526611328, 'mean': 0.2989493789536907, 'std': 0.22680676812986886, 'max': 0.9993611574172974, 'histogram_10_bins_0_1': [3695, 4626, 3544, 2855, 1715, 1066, 735, 506, 433, 585], 'self_diagonal_excluded': True} inc_weight=0.25
2026-10-03 16:33:35,275 [RSIAT_adapter.py] => QKSR diagnostics task=2 epoch=7 gamma=0.025581988 gradients_epoch={} kernel_epoch={'batches': 11, 'empty_batches': 0, 'pairs': 19760, 'min': 0.002149740932509303, 'mean': 0.29833653800007803, 'std': 0.22440265221701122, 'max': 0.999269962310791, 'histogram_10_bins_0_1': [3579, 4674, 3618, 2808, 1895, 1045, 692, 461, 420, 568], 'self_diagonal_excluded': True} inc_weight=0.25
2026-10-03 16:33:36,986 [RSIAT_adapter.py] => QKSR diagnostics task=2 epoch=8 gamma=0.025581988 gradients_epoch={} kernel_epoch={'batches': 11, 'empty_batches': 0, 'pairs': 19760, 'min': 0.0026222406886518, 'mean': 0.296279671892035, 'std': 0.22425547048215377, 'max': 0.9987300634384155, 'histogram_10_bins_0_1': [3639, 4661, 3627, 2809, 1826, 1056, 703, 477, 421, 541], 'self_diagonal_excluded': True} inc_weight=0.25
2026-10-03 16:33:38,694 [RSIAT_adapter.py] => QKSR diagnostics task=2 epoch=9 gamma=0.025581988 gradients_epoch={} kernel_epoch={'batches': 11, 'empty_batches': 0, 'pairs': 19760, 'min': 0.0024614499416202307, 'mean': 0.2951241803093227, 'std': 0.2265162736106427, 'max': 0.9993185997009277, 'histogram_10_bins_0_1': [3735, 4747, 3534, 2787, 1779, 1066, 635, 444, 431, 602], 'self_diagonal_excluded': True} inc_weight=0.25
2026-10-03 16:33:40,403 [RSIAT_adapter.py] => QKSR diagnostics task=2 epoch=10 gamma=0.025581988 gradients_epoch={} kernel_epoch={'batches': 11, 'empty_batches': 0, 'pairs': 19760, 'min': 0.0014473373303189874, 'mean': 0.2931223807791045, 'std': 0.22508844822592683, 'max': 0.9984771609306335, 'histogram_10_bins_0_1': [3772, 4656, 3638, 2943, 1718, 968, 598, 446, 394, 627], 'self_diagonal_excluded': True} inc_weight=0.25
2026-10-03 16:33:42,128 [RSIAT_adapter.py] => QKSR diagnostics task=2 epoch=11 gamma=0.025581988 gradients_epoch={} kernel_epoch={'batches': 11, 'empty_batches': 0, 'pairs': 19760, 'min': 0.0017664822516962886, 'mean': 0.2905552987461869, 'std': 0.22388438064287206, 'max': 0.9994097352027893, 'histogram_10_bins_0_1': [3851, 4694, 3556, 2814, 1798, 1050, 634, 387, 372, 604], 'self_diagonal_excluded': True} inc_weight=0.25
2026-10-03 16:33:43,844 [RSIAT_adapter.py] => QKSR diagnostics task=2 epoch=12 gamma=0.025581988 gradients_epoch={} kernel_epoch={'batches': 11, 'empty_batches': 0, 'pairs': 19760, 'min': 0.0014868606813251972, 'mean': 0.2911343916513434, 'std': 0.22284882579251847, 'max': 0.9993876814842224, 'histogram_10_bins_0_1': [3782, 4749, 3517, 2873, 1770, 1024, 680, 442, 360, 563], 'self_diagonal_excluded': True} inc_weight=0.25
2026-10-03 16:33:45,560 [RSIAT_adapter.py] => QKSR diagnostics task=2 epoch=13 gamma=0.025581988 gradients_epoch={} kernel_epoch={'batches': 11, 'empty_batches': 0, 'pairs': 19760, 'min': 0.0012305699056014419, 'mean': 0.29151804065753645, 'std': 0.22368018608429524, 'max': 0.9990189671516418, 'histogram_10_bins_0_1': [3785, 4746, 3549, 2821, 1786, 1079, 638, 384, 366, 606], 'self_diagonal_excluded': True} inc_weight=0.25
2026-10-03 16:33:47,280 [RSIAT_adapter.py] => QKSR diagnostics task=2 epoch=14 gamma=0.025581988 gradients_epoch={} kernel_epoch={'batches': 11, 'empty_batches': 0, 'pairs': 19760, 'min': 0.001363673247396946, 'mean': 0.29013999758494113, 'std': 0.2229612209263648, 'max': 0.9992892742156982, 'histogram_10_bins_0_1': [3836, 4731, 3513, 2951, 1726, 944, 658, 478, 387, 536], 'self_diagonal_excluded': True} inc_weight=0.25
2026-10-03 16:33:50,240 [RSIAT_adapter.py] => QKSR diagnostics task=2 epoch=15 gamma=0.025581988 gradients_epoch={} kernel_epoch={'batches': 11, 'empty_batches': 0, 'pairs': 19760, 'min': 0.001381695969030261, 'mean': 0.28780225897449996, 'std': 0.2215501488236306, 'max': 0.9997559189796448, 'histogram_10_bins_0_1': [3917, 4682, 3550, 2893, 1802, 938, 621, 433, 379, 545], 'self_diagonal_excluded': True} inc_weight=0.25
2026-10-03 16:33:50,240 [RSIAT_adapter.py] => Task 2, Epoch 15/15 => Loss 2.932, Loss_c 2.711, Losses_rt 0.220, Train_accy 86.64, Test_accy 78.99, Time 1.71s
2026-10-03 16:33:50,240 [RSIAT_adapter.py] => Task 2 peak GPU memory: 4870.19 MiB
2026-10-03 16:33:53,373 [RSIAT_adapter.py] => Statistics transport task=2: {'accepted': True, 'reason': 'guarded_ridge', 'pairs': 494, 'validation_map_mse': 0.018929245832676602, 'validation_identity_mse': 0.033584981329486015, 'rank': 32, 'validation_gain': 0.43637765800817563, 'trust_min': 0.2845333859251327, 'trust_mean': 0.3108067945163689, 'trust_max': 0.35944964878493835, 'supported_classes': 40}
2026-10-03 16:34:02,381 [base.py] => Stage metrics task=2 stage=pre_ca split=test accuracy={'total': 78.99, '00-09': 71.25, '10-19': 82.52, '20-29': 79.59, '30-39': 76.0, '40-49': 82.86, '50-59': 82.54, 'old': 77.69, 'new': 82.71}
2026-10-03 16:34:02,502 [base.py] => CA Task 2 => Loss 0.093, Test_accy skipped
2026-10-03 16:34:02,617 [base.py] => CA Task 2 => Loss 0.070, Test_accy skipped
2026-10-03 16:34:02,731 [base.py] => CA Task 2 => Loss 0.061, Test_accy skipped
2026-10-03 16:34:02,846 [base.py] => CA Task 2 => Loss 0.058, Test_accy skipped
2026-10-03 16:34:02,960 [base.py] => CA Task 2 => Loss 0.055, Test_accy skipped
2026-10-03 16:34:03,074 [base.py] => CA Task 2 => Loss 0.052, Test_accy skipped
2026-10-03 16:34:03,189 [base.py] => CA Task 2 => Loss 0.052, Test_accy skipped
2026-10-03 16:34:03,303 [base.py] => CA Task 2 => Loss 0.049, Test_accy skipped
2026-10-03 16:34:03,418 [base.py] => CA Task 2 => Loss 0.047, Test_accy skipped
2026-10-03 16:34:04,698 [base.py] => CA Task 2 => Loss 0.048, Test_accy 79.570
2026-10-03 16:34:07,385 [base.py] => Stage metrics task=2 stage=post_ca split=test accuracy={'total': 79.57, '00-09': 72.5, '10-19': 81.55, '20-29': 78.57, '30-39': 79.0, '40-49': 81.43, '50-59': 85.71, 'old': 78.22, 'new': 83.46}
2026-10-03 16:34:07,386 [RSIAT_adapter.py] => CA accuracy delta task=2 total=0.5800 old=0.5300 new=0.7500
2026-10-03 16:34:07,386 [trainer.py] => Evaluation split: test
2026-10-03 16:34:08,582 [trainer.py] => CNN: {'total': 79.57, '00-09': 72.5, '10-19': 81.55, '20-29': 78.57, '30-39': 79.0, '40-49': 81.43, '50-59': 85.71, 'old': 78.22, 'new': 83.46}
2026-10-03 16:34:08,582 [trainer.py] => Continual metrics after task 2: BWT=-7.6750, forgetting=7.6750, task_acc=[77.6, 78.79, 83.46]
2026-10-03 16:34:08,784 [base.py] => Saved checkpoint: /kaggle/working/qksr_ablation_runs/ckpt/imageneta_G7_retention_rbf_full/imageneta/20_20/seed_1993/task_2.pkl
2026-10-03 16:34:08,787 [trainer.py] => CNN top1 curve: [86.89, 82.68, 79.57]
2026-10-03 16:34:08,787 [trainer.py] => CNN top5 curve: [98.36, 96.59, 94.36]
2026-10-03 16:34:08,787 [trainer.py] => Average Accuracy (CNN): 83.04666666666667
2026-10-03 16:34:08,787 [trainer.py] => All params: 87034368
2026-10-03 16:34:08,788 [trainer.py] => Trainable params: 1235712
2026-10-03 16:34:08,789 [RSIAT_adapter.py] => Learning on 60-80
2026-10-03 16:34:08,874 [RSIAT_adapter.py] => QKSR calibration task=3 samples=512 indices=[525, 210, 414, 623, 737, 784, 269, 615, 712, 276, 183, 579, 415, 398, 500, 404, 581, 10, 534, 611, 550, 277, 624, 201, 67, 522, 142, 15, 177, 164, 478, 270, 687, 378, 584, 786, 259, 131, 1, 84, 555, 25, 454, 18, 480, 724, 410, 386, 567, 574, 230, 37, 491, 4, 347, 20, 547, 193, 35, 248, 767, 108, 114, 744, 484, 790, 468, 551, 479, 51, 200, 482, 413, 19, 747, 746, 305, 519, 774, 499, 383, 59, 352, 486, 89, 542, 469, 554, 62, 620, 212, 594, 697, 492, 72, 751, 526, 764, 216, 543, 279, 757, 68, 569, 540, 527, 629, 217, 207, 70, 464, 646, 226, 715, 304, 650, 133, 727, 504, 576, 167, 679, 150, 306, 346, 11, 792, 285, 619, 247, 322, 705, 754, 343, 121, 700, 638, 572, 190, 473, 319, 553, 195, 318, 446, 455, 272, 601, 288, 663, 475, 312, 505, 97, 126, 211, 758, 242, 331, 262, 485, 351, 158, 330, 462, 745, 82, 440, 635, 641, 562, 545, 169, 402, 30, 690, 742, 418, 240, 403, 55, 451, 549, 658, 32, 287, 706, 321, 371, 17, 701, 405, 457, 778, 471, 721, 168, 154, 134, 214, 673, 639, 769, 465, 296, 22, 293, 556, 763, 395, 704, 731, 5, 544, 614, 361, 13, 735, 365, 753, 136, 707, 382, 524, 324, 474, 52, 56, 255, 722, 520, 528, 396, 719, 74, 299, 250, 146, 203, 441, 430, 684, 58, 546, 510, 368, 768, 57, 433, 692, 340, 116, 115, 234, 61, 709, 622, 442, 513, 100, 71, 77, 106, 76, 332, 675, 509, 756, 714, 797, 453, 302, 370, 593, 2, 598, 477, 381, 273, 376, 283, 353, 21, 552, 541, 360, 181, 139, 125, 357, 219, 590, 237, 717, 408, 157, 644, 257, 514, 423, 274, 0, 765, 99, 681, 113, 741, 750, 184, 488, 470, 738, 252, 406, 789, 311, 208, 781, 595, 449, 703, 286, 585, 726, 582, 373, 632, 689, 730, 669, 191, 493, 128, 354, 634, 66, 222, 172, 685, 580, 384, 429, 122, 246, 138, 411, 50, 48, 557, 42, 734, 144, 64, 162, 309, 779, 538, 335, 483, 782, 496, 628, 388, 425, 161, 645, 516, 263, 630, 227, 796, 194, 633, 626, 785, 209, 680, 568, 564, 338, 666, 98, 674, 65, 723, 39, 38, 511, 578, 249, 699, 775, 472, 301, 213, 156, 653, 720, 141, 266, 412, 655, 389, 607, 291, 759, 417, 508, 81, 448, 78, 458, 466, 776, 179, 416, 616, 327, 372, 143, 749, 363, 325, 725, 683, 124, 570, 686, 170, 199, 29, 224, 314, 772, 85, 229, 736, 218, 215, 437, 87, 788, 561, 636, 599, 517, 3, 220, 498, 748, 105, 225, 326, 232, 481, 112, 487, 618, 96, 275, 333, 661, 60, 40, 428, 289, 394, 307, 102, 268, 696, 761, 369, 752, 647, 677, 702, 773, 329, 107, 445, 91, 26, 46, 45, 657, 90, 284, 147, 243, 221, 571, 605, 337, 47, 532, 729, 281, 12, 344, 79, 565, 178, 662, 151, 732, 621, 739, 427, 583, 755, 693]
2026-10-03 16:34:08,876 [RSIAT_adapter.py] => SSCA feature mode: paired_eval
2026-10-03 16:34:12,908 [toolkit.py] => All params: 87165440
2026-10-03 16:34:12,908 [toolkit.py] => Trainable params: 1366784
2026-10-03 16:34:15,675 [RSIAT_adapter.py] => QKSR diagnostics task=3 epoch=1 gamma=0.025581988 gradients_epoch={} kernel_epoch={'batches': 17, 'empty_batches': 0, 'pairs': 47940, 'min': 0.0014849574072286487, 'mean': 0.2695202278428781, 'std': 0.24040463654538835, 'max': 0.9999040365219116, 'histogram_10_bins_0_1': [13810, 10649, 6568, 6320, 3272, 1942, 1508, 1211, 986, 1674], 'self_diagonal_excluded': True} inc_weight=0.083333333
2026-10-03 16:34:18,402 [RSIAT_adapter.py] => QKSR diagnostics task=3 epoch=2 gamma=0.025581988 gradients_epoch={} kernel_epoch={'batches': 17, 'empty_batches': 0, 'pairs': 47940, 'min': 0.0012530918465927243, 'mean': 0.2638184677523514, 'std': 0.23360225011788235, 'max': 0.999666690826416, 'histogram_10_bins_0_1': [13788, 10770, 6940, 6284, 3244, 1992, 1381, 1098, 1018, 1425], 'self_diagonal_excluded': True} inc_weight=0.16666667
2026-10-03 16:34:21,094 [RSIAT_adapter.py] => QKSR diagnostics task=3 epoch=3 gamma=0.025581988 gradients_epoch={} kernel_epoch={'batches': 17, 'empty_batches': 0, 'pairs': 47940, 'min': 0.001209625625051558, 'mean': 0.2610515981346466, 'std': 0.23467187991438213, 'max': 0.9997514486312866, 'histogram_10_bins_0_1': [14209, 10789, 6957, 6015, 3126, 1851, 1432, 1079, 1032, 1450], 'self_diagonal_excluded': True} inc_weight=0.25
2026-10-03 16:34:23,797 [RSIAT_adapter.py] => QKSR diagnostics task=3 epoch=4 gamma=0.025581988 gradients_epoch={} kernel_epoch={'batches': 17, 'empty_batches': 0, 'pairs': 47940, 'min': 0.0015240965876728296, 'mean': 0.2543657948730059, 'std': 0.22864791869225834, 'max': 0.9998249411582947, 'histogram_10_bins_0_1': [14217, 11220, 6948, 6108, 3078, 1786, 1287, 1032, 1007, 1257], 'self_diagonal_excluded': True} inc_weight=0.25
2026-10-03 16:34:26,512 [RSIAT_adapter.py] => QKSR diagnostics task=3 epoch=5 gamma=0.025581988 gradients_epoch={} kernel_epoch={'batches': 17, 'empty_batches': 0, 'pairs': 47940, 'min': 0.0008874771883711219, 'mean': 0.25152667084664787, 'std': 0.22490290057350568, 'max': 0.9998043179512024, 'histogram_10_bins_0_1': [14198, 11362, 7115, 6017, 3040, 1739, 1325, 1036, 1041, 1067], 'self_diagonal_excluded': True} inc_weight=0.25
2026-10-03 16:34:29,238 [RSIAT_adapter.py] => QKSR diagnostics task=3 epoch=6 gamma=0.025581988 gradients_epoch={} kernel_epoch={'batches': 17, 'empty_batches': 0, 'pairs': 47940, 'min': 0.0010442784987390041, 'mean': 0.2490321234115684, 'std': 0.22087715580166004, 'max': 0.9995001554489136, 'histogram_10_bins_0_1': [14029, 11482, 7410, 5995, 3058, 1863, 1139, 989, 881, 1094], 'self_diagonal_excluded': True} inc_weight=0.25
2026-10-03 16:34:31,943 [RSIAT_adapter.py] => QKSR diagnostics task=3 epoch=7 gamma=0.025581988 gradients_epoch={} kernel_epoch={'batches': 17, 'empty_batches': 0, 'pairs': 47940, 'min': 0.0006680323276668787, 'mean': 0.24508920995251618, 'std': 0.21913114704814485, 'max': 0.9991711974143982, 'histogram_10_bins_0_1': [14389, 11556, 7395, 5721, 2948, 1834, 1248, 989, 917, 943], 'self_diagonal_excluded': True} inc_weight=0.25
2026-10-03 16:34:34,667 [RSIAT_adapter.py] => QKSR diagnostics task=3 epoch=8 gamma=0.025581988 gradients_epoch={} kernel_epoch={'batches': 17, 'empty_batches': 0, 'pairs': 47940, 'min': 0.0006361564737744629, 'mean': 0.24805135619821758, 'std': 0.22162279480690802, 'max': 0.9994993209838867, 'histogram_10_bins_0_1': [14275, 11429, 7457, 5788, 2962, 1752, 1282, 1017, 964, 1014], 'self_diagonal_excluded': True} inc_weight=0.25
2026-10-03 16:34:37,378 [RSIAT_adapter.py] => QKSR diagnostics task=3 epoch=9 gamma=0.025581988 gradients_epoch={} kernel_epoch={'batches': 17, 'empty_batches': 0, 'pairs': 47940, 'min': 0.0010511033469811082, 'mean': 0.2452798567377194, 'std': 0.22095702637051684, 'max': 0.9996672868728638, 'histogram_10_bins_0_1': [14452, 11564, 7363, 5834, 2856, 1592, 1317, 1044, 908, 1010], 'self_diagonal_excluded': True} inc_weight=0.25
2026-10-03 16:34:40,138 [RSIAT_adapter.py] => QKSR diagnostics task=3 epoch=10 gamma=0.025581988 gradients_epoch={} kernel_epoch={'batches': 17, 'empty_batches': 0, 'pairs': 47940, 'min': 0.0008667852962389588, 'mean': 0.24693732866910784, 'std': 0.22056886381903965, 'max': 0.9994431734085083, 'histogram_10_bins_0_1': [14348, 11452, 7415, 5773, 2940, 1667, 1404, 1119, 874, 948], 'self_diagonal_excluded': True} inc_weight=0.25
2026-10-03 16:34:42,848 [RSIAT_adapter.py] => QKSR diagnostics task=3 epoch=11 gamma=0.025581988 gradients_epoch={} kernel_epoch={'batches': 17, 'empty_batches': 0, 'pairs': 47940, 'min': 0.0009474226390011609, 'mean': 0.24681257970849457, 'std': 0.22183384106911297, 'max': 0.9988988637924194, 'histogram_10_bins_0_1': [14515, 11449, 7167, 5864, 2889, 1739, 1369, 1014, 917, 1017], 'self_diagonal_excluded': True} inc_weight=0.25
2026-10-03 16:34:45,558 [RSIAT_adapter.py] => QKSR diagnostics task=3 epoch=12 gamma=0.025581988 gradients_epoch={} kernel_epoch={'batches': 17, 'empty_batches': 0, 'pairs': 47940, 'min': 0.0012077450519427657, 'mean': 0.2442680898713017, 'std': 0.22005175374452443, 'max': 0.9995789527893066, 'histogram_10_bins_0_1': [14668, 11371, 7366, 5725, 2868, 1782, 1286, 1046, 829, 999], 'self_diagonal_excluded': True} inc_weight=0.25
2026-10-03 16:34:48,283 [RSIAT_adapter.py] => QKSR diagnostics task=3 epoch=13 gamma=0.025581988 gradients_epoch={} kernel_epoch={'batches': 17, 'empty_batches': 0, 'pairs': 47940, 'min': 0.0010776212438941002, 'mean': 0.24593032584990918, 'std': 0.219293914315652, 'max': 0.9997461438179016, 'histogram_10_bins_0_1': [14278, 11597, 7435, 5789, 2882, 1690, 1356, 1109, 942, 862], 'self_diagonal_excluded': True} inc_weight=0.25
2026-10-03 16:34:51,003 [RSIAT_adapter.py] => QKSR diagnostics task=3 epoch=14 gamma=0.025581988 gradients_epoch={} kernel_epoch={'batches': 17, 'empty_batches': 0, 'pairs': 47940, 'min': 0.0008723244536668062, 'mean': 0.24454823295530154, 'std': 0.22072274625545793, 'max': 0.9994367957115173, 'histogram_10_bins_0_1': [14502, 11664, 7302, 5707, 2889, 1574, 1360, 1087, 877, 978], 'self_diagonal_excluded': True} inc_weight=0.25
2026-10-03 16:34:55,455 [RSIAT_adapter.py] => QKSR diagnostics task=3 epoch=15 gamma=0.025581988 gradients_epoch={} kernel_epoch={'batches': 17, 'empty_batches': 0, 'pairs': 47940, 'min': 0.0011610074434429407, 'mean': 0.2453270669574114, 'std': 0.22153442507266075, 'max': 0.9988280534744263, 'histogram_10_bins_0_1': [14637, 11378, 7369, 5727, 2744, 1752, 1345, 1083, 937, 968], 'self_diagonal_excluded': True} inc_weight=0.25
2026-10-03 16:34:55,455 [RSIAT_adapter.py] => Task 3, Epoch 15/15 => Loss 3.105, Loss_c 2.883, Losses_rt 0.222, Train_accy 81.60, Test_accy 74.90, Time 2.71s
2026-10-03 16:34:55,455 [RSIAT_adapter.py] => Task 3 peak GPU memory: 4876.62 MiB
2026-10-03 16:35:00,744 [RSIAT_adapter.py] => Statistics transport task=3: {'accepted': True, 'reason': 'guarded_ridge', 'pairs': 799, 'validation_map_mse': 0.026343259384641413, 'validation_identity_mse': 0.04013191479488848, 'rank': 32, 'validation_gain': 0.34358329226801054, 'trust_min': 0.2242028763306249, 'trust_mean': 0.24865639010431567, 'trust_max': 0.2838573552795222, 'supported_classes': 60}
2026-10-03 16:35:11,989 [base.py] => Stage metrics task=3 stage=pre_ca split=test accuracy={'total': 74.9, '00-09': 67.5, '10-19': 75.73, '20-29': 76.53, '30-39': 71.0, '40-49': 71.43, '50-59': 84.13, '60-69': 77.19, '70-79': 76.34, 'old': 74.12, 'new': 76.81}
2026-10-03 16:35:12,162 [base.py] => CA Task 3 => Loss 0.103, Test_accy skipped
2026-10-03 16:35:12,329 [base.py] => CA Task 3 => Loss 0.079, Test_accy skipped
2026-10-03 16:35:12,495 [base.py] => CA Task 3 => Loss 0.074, Test_accy skipped
2026-10-03 16:35:12,660 [base.py] => CA Task 3 => Loss 0.066, Test_accy skipped
2026-10-03 16:35:12,826 [base.py] => CA Task 3 => Loss 0.064, Test_accy skipped
2026-10-03 16:35:12,992 [base.py] => CA Task 3 => Loss 0.062, Test_accy skipped
2026-10-03 16:35:13,158 [base.py] => CA Task 3 => Loss 0.059, Test_accy skipped
2026-10-03 16:35:13,323 [base.py] => CA Task 3 => Loss 0.057, Test_accy skipped
2026-10-03 16:35:13,489 [base.py] => CA Task 3 => Loss 0.058, Test_accy skipped
2026-10-03 16:35:15,286 [base.py] => CA Task 3 => Loss 0.056, Test_accy 75.590
2026-10-03 16:35:19,016 [base.py] => Stage metrics task=3 stage=post_ca split=test accuracy={'total': 75.59, '00-09': 65.0, '10-19': 76.7, '20-29': 75.51, '30-39': 74.0, '40-49': 71.43, '50-59': 87.3, '60-69': 83.33, '70-79': 70.97, 'old': 74.71, 'new': 77.78}
2026-10-03 16:35:19,016 [RSIAT_adapter.py] => CA accuracy delta task=3 total=0.6900 old=0.5900 new=0.9700
2026-10-03 16:35:19,016 [trainer.py] => Evaluation split: test
2026-10-03 16:35:20,736 [trainer.py] => CNN: {'total': 75.59, '00-09': 65.0, '10-19': 76.7, '20-29': 75.51, '30-39': 74.0, '40-49': 71.43, '50-59': 87.3, '60-69': 83.33, '70-79': 70.97, 'old': 74.71, 'new': 77.78}
2026-10-03 16:35:20,736 [trainer.py] => Continual metrics after task 3: BWT=-9.9733, forgetting=9.9733, task_acc=[71.58, 74.75, 78.95, 77.78]
2026-10-03 16:35:20,949 [base.py] => Saved checkpoint: /kaggle/working/qksr_ablation_runs/ckpt/imageneta_G7_retention_rbf_full/imageneta/20_20/seed_1993/task_3.pkl
2026-10-03 16:35:20,952 [trainer.py] => CNN top1 curve: [86.89, 82.68, 79.57, 75.59]
2026-10-03 16:35:20,952 [trainer.py] => CNN top5 curve: [98.36, 96.59, 94.36, 93.34]
2026-10-03 16:35:20,952 [trainer.py] => Average Accuracy (CNN): 81.1825
2026-10-03 16:35:20,952 [trainer.py] => All params: 87049728
2026-10-03 16:35:20,953 [trainer.py] => Trainable params: 1251072
2026-10-03 16:35:20,954 [RSIAT_adapter.py] => Learning on 80-100
2026-10-03 16:35:21,065 [RSIAT_adapter.py] => QKSR calibration task=4 samples=512 indices=[240, 222, 143, 202, 130, 495, 312, 141, 363, 205, 261, 99, 329, 367, 482, 436, 500, 504, 133, 167, 392, 335, 268, 28, 379, 120, 466, 40, 447, 159, 368, 85, 481, 234, 403, 514, 291, 491, 400, 428, 182, 83, 346, 138, 450, 307, 241, 273, 463, 208, 3, 37, 446, 370, 65, 366, 125, 168, 219, 38, 20, 521, 354, 509, 333, 423, 319, 344, 281, 394, 98, 462, 523, 308, 39, 172, 377, 59, 474, 80, 320, 477, 170, 522, 441, 7, 386, 31, 413, 349, 22, 327, 445, 488, 427, 515, 1, 15, 422, 251, 186, 399, 464, 437, 424, 351, 506, 236, 148, 26, 266, 415, 520, 218, 384, 350, 214, 108, 239, 373, 360, 296, 95, 328, 82, 203, 75, 195, 197, 310, 311, 2, 25, 401, 32, 265, 318, 64, 169, 365, 142, 216, 438, 457, 193, 176, 72, 324, 238, 420, 92, 161, 355, 411, 200, 162, 30, 409, 17, 44, 11, 300, 339, 35, 405, 235, 33, 280, 131, 371, 402, 316, 6, 175, 14, 90, 478, 183, 146, 104, 361, 111, 192, 417, 100, 421, 408, 390, 410, 181, 458, 456, 250, 485, 306, 502, 109, 289, 342, 269, 191, 16, 110, 347, 406, 49, 107, 369, 393, 345, 0, 196, 282, 287, 212, 244, 166, 226, 270, 358, 242, 364, 352, 232, 387, 511, 510, 314, 171, 454, 62, 453, 272, 97, 486, 88, 174, 230, 334, 497, 43, 210, 84, 224, 309, 105, 283, 60, 158, 184, 519, 147, 388, 81, 89, 398, 380, 404, 284, 274, 518, 331, 189, 498, 50, 29, 155, 315, 56, 54, 277, 209, 246, 55, 160, 303, 101, 215, 340, 164, 431, 513, 254, 263, 449, 313, 68, 418, 86, 489, 460, 145, 381, 127, 217, 435, 9, 47, 508, 150, 501, 136, 220, 188, 5, 476, 247, 395, 517, 63, 434, 178, 430, 36, 227, 19, 356, 524, 255, 467, 177, 179, 140, 58, 126, 473, 69, 93, 443, 372, 73, 237, 223, 262, 115, 96, 484, 135, 471, 285, 114, 180, 389, 256, 252, 119, 492, 66, 461, 323, 245, 70, 221, 201, 211, 385, 407, 357, 525, 444, 397, 122, 442, 45, 362, 348, 455, 425, 163, 24, 185, 260, 279, 433, 468, 187, 23, 304, 228, 4, 336, 156, 137, 264, 341, 448, 76, 286, 343, 483, 233, 213, 301, 275, 18, 383, 512, 412, 41, 132, 151, 374, 128, 259, 503, 248, 292, 278, 426, 338, 299, 432, 451, 113, 71, 470, 10, 165, 207, 8, 276, 375, 326, 376, 53, 91, 57, 42, 13, 46, 496, 293, 382, 516, 21, 112, 154, 359, 87, 494, 302, 353, 116, 157, 34, 144, 391, 297, 52, 505, 288, 149, 440, 121, 194, 152, 499, 475, 439, 479, 325, 480, 61, 317, 258, 396, 243, 271, 79, 198, 298, 321, 332, 12, 231, 77, 322, 204, 118, 472, 337, 206, 225, 123, 452, 469, 493, 490, 117, 487, 419, 229, 124, 459, 102, 305, 330, 294, 290, 378, 134, 129, 48, 94, 190, 416, 139, 295, 507, 414, 253, 103]
2026-10-03 16:35:21,066 [RSIAT_adapter.py] => SSCA feature mode: paired_eval
2026-10-03 16:35:23,903 [toolkit.py] => All params: 87180800
2026-10-03 16:35:23,903 [toolkit.py] => Trainable params: 1382144
2026-10-03 16:35:25,809 [RSIAT_adapter.py] => QKSR diagnostics task=4 epoch=1 gamma=0.025581988 gradients_epoch={} kernel_epoch={'batches': 11, 'empty_batches': 0, 'pairs': 42080, 'min': 0.0009719633380882442, 'mean': 0.24207254879404935, 'std': 0.2397737728394152, 'max': 0.9995112419128418, 'histogram_10_bins_0_1': [15640, 7991, 5380, 4558, 2285, 1705, 1355, 1206, 1109, 851], 'self_diagonal_excluded': True} inc_weight=0.083333333
2026-10-03 16:35:27,639 [RSIAT_adapter.py] => QKSR diagnostics task=4 epoch=2 gamma=0.025581988 gradients_epoch={} kernel_epoch={'batches': 11, 'empty_batches': 0, 'pairs': 42080, 'min': 0.0006009720382280648, 'mean': 0.2343279203890465, 'std': 0.23061569087354208, 'max': 0.9969110488891602, 'histogram_10_bins_0_1': [15682, 8328, 5733, 4353, 2225, 1573, 1388, 1183, 990, 625], 'self_diagonal_excluded': True} inc_weight=0.16666667
2026-10-03 16:35:29,469 [RSIAT_adapter.py] => QKSR diagnostics task=4 epoch=3 gamma=0.025581988 gradients_epoch={} kernel_epoch={'batches': 11, 'empty_batches': 0, 'pairs': 42080, 'min': 0.0006491048843599856, 'mean': 0.2333796087082112, 'std': 0.22968410520458635, 'max': 0.9973840117454529, 'histogram_10_bins_0_1': [15649, 8389, 5757, 4378, 2276, 1561, 1248, 1134, 1083, 605], 'self_diagonal_excluded': True} inc_weight=0.25
2026-10-03 16:35:31,301 [RSIAT_adapter.py] => QKSR diagnostics task=4 epoch=4 gamma=0.025581988 gradients_epoch={} kernel_epoch={'batches': 11, 'empty_batches': 0, 'pairs': 42080, 'min': 0.0006858581909909844, 'mean': 0.22745933197788126, 'std': 0.2245142212444039, 'max': 0.9983397126197815, 'histogram_10_bins_0_1': [15883, 8616, 5938, 4047, 2126, 1564, 1340, 1124, 982, 460], 'self_diagonal_excluded': True} inc_weight=0.25
2026-10-03 16:35:33,119 [RSIAT_adapter.py] => QKSR diagnostics task=4 epoch=5 gamma=0.025581988 gradients_epoch={} kernel_epoch={'batches': 11, 'empty_batches': 0, 'pairs': 42080, 'min': 0.0007866561063565314, 'mean': 0.22231130097767135, 'std': 0.21827019614511475, 'max': 0.9947339296340942, 'histogram_10_bins_0_1': [15798, 9061, 5851, 4176, 2214, 1454, 1211, 996, 839, 480], 'self_diagonal_excluded': True} inc_weight=0.25
2026-10-03 16:35:34,945 [RSIAT_adapter.py] => QKSR diagnostics task=4 epoch=6 gamma=0.025581988 gradients_epoch={} kernel_epoch={'batches': 11, 'empty_batches': 0, 'pairs': 42080, 'min': 0.0007394335116259754, 'mean': 0.21957165160372394, 'std': 0.2173335163341532, 'max': 0.9959558248519897, 'histogram_10_bins_0_1': [16113, 9009, 5888, 3993, 2079, 1473, 1255, 1029, 796, 445], 'self_diagonal_excluded': True} inc_weight=0.25
2026-10-03 16:35:36,783 [RSIAT_adapter.py] => QKSR diagnostics task=4 epoch=7 gamma=0.025581988 gradients_epoch={} kernel_epoch={'batches': 11, 'empty_batches': 0, 'pairs': 42080, 'min': 0.0005973918014205992, 'mean': 0.21756544589130056, 'std': 0.21540672781060968, 'max': 0.9913187623023987, 'histogram_10_bins_0_1': [16176, 9160, 5810, 3958, 2148, 1450, 1174, 999, 748, 457], 'self_diagonal_excluded': True} inc_weight=0.25
2026-10-03 16:35:38,608 [RSIAT_adapter.py] => QKSR diagnostics task=4 epoch=8 gamma=0.025581988 gradients_epoch={} kernel_epoch={'batches': 11, 'empty_batches': 0, 'pairs': 42080, 'min': 0.0005822671228088439, 'mean': 0.21754506801337017, 'std': 0.2162927280012608, 'max': 0.9969944953918457, 'histogram_10_bins_0_1': [16240, 9112, 5715, 4056, 2143, 1437, 1113, 992, 827, 445], 'self_diagonal_excluded': True} inc_weight=0.25
2026-10-03 16:35:40,446 [RSIAT_adapter.py] => QKSR diagnostics task=4 epoch=9 gamma=0.025581988 gradients_epoch={} kernel_epoch={'batches': 11, 'empty_batches': 0, 'pairs': 42080, 'min': 0.0005404705880209804, 'mean': 0.21728866097405597, 'std': 0.2162736463024742, 'max': 0.997198760509491, 'histogram_10_bins_0_1': [16200, 9122, 5898, 3911, 2119, 1431, 1173, 950, 802, 474], 'self_diagonal_excluded': True} inc_weight=0.25
2026-10-03 16:35:42,295 [RSIAT_adapter.py] => QKSR diagnostics task=4 epoch=10 gamma=0.025581988 gradients_epoch={} kernel_epoch={'batches': 11, 'empty_batches': 0, 'pairs': 42080, 'min': 0.0005985303432680666, 'mean': 0.21900901586637223, 'std': 0.21850427724512872, 'max': 0.9959464073181152, 'histogram_10_bins_0_1': [16351, 8869, 5883, 3773, 2196, 1494, 1183, 1027, 844, 460], 'self_diagonal_excluded': True} inc_weight=0.25
2026-10-03 16:35:44,127 [RSIAT_adapter.py] => QKSR diagnostics task=4 epoch=11 gamma=0.025581988 gradients_epoch={} kernel_epoch={'batches': 11, 'empty_batches': 0, 'pairs': 42080, 'min': 0.0005756666068919003, 'mean': 0.21668171593960617, 'std': 0.2158451612011444, 'max': 0.9937057495117188, 'histogram_10_bins_0_1': [16323, 8893, 6099, 3853, 1957, 1522, 1231, 997, 781, 424], 'self_diagonal_excluded': True} inc_weight=0.25
2026-10-03 16:35:45,964 [RSIAT_adapter.py] => QKSR diagnostics task=4 epoch=12 gamma=0.025581988 gradients_epoch={} kernel_epoch={'batches': 11, 'empty_batches': 0, 'pairs': 42080, 'min': 0.0006468058563768864, 'mean': 0.21735901002440972, 'std': 0.21530371582091098, 'max': 0.9944424033164978, 'histogram_10_bins_0_1': [16075, 9302, 5848, 3852, 2115, 1490, 1182, 984, 818, 414], 'self_diagonal_excluded': True} inc_weight=0.25
2026-10-03 16:35:47,806 [RSIAT_adapter.py] => QKSR diagnostics task=4 epoch=13 gamma=0.025581988 gradients_epoch={} kernel_epoch={'batches': 11, 'empty_batches': 0, 'pairs': 42080, 'min': 0.0006131700938567519, 'mean': 0.21812212372091994, 'std': 0.21820319135883112, 'max': 0.9979463219642639, 'histogram_10_bins_0_1': [16421, 8874, 5718, 4005, 2071, 1464, 1269, 986, 826, 446], 'self_diagonal_excluded': True} inc_weight=0.25
2026-10-03 16:35:49,681 [RSIAT_adapter.py] => QKSR diagnostics task=4 epoch=14 gamma=0.025581988 gradients_epoch={} kernel_epoch={'batches': 11, 'empty_batches': 0, 'pairs': 42080, 'min': 0.0006222688825801015, 'mean': 0.21693742110233702, 'std': 0.21511959494269597, 'max': 0.9937644004821777, 'histogram_10_bins_0_1': [16124, 9266, 5800, 3997, 2102, 1469, 1085, 963, 844, 430], 'self_diagonal_excluded': True} inc_weight=0.25
2026-10-03 16:35:53,551 [RSIAT_adapter.py] => QKSR diagnostics task=4 epoch=15 gamma=0.025581988 gradients_epoch={} kernel_epoch={'batches': 11, 'empty_batches': 0, 'pairs': 42080, 'min': 0.0006150638218969107, 'mean': 0.21498800028623885, 'std': 0.21157198313415554, 'max': 0.9980491399765015, 'histogram_10_bins_0_1': [16161, 9161, 6135, 3807, 2125, 1443, 1195, 963, 733, 357], 'self_diagonal_excluded': True} inc_weight=0.25
2026-10-03 16:35:53,551 [RSIAT_adapter.py] => Task 4, Epoch 15/15 => Loss 2.836, Loss_c 2.639, Losses_rt 0.197, Train_accy 81.94, Test_accy 73.32, Time 1.83s
2026-10-03 16:35:53,552 [RSIAT_adapter.py] => Task 4 peak GPU memory: 4871.36 MiB
2026-10-03 16:35:57,075 [RSIAT_adapter.py] => Statistics transport task=4: {'accepted': True, 'reason': 'guarded_ridge', 'pairs': 526, 'validation_map_mse': 0.024970666202789277, 'validation_identity_mse': 0.03722323010964732, 'rank': 32, 'validation_gain': 0.32916444571752757, 'trust_min': 0.21181311139763528, 'trust_mean': 0.23897184958238477, 'trust_max': 0.2744219460323996, 'supported_classes': 80}
2026-10-03 16:36:08,316 [base.py] => Stage metrics task=4 stage=pre_ca split=test accuracy={'total': 73.32, '00-09': 61.25, '10-19': 75.73, '20-29': 71.43, '30-39': 72.0, '40-49': 68.57, '50-59': 85.71, '60-69': 81.58, '70-79': 69.89, '80-89': 79.49, '90-99': 65.08, 'old': 73.37, 'new': 73.05}
2026-10-03 16:36:08,547 [base.py] => CA Task 4 => Loss 0.093, Test_accy skipped
2026-10-03 16:36:08,771 [base.py] => CA Task 4 => Loss 0.079, Test_accy skipped
2026-10-03 16:36:08,995 [base.py] => CA Task 4 => Loss 0.075, Test_accy skipped
2026-10-03 16:36:09,218 [base.py] => CA Task 4 => Loss 0.069, Test_accy skipped
2026-10-03 16:36:09,442 [base.py] => CA Task 4 => Loss 0.066, Test_accy skipped
2026-10-03 16:36:09,666 [base.py] => CA Task 4 => Loss 0.063, Test_accy skipped
2026-10-03 16:36:09,889 [base.py] => CA Task 4 => Loss 0.062, Test_accy skipped
2026-10-03 16:36:10,113 [base.py] => CA Task 4 => Loss 0.062, Test_accy skipped
2026-10-03 16:36:10,336 [base.py] => CA Task 4 => Loss 0.062, Test_accy skipped
2026-10-03 16:36:12,478 [base.py] => CA Task 4 => Loss 0.062, Test_accy 74.010
2026-10-03 16:36:16,996 [base.py] => Stage metrics task=4 stage=post_ca split=test accuracy={'total': 74.01, '00-09': 57.5, '10-19': 77.67, '20-29': 72.45, '30-39': 71.0, '40-49': 71.43, '50-59': 85.71, '60-69': 82.46, '70-79': 68.82, '80-89': 76.92, '90-99': 76.19, 'old': 73.51, 'new': 76.6}
2026-10-03 16:36:16,996 [RSIAT_adapter.py] => CA accuracy delta task=4 total=0.6900 old=0.1400 new=3.5500
2026-10-03 16:36:16,996 [trainer.py] => Evaluation split: test
2026-10-03 16:36:18,928 [trainer.py] => CNN: {'total': 74.01, '00-09': 57.5, '10-19': 77.67, '20-29': 72.45, '30-39': 71.0, '40-49': 71.43, '50-59': 85.71, '60-69': 82.46, '70-79': 68.82, '80-89': 76.92, '90-99': 76.19, 'old': 73.51, 'new': 76.6}
2026-10-03 16:36:18,928 [trainer.py] => Continual metrics after task 4: BWT=-9.4700, forgetting=9.4700, task_acc=[68.85, 71.72, 78.2, 76.33, 76.6]
2026-10-03 16:36:19,153 [base.py] => Saved checkpoint: /kaggle/working/qksr_ablation_runs/ckpt/imageneta_G7_retention_rbf_full/imageneta/20_20/seed_1993/task_4.pkl
2026-10-03 16:36:19,158 [trainer.py] => CNN top1 curve: [86.89, 82.68, 79.57, 75.59, 74.01]
2026-10-03 16:36:19,158 [trainer.py] => CNN top5 curve: [98.36, 96.59, 94.36, 93.34, 91.76]
2026-10-03 16:36:19,158 [trainer.py] => Average Accuracy (CNN): 79.748
2026-10-03 16:36:19,158 [trainer.py] => All params: 87065088
2026-10-03 16:36:19,159 [trainer.py] => Trainable params: 1266432
2026-10-03 16:36:19,160 [RSIAT_adapter.py] => Learning on 100-120
2026-10-03 16:36:19,251 [RSIAT_adapter.py] => QKSR calibration task=5 samples=512 indices=[74, 337, 452, 379, 218, 200, 262, 110, 454, 255, 288, 159, 468, 277, 92, 478, 43, 96, 344, 156, 460, 436, 98, 166, 384, 69, 342, 357, 260, 306, 127, 233, 402, 158, 461, 415, 272, 128, 350, 104, 23, 377, 105, 187, 226, 338, 303, 239, 496, 429, 490, 213, 385, 428, 59, 290, 257, 201, 364, 506, 440, 134, 339, 236, 316, 112, 497, 24, 433, 271, 326, 13, 489, 237, 120, 301, 240, 174, 253, 516, 467, 77, 140, 390, 56, 434, 375, 265, 438, 22, 324, 332, 39, 331, 349, 212, 395, 32, 85, 64, 500, 0, 1, 378, 504, 175, 448, 84, 494, 139, 151, 168, 502, 25, 409, 447, 356, 420, 422, 148, 214, 152, 188, 312, 414, 53, 300, 315, 361, 308, 161, 493, 382, 235, 246, 370, 38, 16, 48, 302, 20, 499, 352, 10, 162, 138, 169, 227, 310, 407, 403, 296, 181, 4, 305, 126, 179, 103, 209, 7, 449, 446, 465, 149, 492, 142, 474, 205, 80, 393, 35, 453, 397, 466, 137, 387, 176, 275, 340, 81, 118, 203, 196, 276, 195, 124, 182, 376, 473, 155, 476, 28, 50, 282, 178, 369, 314, 229, 79, 283, 386, 417, 27, 86, 421, 223, 184, 167, 83, 150, 26, 268, 470, 443, 52, 100, 345, 358, 164, 287, 455, 62, 256, 327, 6, 488, 31, 297, 456, 346, 117, 269, 392, 232, 157, 469, 321, 353, 198, 251, 54, 215, 133, 11, 192, 279, 372, 177, 487, 72, 219, 511, 63, 286, 404, 40, 248, 445, 509, 147, 284, 123, 430, 225, 292, 121, 221, 424, 336, 90, 351, 8, 211, 334, 144, 512, 459, 313, 267, 348, 485, 206, 464, 51, 186, 230, 285, 299, 281, 507, 398, 278, 45, 190, 451, 15, 355, 368, 141, 66, 145, 298, 479, 65, 501, 99, 273, 503, 49, 475, 73, 165, 425, 132, 76, 435, 143, 183, 36, 242, 130, 400, 89, 189, 381, 495, 471, 508, 371, 383, 9, 88, 202, 160, 146, 82, 289, 199, 58, 224, 325, 180, 204, 114, 5, 109, 442, 119, 111, 388, 234, 437, 484, 359, 263, 510, 491, 70, 374, 463, 18, 33, 217, 363, 14, 389, 462, 243, 231, 67, 129, 333, 480, 441, 410, 29, 330, 408, 216, 319, 37, 30, 3, 95, 41, 416, 259, 97, 423, 335, 360, 270, 266, 247, 68, 362, 431, 450, 406, 505, 401, 412, 91, 380, 444, 307, 87, 280, 102, 172, 185, 61, 12, 343, 245, 472, 439, 311, 163, 125, 171, 222, 17, 320, 405, 261, 457, 481, 354, 295, 210, 291, 71, 154, 322, 418, 173, 197, 294, 413, 250, 252, 254, 34, 21, 258, 60, 191, 486, 329, 365, 341, 241, 498, 396, 47, 19, 244, 483, 107, 391, 55, 78, 318, 238, 477, 419, 193, 93, 427, 249, 426, 328, 131, 514, 194, 366, 399, 458, 113, 57, 42, 170, 44, 411, 432, 208, 513, 309, 116, 373, 108, 293, 228, 317, 323, 274, 2, 515, 304, 122, 101, 482, 136, 115, 135, 46, 106, 367, 347, 75, 264]
2026-10-03 16:36:19,252 [RSIAT_adapter.py] => SSCA feature mode: paired_eval
2026-10-03 16:36:22,271 [toolkit.py] => All params: 87196160
2026-10-03 16:36:22,271 [toolkit.py] => Trainable params: 1397504
2026-10-03 16:36:24,134 [RSIAT_adapter.py] => QKSR diagnostics task=5 epoch=1 gamma=0.025581988 gradients_epoch={} kernel_epoch={'batches': 11, 'empty_batches': 0, 'pairs': 51700, 'min': 0.0006192585569806397, 'mean': 0.21523131663863757, 'std': 0.21809068461590556, 'max': 0.9991670846939087, 'histogram_10_bins_0_1': [21235, 10052, 6540, 4718, 2912, 2066, 1597, 1239, 918, 423], 'self_diagonal_excluded': True} inc_weight=0.083333333
2026-10-03 16:36:25,935 [RSIAT_adapter.py] => QKSR diagnostics task=5 epoch=2 gamma=0.025581988 gradients_epoch={} kernel_epoch={'batches': 11, 'empty_batches': 0, 'pairs': 51700, 'min': 0.0007858425378799438, 'mean': 0.21089818034321856, 'std': 0.21265117456171412, 'max': 0.9968987107276917, 'histogram_10_bins_0_1': [21297, 10245, 6691, 4790, 2785, 2036, 1520, 1088, 859, 389], 'self_diagonal_excluded': True} inc_weight=0.16666667
2026-10-03 16:36:27,729 [RSIAT_adapter.py] => QKSR diagnostics task=5 epoch=3 gamma=0.025581988 gradients_epoch={} kernel_epoch={'batches': 11, 'empty_batches': 0, 'pairs': 51700, 'min': 0.0006091086543165147, 'mean': 0.21211259240716107, 'std': 0.21428417672124703, 'max': 0.9983141422271729, 'histogram_10_bins_0_1': [21409, 10008, 6702, 4698, 2828, 2136, 1543, 1179, 807, 390], 'self_diagonal_excluded': True} inc_weight=0.25
2026-10-03 16:36:29,524 [RSIAT_adapter.py] => QKSR diagnostics task=5 epoch=4 gamma=0.025581988 gradients_epoch={} kernel_epoch={'batches': 11, 'empty_batches': 0, 'pairs': 51700, 'min': 0.0005905352882109582, 'mean': 0.20961763534740957, 'std': 0.21238860069039675, 'max': 0.9984581470489502, 'histogram_10_bins_0_1': [21499, 10301, 6666, 4535, 2834, 2029, 1475, 1190, 788, 383], 'self_diagonal_excluded': True} inc_weight=0.25
2026-10-03 16:36:31,316 [RSIAT_adapter.py] => QKSR diagnostics task=5 epoch=5 gamma=0.025581988 gradients_epoch={} kernel_epoch={'batches': 11, 'empty_batches': 0, 'pairs': 51700, 'min': 0.0006584223010577261, 'mean': 0.20560833592956562, 'std': 0.20753286318842082, 'max': 0.9945515990257263, 'histogram_10_bins_0_1': [21624, 10545, 6708, 4524, 2712, 1988, 1472, 1071, 755, 301], 'self_diagonal_excluded': True} inc_weight=0.25
2026-10-03 16:36:33,115 [RSIAT_adapter.py] => QKSR diagnostics task=5 epoch=6 gamma=0.025581988 gradients_epoch={} kernel_epoch={'batches': 11, 'empty_batches': 0, 'pairs': 51700, 'min': 0.0005911886692047119, 'mean': 0.20758047510725688, 'std': 0.20926442645389023, 'max': 0.9888800978660583, 'histogram_10_bins_0_1': [21577, 10373, 6678, 4562, 2729, 2098, 1534, 1104, 696, 349], 'self_diagonal_excluded': True} inc_weight=0.25
2026-10-03 16:36:34,916 [RSIAT_adapter.py] => QKSR diagnostics task=5 epoch=7 gamma=0.025581988 gradients_epoch={} kernel_epoch={'batches': 11, 'empty_batches': 0, 'pairs': 51700, 'min': 0.000752203690353781, 'mean': 0.20549992166880524, 'std': 0.20647649268543203, 'max': 0.9990317821502686, 'histogram_10_bins_0_1': [21458, 10785, 6619, 4484, 2841, 1890, 1522, 1135, 676, 290], 'self_diagonal_excluded': True} inc_weight=0.25
2026-10-03 16:36:36,711 [RSIAT_adapter.py] => QKSR diagnostics task=5 epoch=8 gamma=0.025581988 gradients_epoch={} kernel_epoch={'batches': 11, 'empty_batches': 0, 'pairs': 51700, 'min': 0.0005937835667282343, 'mean': 0.20521757385470565, 'std': 0.20731881240831432, 'max': 0.993537962436676, 'histogram_10_bins_0_1': [21604, 10487, 6781, 4577, 2827, 1911, 1380, 1018, 767, 348], 'self_diagonal_excluded': True} inc_weight=0.25
2026-10-03 16:36:38,507 [RSIAT_adapter.py] => QKSR diagnostics task=5 epoch=9 gamma=0.025581988 gradients_epoch={} kernel_epoch={'batches': 11, 'empty_batches': 0, 'pairs': 51700, 'min': 0.000801129499450326, 'mean': 0.2056737138682434, 'std': 0.20838307943170126, 'max': 0.9961901307106018, 'histogram_10_bins_0_1': [21614, 10639, 6575, 4484, 2807, 2019, 1383, 1068, 767, 344], 'self_diagonal_excluded': True} inc_weight=0.25
2026-10-03 16:36:40,308 [RSIAT_adapter.py] => QKSR diagnostics task=5 epoch=10 gamma=0.025581988 gradients_epoch={} kernel_epoch={'batches': 11, 'empty_batches': 0, 'pairs': 51700, 'min': 0.000726855534594506, 'mean': 0.2045068126119159, 'std': 0.2065758470045695, 'max': 0.9979474544525146, 'histogram_10_bins_0_1': [21694, 10421, 6833, 4639, 2748, 1822, 1371, 1119, 752, 301], 'self_diagonal_excluded': True} inc_weight=0.25
2026-10-03 16:36:42,124 [RSIAT_adapter.py] => QKSR diagnostics task=5 epoch=11 gamma=0.025581988 gradients_epoch={} kernel_epoch={'batches': 11, 'empty_batches': 0, 'pairs': 51700, 'min': 0.0005833559553138912, 'mean': 0.20527751601688432, 'std': 0.20687279851166224, 'max': 0.9945263266563416, 'histogram_10_bins_0_1': [21556, 10634, 6647, 4618, 2824, 1876, 1433, 1044, 717, 351], 'self_diagonal_excluded': True} inc_weight=0.25
2026-10-03 16:36:43,914 [RSIAT_adapter.py] => QKSR diagnostics task=5 epoch=12 gamma=0.025581988 gradients_epoch={} kernel_epoch={'batches': 11, 'empty_batches': 0, 'pairs': 51700, 'min': 0.000708263018168509, 'mean': 0.20484756199973572, 'std': 0.20651755353998927, 'max': 0.9994884133338928, 'histogram_10_bins_0_1': [21659, 10562, 6660, 4563, 2810, 1947, 1468, 991, 720, 320], 'self_diagonal_excluded': True} inc_weight=0.25
2026-10-03 16:36:45,703 [RSIAT_adapter.py] => QKSR diagnostics task=5 epoch=13 gamma=0.025581988 gradients_epoch={} kernel_epoch={'batches': 11, 'empty_batches': 0, 'pairs': 51700, 'min': 0.0007333014509640634, 'mean': 0.2056743260637987, 'std': 0.20969729581342672, 'max': 0.9999048709869385, 'histogram_10_bins_0_1': [21765, 10535, 6545, 4456, 2785, 1941, 1443, 1096, 781, 353], 'self_diagonal_excluded': True} inc_weight=0.25
2026-10-03 16:36:47,510 [RSIAT_adapter.py] => QKSR diagnostics task=5 epoch=14 gamma=0.025581988 gradients_epoch={} kernel_epoch={'batches': 11, 'empty_batches': 0, 'pairs': 51700, 'min': 0.0007345540216192603, 'mean': 0.20635403798969426, 'std': 0.20796305166885662, 'max': 0.9992206692695618, 'histogram_10_bins_0_1': [21664, 10355, 6777, 4467, 2798, 2022, 1476, 1088, 749, 304], 'self_diagonal_excluded': True} inc_weight=0.25
2026-10-03 16:36:51,745 [RSIAT_adapter.py] => QKSR diagnostics task=5 epoch=15 gamma=0.025581988 gradients_epoch={} kernel_epoch={'batches': 11, 'empty_batches': 0, 'pairs': 51700, 'min': 0.00070942472666502, 'mean': 0.20545131998053323, 'std': 0.2062864952621415, 'max': 0.9973087906837463, 'histogram_10_bins_0_1': [21524, 10606, 6722, 4472, 2858, 1970, 1505, 1087, 646, 310], 'self_diagonal_excluded': True} inc_weight=0.25
2026-10-03 16:36:51,745 [RSIAT_adapter.py] => Task 5, Epoch 15/15 => Loss 2.329, Loss_c 2.160, Losses_rt 0.168, Train_accy 86.27, Test_accy 71.36, Time 1.80s
2026-10-03 16:36:51,745 [RSIAT_adapter.py] => Task 5 peak GPU memory: 4878.07 MiB
2026-10-03 16:36:55,230 [RSIAT_adapter.py] => Statistics transport task=5: {'accepted': True, 'reason': 'guarded_ridge', 'pairs': 517, 'validation_map_mse': 0.016926991269604792, 'validation_identity_mse': 0.024469631595840147, 'rank': 32, 'validation_gain': 0.30824494830227067, 'trust_min': 0.17892071527354075, 'trust_mean': 0.22041921790406463, 'trust_max': 0.24663831159702604, 'supported_classes': 100}
2026-10-03 16:37:06,530 [base.py] => Stage metrics task=5 stage=pre_ca split=test accuracy={'total': 71.36, '00-09': 55.0, '10-19': 71.84, '20-29': 67.35, '30-39': 70.0, '40-49': 70.0, '50-59': 79.37, '60-69': 75.44, '70-79': 68.82, '80-89': 75.64, '90-99': 74.6, '100-109': 72.73, '110-119': 78.38, 'old': 70.65, 'new': 75.71}
2026-10-03 16:37:06,822 [base.py] => CA Task 5 => Loss 0.096, Test_accy skipped
2026-10-03 16:37:07,107 [base.py] => CA Task 5 => Loss 0.080, Test_accy skipped
2026-10-03 16:37:07,392 [base.py] => CA Task 5 => Loss 0.074, Test_accy skipped
2026-10-03 16:37:07,676 [base.py] => CA Task 5 => Loss 0.071, Test_accy skipped
2026-10-03 16:37:07,961 [base.py] => CA Task 5 => Loss 0.069, Test_accy skipped
2026-10-03 16:37:08,244 [base.py] => CA Task 5 => Loss 0.066, Test_accy skipped
2026-10-03 16:37:08,530 [base.py] => CA Task 5 => Loss 0.067, Test_accy skipped
2026-10-03 16:37:08,815 [base.py] => CA Task 5 => Loss 0.066, Test_accy skipped
2026-10-03 16:37:09,100 [base.py] => CA Task 5 => Loss 0.064, Test_accy skipped
2026-10-03 16:37:11,737 [base.py] => CA Task 5 => Loss 0.064, Test_accy 71.760
2026-10-03 16:37:17,094 [base.py] => Stage metrics task=5 stage=post_ca split=test accuracy={'total': 71.76, '00-09': 55.0, '10-19': 76.7, '20-29': 68.37, '30-39': 70.0, '40-49': 72.86, '50-59': 82.54, '60-69': 78.07, '70-79': 68.82, '80-89': 74.36, '90-99': 76.19, '100-109': 65.15, '110-119': 72.97, 'old': 72.16, 'new': 69.29}
2026-10-03 16:37:17,095 [RSIAT_adapter.py] => CA accuracy delta task=5 total=0.4000 old=1.5100 new=-6.4200
2026-10-03 16:37:17,095 [trainer.py] => Evaluation split: test
2026-10-03 16:37:19,249 [trainer.py] => CNN: {'total': 71.76, '00-09': 55.0, '10-19': 76.7, '20-29': 68.37, '30-39': 70.0, '40-49': 72.86, '50-59': 82.54, '60-69': 78.07, '70-79': 68.82, '80-89': 74.36, '90-99': 76.19, '100-109': 65.15, '110-119': 72.97, 'old': 72.16, 'new': 69.29}
2026-10-03 16:37:19,249 [trainer.py] => Continual metrics after task 5: BWT=-9.3300, forgetting=9.3300, task_acc=[67.21, 69.19, 77.44, 73.91, 75.18, 69.29]
2026-10-03 16:37:19,487 [base.py] => Saved checkpoint: /kaggle/working/qksr_ablation_runs/ckpt/imageneta_G7_retention_rbf_full/imageneta/20_20/seed_1993/task_5.pkl
2026-10-03 16:37:19,494 [trainer.py] => CNN top1 curve: [86.89, 82.68, 79.57, 75.59, 74.01, 71.76]
2026-10-03 16:37:19,494 [trainer.py] => CNN top5 curve: [98.36, 96.59, 94.36, 93.34, 91.76, 91.62]
2026-10-03 16:37:19,494 [trainer.py] => Average Accuracy (CNN): 78.41666666666667
2026-10-03 16:37:19,495 [trainer.py] => All params: 87080448
2026-10-03 16:37:19,495 [trainer.py] => Trainable params: 1281792
2026-10-03 16:37:19,497 [RSIAT_adapter.py] => Learning on 120-140
2026-10-03 16:37:19,620 [RSIAT_adapter.py] => QKSR calibration task=6 samples=512 indices=[319, 422, 79, 423, 233, 219, 301, 250, 87, 80, 335, 283, 350, 522, 503, 398, 290, 66, 305, 520, 53, 346, 418, 268, 352, 253, 99, 208, 127, 446, 238, 288, 224, 343, 364, 7, 57, 42, 404, 214, 338, 457, 325, 49, 72, 391, 157, 256, 458, 83, 90, 52, 134, 365, 526, 498, 415, 155, 524, 491, 452, 308, 417, 337, 143, 307, 44, 6, 468, 261, 277, 382, 279, 37, 188, 386, 445, 133, 3, 433, 232, 240, 461, 123, 230, 327, 501, 70, 429, 397, 150, 444, 209, 413, 269, 339, 178, 440, 15, 177, 141, 122, 441, 317, 529, 527, 231, 243, 225, 265, 442, 74, 46, 344, 85, 434, 213, 436, 450, 532, 294, 518, 194, 125, 528, 347, 484, 2, 448, 367, 203, 315, 215, 287, 191, 207, 124, 340, 148, 291, 331, 138, 170, 137, 348, 355, 459, 199, 515, 162, 16, 318, 31, 273, 342, 197, 96, 492, 390, 392, 510, 449, 93, 506, 21, 435, 222, 359, 300, 91, 401, 296, 182, 419, 118, 410, 295, 408, 507, 0, 406, 280, 117, 512, 147, 372, 246, 20, 371, 216, 354, 9, 17, 299, 69, 276, 39, 159, 443, 456, 183, 5, 103, 488, 4, 84, 144, 478, 212, 453, 254, 244, 341, 516, 486, 34, 530, 25, 536, 172, 281, 26, 249, 121, 130, 537, 167, 521, 47, 356, 12, 275, 60, 312, 129, 369, 438, 409, 149, 270, 424, 158, 334, 394, 227, 329, 309, 56, 380, 202, 480, 465, 226, 483, 387, 241, 479, 179, 376, 414, 43, 451, 186, 29, 38, 160, 505, 447, 105, 471, 403, 104, 427, 32, 116, 94, 497, 110, 50, 76, 67, 384, 258, 303, 353, 252, 140, 455, 171, 293, 508, 126, 78, 361, 146, 97, 180, 77, 247, 54, 59, 221, 385, 396, 467, 153, 8, 474, 236, 260, 323, 192, 14, 82, 395, 485, 316, 55, 18, 362, 383, 272, 534, 81, 463, 237, 113, 64, 175, 181, 324, 533, 360, 173, 517, 142, 63, 196, 119, 107, 274, 402, 112, 139, 267, 217, 75, 135, 368, 201, 425, 40, 373, 432, 19, 431, 108, 73, 475, 176, 320, 89, 298, 509, 370, 379, 205, 235, 33, 211, 114, 328, 161, 71, 333, 489, 98, 23, 302, 195, 245, 426, 286, 407, 145, 48, 313, 187, 375, 35, 487, 513, 322, 132, 120, 332, 377, 248, 400, 464, 310, 381, 51, 271, 22, 218, 472, 389, 184, 500, 460, 101, 239, 462, 358, 62, 421, 326, 234, 304, 154, 36, 24, 204, 357, 95, 106, 30, 439, 165, 336, 163, 263, 128, 282, 131, 345, 28, 100, 476, 156, 41, 228, 511, 102, 223, 198, 88, 388, 306, 264, 189, 168, 490, 535, 166, 65, 493, 257, 58, 92, 151, 200, 514, 416, 278, 10, 314, 174, 190, 504, 430, 255, 525, 420, 229, 164, 399, 115, 311, 374, 13, 266, 473, 378, 251, 111, 284, 61, 437, 523, 11, 411, 259, 193, 45, 366, 262, 454, 502, 531, 1, 297, 206, 466, 185, 27, 169, 494, 495, 499, 152]
2026-10-03 16:37:19,621 [RSIAT_adapter.py] => SSCA feature mode: paired_eval
2026-10-03 16:37:23,038 [toolkit.py] => All params: 87211520
2026-10-03 16:37:23,038 [toolkit.py] => Trainable params: 1412864
2026-10-03 16:37:24,973 [RSIAT_adapter.py] => QKSR diagnostics task=6 epoch=1 gamma=0.025581988 gradients_epoch={} kernel_epoch={'batches': 12, 'empty_batches': 0, 'pairs': 64560, 'min': 0.0006941381725482643, 'mean': 0.22908516889781186, 'std': 0.23019137881541807, 'max': 0.9988632202148438, 'histogram_10_bins_0_1': [25965, 11617, 7797, 5878, 4030, 3096, 2431, 1745, 1301, 700], 'self_diagonal_excluded': True} inc_weight=0.083333333
2026-10-03 16:37:26,853 [RSIAT_adapter.py] => QKSR diagnostics task=6 epoch=2 gamma=0.025581988 gradients_epoch={} kernel_epoch={'batches': 12, 'empty_batches': 0, 'pairs': 64560, 'min': 0.0006223205127753317, 'mean': 0.22572751018254347, 'std': 0.22610526103312367, 'max': 0.9987534284591675, 'histogram_10_bins_0_1': [25981, 11887, 7969, 5892, 3908, 2998, 2316, 1794, 1257, 558], 'self_diagonal_excluded': True} inc_weight=0.16666667
2026-10-03 16:37:28,736 [RSIAT_adapter.py] => QKSR diagnostics task=6 epoch=3 gamma=0.025581988 gradients_epoch={} kernel_epoch={'batches': 12, 'empty_batches': 0, 'pairs': 64560, 'min': 0.0006016349652782083, 'mean': 0.2272876696565139, 'std': 0.22756910171730269, 'max': 0.9989327192306519, 'histogram_10_bins_0_1': [25833, 11714, 7852, 6146, 4054, 3053, 2358, 1667, 1170, 713], 'self_diagonal_excluded': True} inc_weight=0.25
2026-10-03 16:37:30,625 [RSIAT_adapter.py] => QKSR diagnostics task=6 epoch=4 gamma=0.025581988 gradients_epoch={} kernel_epoch={'batches': 12, 'empty_batches': 0, 'pairs': 64560, 'min': 0.0006648034905083477, 'mean': 0.2251539423973418, 'std': 0.22494692062761357, 'max': 0.9995908737182617, 'histogram_10_bins_0_1': [26003, 11896, 7791, 5964, 4139, 2997, 2358, 1634, 1178, 600], 'self_diagonal_excluded': True} inc_weight=0.25
2026-10-03 16:37:32,503 [RSIAT_adapter.py] => QKSR diagnostics task=6 epoch=5 gamma=0.025581988 gradients_epoch={} kernel_epoch={'batches': 12, 'empty_batches': 0, 'pairs': 64560, 'min': 0.0006610761629417539, 'mean': 0.22499599994734812, 'std': 0.22597898395313154, 'max': 0.9965873956680298, 'histogram_10_bins_0_1': [26088, 11682, 7822, 6267, 4032, 2870, 2229, 1696, 1227, 647], 'self_diagonal_excluded': True} inc_weight=0.25
2026-10-03 16:37:34,380 [RSIAT_adapter.py] => QKSR diagnostics task=6 epoch=6 gamma=0.025581988 gradients_epoch={} kernel_epoch={'batches': 12, 'empty_batches': 0, 'pairs': 64560, 'min': 0.0006148444954305887, 'mean': 0.22253565145229376, 'std': 0.22116797891416895, 'max': 0.9983206987380981, 'histogram_10_bins_0_1': [26055, 11792, 7938, 6272, 4028, 3127, 2209, 1535, 1044, 560], 'self_diagonal_excluded': True} inc_weight=0.25
2026-10-03 16:37:36,275 [RSIAT_adapter.py] => QKSR diagnostics task=6 epoch=7 gamma=0.025581988 gradients_epoch={} kernel_epoch={'batches': 12, 'empty_batches': 0, 'pairs': 64560, 'min': 0.0006907897186465561, 'mean': 0.22070977559505292, 'std': 0.2218944985011788, 'max': 0.9970101118087769, 'histogram_10_bins_0_1': [26084, 12468, 7879, 5920, 3766, 2882, 2214, 1664, 1132, 551], 'self_diagonal_excluded': True} inc_weight=0.25
2026-10-03 16:37:38,160 [RSIAT_adapter.py] => QKSR diagnostics task=6 epoch=8 gamma=0.025581988 gradients_epoch={} kernel_epoch={'batches': 12, 'empty_batches': 0, 'pairs': 64560, 'min': 0.0005706457886844873, 'mean': 0.22069248703031774, 'std': 0.22026487430650446, 'max': 0.9974543452262878, 'histogram_10_bins_0_1': [26011, 12151, 7861, 6230, 4030, 3030, 2165, 1445, 1061, 576], 'self_diagonal_excluded': True} inc_weight=0.25
2026-10-03 16:37:40,056 [RSIAT_adapter.py] => QKSR diagnostics task=6 epoch=9 gamma=0.025581988 gradients_epoch={} kernel_epoch={'batches': 12, 'empty_batches': 0, 'pairs': 64560, 'min': 0.0005754640442319214, 'mean': 0.2202026482201303, 'std': 0.21987776229844086, 'max': 0.9979032874107361, 'histogram_10_bins_0_1': [26157, 12054, 8081, 6126, 3909, 2898, 2124, 1579, 1121, 511], 'self_diagonal_excluded': True} inc_weight=0.25
2026-10-03 16:37:41,975 [RSIAT_adapter.py] => QKSR diagnostics task=6 epoch=10 gamma=0.025581988 gradients_epoch={} kernel_epoch={'batches': 12, 'empty_batches': 0, 'pairs': 64560, 'min': 0.0005612581735476851, 'mean': 0.22147249326361182, 'std': 0.22135372806645995, 'max': 0.9984702467918396, 'histogram_10_bins_0_1': [26047, 12074, 7870, 6292, 3938, 2892, 2225, 1576, 1078, 568], 'self_diagonal_excluded': True} inc_weight=0.25
2026-10-03 16:37:43,866 [RSIAT_adapter.py] => QKSR diagnostics task=6 epoch=11 gamma=0.025581988 gradients_epoch={} kernel_epoch={'batches': 12, 'empty_batches': 0, 'pairs': 64560, 'min': 0.0007105774711817503, 'mean': 0.2217711834822365, 'std': 0.2198829515803755, 'max': 0.9982312321662903, 'histogram_10_bins_0_1': [25878, 12077, 8075, 6162, 4113, 2927, 2122, 1645, 1057, 504], 'self_diagonal_excluded': True} inc_weight=0.25
2026-10-03 16:37:45,750 [RSIAT_adapter.py] => QKSR diagnostics task=6 epoch=12 gamma=0.025581988 gradients_epoch={} kernel_epoch={'batches': 12, 'empty_batches': 0, 'pairs': 64560, 'min': 0.0005657114088535309, 'mean': 0.22111624195108895, 'std': 0.2194466971841743, 'max': 0.9977718591690063, 'histogram_10_bins_0_1': [25813, 12225, 8107, 6343, 3932, 2881, 2099, 1442, 1173, 545], 'self_diagonal_excluded': True} inc_weight=0.25
2026-10-03 16:37:47,644 [RSIAT_adapter.py] => QKSR diagnostics task=6 epoch=13 gamma=0.025581988 gradients_epoch={} kernel_epoch={'batches': 12, 'empty_batches': 0, 'pairs': 64560, 'min': 0.0004922104417346418, 'mean': 0.22157758984848835, 'std': 0.22259495171317514, 'max': 0.9981355667114258, 'histogram_10_bins_0_1': [26318, 11853, 7983, 6080, 3899, 2859, 2171, 1731, 1095, 571], 'self_diagonal_excluded': True} inc_weight=0.25
2026-10-03 16:37:49,537 [RSIAT_adapter.py] => QKSR diagnostics task=6 epoch=14 gamma=0.025581988 gradients_epoch={} kernel_epoch={'batches': 12, 'empty_batches': 0, 'pairs': 64560, 'min': 0.00048365507973358035, 'mean': 0.22268472108551957, 'std': 0.22283857528398832, 'max': 0.998940110206604, 'histogram_10_bins_0_1': [25944, 12101, 8006, 6133, 3902, 2836, 2277, 1644, 1154, 563], 'self_diagonal_excluded': True} inc_weight=0.25
2026-10-03 16:37:54,070 [RSIAT_adapter.py] => QKSR diagnostics task=6 epoch=15 gamma=0.025581988 gradients_epoch={} kernel_epoch={'batches': 12, 'empty_batches': 0, 'pairs': 64560, 'min': 0.0006770387990400195, 'mean': 0.22286407678164769, 'std': 0.22328106708541495, 'max': 0.9951575994491577, 'histogram_10_bins_0_1': [26154, 11933, 7821, 6119, 3984, 3002, 2153, 1640, 1200, 554], 'self_diagonal_excluded': True} inc_weight=0.25
2026-10-03 16:37:54,071 [RSIAT_adapter.py] => Task 6, Epoch 15/15 => Loss 3.295, Loss_c 3.099, Losses_rt 0.196, Train_accy 79.37, Test_accy 69.36, Time 1.90s
2026-10-03 16:37:54,071 [RSIAT_adapter.py] => Task 6 peak GPU memory: 4873.39 MiB
2026-10-03 16:37:57,826 [RSIAT_adapter.py] => Statistics transport task=6: {'accepted': True, 'reason': 'guarded_ridge', 'pairs': 538, 'validation_map_mse': 0.024541494577883318, 'validation_identity_mse': 0.0330122002635797, 'rank': 32, 'validation_gain': 0.2565931873084383, 'trust_min': 0.13606859932494123, 'trust_mean': 0.17845507217258832, 'trust_max': 0.20506026601889263, 'supported_classes': 120}
2026-10-03 16:38:09,972 [base.py] => Stage metrics task=6 stage=pre_ca split=test accuracy={'total': 69.36, '00-09': 53.75, '10-19': 70.87, '20-29': 67.35, '30-39': 69.0, '40-49': 70.0, '50-59': 82.54, '60-69': 75.44, '70-79': 65.59, '80-89': 74.36, '90-99': 74.6, '100-109': 62.12, '110-119': 72.97, '120-129': 49.21, '130-139': 79.76, 'old': 69.76, 'new': 66.67}
2026-10-03 16:38:10,312 [base.py] => CA Task 6 => Loss 0.109, Test_accy skipped
2026-10-03 16:38:10,643 [base.py] => CA Task 6 => Loss 0.085, Test_accy skipped
2026-10-03 16:38:10,974 [base.py] => CA Task 6 => Loss 0.083, Test_accy skipped
2026-10-03 16:38:11,304 [base.py] => CA Task 6 => Loss 0.076, Test_accy skipped
2026-10-03 16:38:11,634 [base.py] => CA Task 6 => Loss 0.075, Test_accy skipped
2026-10-03 16:38:11,965 [base.py] => CA Task 6 => Loss 0.074, Test_accy skipped
2026-10-03 16:38:12,295 [base.py] => CA Task 6 => Loss 0.071, Test_accy skipped
2026-10-03 16:38:12,626 [base.py] => CA Task 6 => Loss 0.070, Test_accy skipped
2026-10-03 16:38:12,956 [base.py] => CA Task 6 => Loss 0.071, Test_accy skipped
2026-10-03 16:38:15,763 [base.py] => CA Task 6 => Loss 0.071, Test_accy 70.670
2026-10-03 16:38:21,684 [base.py] => Stage metrics task=6 stage=post_ca split=test accuracy={'total': 70.67, '00-09': 53.75, '10-19': 73.79, '20-29': 71.43, '30-39': 69.0, '40-49': 70.0, '50-59': 82.54, '60-69': 74.56, '70-79': 66.67, '80-89': 74.36, '90-99': 76.19, '100-109': 66.67, '110-119': 71.62, '120-129': 55.56, '130-139': 80.95, 'old': 70.76, 'new': 70.07}
2026-10-03 16:38:21,684 [RSIAT_adapter.py] => CA accuracy delta task=6 total=1.3100 old=1.0000 new=3.4000
2026-10-03 16:38:21,684 [trainer.py] => Evaluation split: test
2026-10-03 16:38:24,105 [trainer.py] => CNN: {'total': 70.67, '00-09': 53.75, '10-19': 73.79, '20-29': 71.43, '30-39': 69.0, '40-49': 70.0, '50-59': 82.54, '60-69': 74.56, '70-79': 66.67, '80-89': 74.36, '90-99': 76.19, '100-109': 66.67, '110-119': 71.62, '120-129': 55.56, '130-139': 80.95, 'old': 70.76, 'new': 70.07}
2026-10-03 16:38:24,106 [trainer.py] => Continual metrics after task 6: BWT=-8.7033, forgetting=8.7033, task_acc=[65.03, 70.2, 75.94, 71.01, 75.18, 69.29, 70.07]
2026-10-03 16:38:24,358 [base.py] => Saved checkpoint: /kaggle/working/qksr_ablation_runs/ckpt/imageneta_G7_retention_rbf_full/imageneta/20_20/seed_1993/task_6.pkl
2026-10-03 16:38:24,358 [trainer.py] => CNN top1 curve: [86.89, 82.68, 79.57, 75.59, 74.01, 71.76, 70.67]
2026-10-03 16:38:24,358 [trainer.py] => CNN top5 curve: [98.36, 96.59, 94.36, 93.34, 91.76, 91.62, 89.9]
2026-10-03 16:38:24,358 [trainer.py] => Average Accuracy (CNN): 77.31000000000002
2026-10-03 16:38:24,359 [trainer.py] => All params: 87095808
2026-10-03 16:38:24,359 [trainer.py] => Trainable params: 1297152
2026-10-03 16:38:24,361 [RSIAT_adapter.py] => Learning on 140-160
2026-10-03 16:38:24,454 [RSIAT_adapter.py] => QKSR calibration task=7 samples=512 indices=[373, 36, 173, 403, 232, 424, 145, 250, 433, 291, 374, 51, 96, 441, 170, 350, 518, 245, 64, 274, 110, 300, 13, 33, 225, 382, 404, 72, 140, 136, 510, 49, 299, 516, 42, 386, 309, 312, 336, 77, 62, 132, 23, 313, 361, 421, 172, 341, 55, 68, 18, 473, 1, 496, 37, 470, 506, 199, 46, 440, 388, 192, 365, 198, 396, 53, 271, 129, 507, 422, 343, 131, 19, 497, 236, 295, 74, 202, 196, 168, 391, 282, 124, 457, 118, 346, 407, 323, 296, 137, 182, 101, 178, 408, 489, 514, 289, 277, 423, 5, 503, 327, 149, 108, 39, 425, 512, 325, 93, 40, 179, 91, 399, 256, 3, 495, 272, 337, 6, 258, 103, 417, 267, 458, 345, 259, 17, 82, 252, 517, 474, 449, 139, 41, 307, 435, 142, 338, 171, 203, 454, 150, 219, 224, 147, 207, 210, 362, 353, 445, 186, 349, 254, 99, 189, 238, 249, 477, 509, 468, 426, 246, 226, 52, 502, 181, 123, 281, 348, 127, 469, 69, 248, 146, 151, 229, 24, 107, 306, 169, 11, 223, 175, 2, 364, 513, 104, 141, 461, 155, 344, 208, 50, 230, 165, 284, 95, 376, 73, 22, 206, 480, 133, 409, 138, 71, 193, 400, 286, 65, 239, 14, 134, 290, 324, 106, 204, 32, 183, 4, 185, 213, 420, 242, 355, 438, 442, 490, 195, 452, 436, 444, 453, 78, 493, 116, 221, 125, 505, 448, 462, 166, 197, 357, 128, 460, 491, 148, 121, 322, 270, 180, 9, 89, 94, 115, 316, 154, 485, 383, 342, 105, 234, 120, 70, 298, 97, 317, 401, 439, 209, 367, 334, 100, 429, 285, 294, 54, 67, 114, 413, 79, 351, 251, 167, 451, 273, 111, 465, 112, 184, 287, 88, 301, 406, 57, 366, 276, 486, 347, 360, 268, 157, 30, 20, 478, 191, 397, 162, 31, 235, 380, 314, 488, 237, 483, 48, 387, 262, 390, 332, 188, 352, 98, 278, 12, 153, 7, 412, 205, 431, 76, 297, 26, 394, 492, 43, 161, 80, 498, 81, 363, 471, 402, 194, 122, 66, 499, 411, 378, 305, 200, 164, 328, 456, 375, 159, 255, 176, 308, 331, 10, 304, 466, 467, 126, 214, 280, 58, 218, 143, 303, 428, 310, 86, 241, 292, 190, 369, 265, 61, 392, 393, 379, 315, 410, 0, 227, 450, 427, 75, 418, 275, 177, 370, 261, 487, 432, 459, 320, 90, 152, 56, 220, 38, 319, 135, 419, 329, 28, 354, 333, 257, 318, 311, 389, 371, 335, 283, 59, 92, 479, 385, 269, 288, 102, 27, 481, 475, 87, 84, 340, 443, 447, 464, 358, 504, 279, 293, 34, 85, 463, 233, 119, 434, 482, 395, 356, 511, 231, 109, 501, 44, 476, 253, 228, 215, 377, 83, 381, 216, 500, 212, 339, 302, 405, 217, 60, 472, 494, 266, 117, 368, 326, 247, 35, 45, 484, 163, 174, 144, 21, 398, 260, 264, 515, 384, 222, 416, 16, 25, 243, 8, 330, 437, 29, 63, 201, 47, 187, 244, 240, 359, 263, 113, 321, 455, 430, 130, 446, 158, 508]
2026-10-03 16:38:24,456 [RSIAT_adapter.py] => SSCA feature mode: paired_eval
2026-10-03 16:38:28,287 [toolkit.py] => All params: 87226880
2026-10-03 16:38:28,287 [toolkit.py] => Trainable params: 1428224
2026-10-03 16:38:30,195 [RSIAT_adapter.py] => QKSR diagnostics task=7 epoch=1 gamma=0.025581988 gradients_epoch={} kernel_epoch={'batches': 11, 'empty_batches': 0, 'pairs': 72660, 'min': 0.0006608082912862301, 'mean': 0.22671634159029894, 'std': 0.22098186518702193, 'max': 0.9987791180610657, 'histogram_10_bins_0_1': [28468, 13163, 9533, 7300, 4697, 3278, 2552, 1779, 1286, 604], 'self_diagonal_excluded': True} inc_weight=0.083333333
2026-10-03 16:38:32,023 [RSIAT_adapter.py] => QKSR diagnostics task=7 epoch=2 gamma=0.025581988 gradients_epoch={} kernel_epoch={'batches': 11, 'empty_batches': 0, 'pairs': 72660, 'min': 0.0007072630687616765, 'mean': 0.22709422487571973, 'std': 0.21987142979689236, 'max': 0.9924157857894897, 'histogram_10_bins_0_1': [28175, 13241, 9711, 7359, 4741, 3365, 2394, 1833, 1239, 602], 'self_diagonal_excluded': True} inc_weight=0.16666667
2026-10-03 16:38:33,810 [RSIAT_adapter.py] => QKSR diagnostics task=7 epoch=3 gamma=0.025581988 gradients_epoch={} kernel_epoch={'batches': 11, 'empty_batches': 0, 'pairs': 72660, 'min': 0.0007451690034940839, 'mean': 0.2269203498148968, 'std': 0.2226592237117319, 'max': 0.995413064956665, 'histogram_10_bins_0_1': [28755, 12781, 9596, 7277, 4615, 3341, 2488, 1867, 1288, 652], 'self_diagonal_excluded': True} inc_weight=0.25
2026-10-03 16:38:35,609 [RSIAT_adapter.py] => QKSR diagnostics task=7 epoch=4 gamma=0.025581988 gradients_epoch={} kernel_epoch={'batches': 11, 'empty_batches': 0, 'pairs': 72660, 'min': 0.0007305307080969214, 'mean': 0.2202594916905145, 'std': 0.21836804328620843, 'max': 0.9987649321556091, 'histogram_10_bins_0_1': [28879, 13486, 9731, 7406, 4285, 3172, 2215, 1646, 1055, 785], 'self_diagonal_excluded': True} inc_weight=0.25
2026-10-03 16:38:37,406 [RSIAT_adapter.py] => QKSR diagnostics task=7 epoch=5 gamma=0.025581988 gradients_epoch={} kernel_epoch={'batches': 11, 'empty_batches': 0, 'pairs': 72660, 'min': 0.0007444735965691507, 'mean': 0.22137322768141623, 'std': 0.2158397131866639, 'max': 0.9980874061584473, 'histogram_10_bins_0_1': [28490, 13431, 9782, 7649, 4541, 3138, 2350, 1576, 1069, 634], 'self_diagonal_excluded': True} inc_weight=0.25
2026-10-03 16:38:39,205 [RSIAT_adapter.py] => QKSR diagnostics task=7 epoch=6 gamma=0.025581988 gradients_epoch={} kernel_epoch={'batches': 11, 'empty_batches': 0, 'pairs': 72660, 'min': 0.0007265142630785704, 'mean': 0.21855369506902422, 'std': 0.21576361259371918, 'max': 0.9986392855644226, 'histogram_10_bins_0_1': [29071, 13318, 9659, 7568, 4484, 3061, 2196, 1565, 1073, 665], 'self_diagonal_excluded': True} inc_weight=0.25
2026-10-03 16:38:40,990 [RSIAT_adapter.py] => QKSR diagnostics task=7 epoch=7 gamma=0.025581988 gradients_epoch={} kernel_epoch={'batches': 11, 'empty_batches': 0, 'pairs': 72660, 'min': 0.0007479271735064685, 'mean': 0.22018846695421054, 'std': 0.21347912320380985, 'max': 0.9975334405899048, 'histogram_10_bins_0_1': [28454, 13699, 9847, 7452, 4701, 3024, 2270, 1577, 1087, 549], 'self_diagonal_excluded': True} inc_weight=0.25
2026-10-03 16:38:42,769 [RSIAT_adapter.py] => QKSR diagnostics task=7 epoch=8 gamma=0.025581988 gradients_epoch={} kernel_epoch={'batches': 11, 'empty_batches': 0, 'pairs': 72660, 'min': 0.0007453133002854884, 'mean': 0.21967154383527215, 'std': 0.21650897774302236, 'max': 0.9965954422950745, 'histogram_10_bins_0_1': [28968, 13385, 9616, 7506, 4535, 3076, 2189, 1582, 1146, 657], 'self_diagonal_excluded': True} inc_weight=0.25
2026-10-03 16:38:44,556 [RSIAT_adapter.py] => QKSR diagnostics task=7 epoch=9 gamma=0.025581988 gradients_epoch={} kernel_epoch={'batches': 11, 'empty_batches': 0, 'pairs': 72660, 'min': 0.000755840796045959, 'mean': 0.22007419060583303, 'std': 0.2142992253371123, 'max': 0.9958793520927429, 'histogram_10_bins_0_1': [28660, 13393, 9870, 7607, 4576, 3037, 2321, 1478, 1130, 588], 'self_diagonal_excluded': True} inc_weight=0.25
2026-10-03 16:38:46,341 [RSIAT_adapter.py] => QKSR diagnostics task=7 epoch=10 gamma=0.025581988 gradients_epoch={} kernel_epoch={'batches': 11, 'empty_batches': 0, 'pairs': 72660, 'min': 0.0008274789433926344, 'mean': 0.21679864650882733, 'std': 0.2120369129355145, 'max': 0.9958721995353699, 'histogram_10_bins_0_1': [28937, 13704, 9802, 7411, 4441, 3128, 2213, 1443, 972, 609], 'self_diagonal_excluded': True} inc_weight=0.25
2026-10-03 16:38:48,119 [RSIAT_adapter.py] => QKSR diagnostics task=7 epoch=11 gamma=0.025581988 gradients_epoch={} kernel_epoch={'batches': 11, 'empty_batches': 0, 'pairs': 72660, 'min': 0.0007662667776457965, 'mean': 0.21879433872821125, 'std': 0.21577535849075838, 'max': 0.9984126687049866, 'histogram_10_bins_0_1': [29225, 13075, 9655, 7473, 4647, 3104, 2205, 1558, 1097, 621], 'self_diagonal_excluded': True} inc_weight=0.25
2026-10-03 16:38:49,896 [RSIAT_adapter.py] => QKSR diagnostics task=7 epoch=12 gamma=0.025581988 gradients_epoch={} kernel_epoch={'batches': 11, 'empty_batches': 0, 'pairs': 72660, 'min': 0.0007405994110740721, 'mean': 0.22061485162247577, 'std': 0.21646423514404126, 'max': 0.9970148801803589, 'histogram_10_bins_0_1': [28680, 13699, 9570, 7338, 4444, 3290, 2339, 1558, 1070, 672], 'self_diagonal_excluded': True} inc_weight=0.25
2026-10-03 16:38:51,683 [RSIAT_adapter.py] => QKSR diagnostics task=7 epoch=13 gamma=0.025581988 gradients_epoch={} kernel_epoch={'batches': 11, 'empty_batches': 0, 'pairs': 72660, 'min': 0.0006946779321879148, 'mean': 0.22097491275200873, 'std': 0.2162511975899764, 'max': 0.9974343180656433, 'histogram_10_bins_0_1': [28528, 13567, 10051, 7340, 4322, 3108, 2373, 1634, 1113, 624], 'self_diagonal_excluded': True} inc_weight=0.25
2026-10-03 16:38:53,462 [RSIAT_adapter.py] => QKSR diagnostics task=7 epoch=14 gamma=0.025581988 gradients_epoch={} kernel_epoch={'batches': 11, 'empty_batches': 0, 'pairs': 72660, 'min': 0.0007315276307053864, 'mean': 0.2218887989966182, 'std': 0.21853970259234495, 'max': 0.9974914193153381, 'histogram_10_bins_0_1': [29058, 12805, 9817, 7423, 4583, 3287, 2259, 1582, 1146, 700], 'self_diagonal_excluded': True} inc_weight=0.25
2026-10-03 16:38:58,183 [RSIAT_adapter.py] => QKSR diagnostics task=7 epoch=15 gamma=0.025581988 gradients_epoch={} kernel_epoch={'batches': 11, 'empty_batches': 0, 'pairs': 72660, 'min': 0.0007341887685470283, 'mean': 0.21961185382067627, 'std': 0.2166113270925194, 'max': 0.9980716705322266, 'histogram_10_bins_0_1': [28992, 13394, 9719, 7485, 4281, 3115, 2312, 1559, 1132, 671], 'self_diagonal_excluded': True} inc_weight=0.25
2026-10-03 16:38:58,184 [RSIAT_adapter.py] => Task 7, Epoch 15/15 => Loss 3.329, Loss_c 3.161, Losses_rt 0.169, Train_accy 79.96, Test_accy 67.47, Time 1.79s
2026-10-03 16:38:58,184 [RSIAT_adapter.py] => Task 7 peak GPU memory: 4879.45 MiB
2026-10-03 16:39:01,612 [RSIAT_adapter.py] => Statistics transport task=7: {'accepted': True, 'reason': 'guarded_ridge', 'pairs': 519, 'validation_map_mse': 0.015846813211587617, 'validation_identity_mse': 0.02319381766093689, 'rank': 32, 'validation_gain': 0.31676563801409563, 'trust_min': 0.17553236205116804, 'trust_mean': 0.22394508495561707, 'trust_max': 0.2577165236772012, 'supported_classes': 140}
2026-10-03 16:39:14,387 [base.py] => Stage metrics task=7 stage=pre_ca split=test accuracy={'total': 67.47, '00-09': 48.75, '10-19': 68.93, '20-29': 66.33, '30-39': 68.0, '40-49': 71.43, '50-59': 80.95, '60-69': 71.93, '70-79': 62.37, '80-89': 73.08, '90-99': 68.25, '100-109': 62.12, '110-119': 70.27, '120-129': 50.79, '130-139': 76.19, '140-149': 72.62, '150-159': 63.64, 'old': 67.28, 'new': 69.06}
2026-10-03 16:39:14,798 [base.py] => CA Task 7 => Loss 0.100, Test_accy skipped
2026-10-03 16:39:15,199 [base.py] => CA Task 7 => Loss 0.089, Test_accy skipped
2026-10-03 16:39:15,598 [base.py] => CA Task 7 => Loss 0.083, Test_accy skipped
2026-10-03 16:39:15,998 [base.py] => CA Task 7 => Loss 0.080, Test_accy skipped
2026-10-03 16:39:16,397 [base.py] => CA Task 7 => Loss 0.079, Test_accy skipped
2026-10-03 16:39:16,797 [base.py] => CA Task 7 => Loss 0.075, Test_accy skipped
2026-10-03 16:39:17,196 [base.py] => CA Task 7 => Loss 0.073, Test_accy skipped
2026-10-03 16:39:17,596 [base.py] => CA Task 7 => Loss 0.075, Test_accy skipped
2026-10-03 16:39:17,995 [base.py] => CA Task 7 => Loss 0.073, Test_accy skipped
2026-10-03 16:39:21,134 [base.py] => CA Task 7 => Loss 0.074, Test_accy 68.090
2026-10-03 16:39:27,771 [base.py] => Stage metrics task=7 stage=post_ca split=test accuracy={'total': 68.09, '00-09': 51.25, '10-19': 70.87, '20-29': 66.33, '30-39': 68.0, '40-49': 71.43, '50-59': 79.37, '60-69': 72.81, '70-79': 62.37, '80-89': 74.36, '90-99': 71.43, '100-109': 65.15, '110-119': 70.27, '120-129': 53.97, '130-139': 75.0, '140-149': 75.0, '150-159': 56.36, 'old': 68.15, 'new': 67.63}
2026-10-03 16:39:27,772 [RSIAT_adapter.py] => CA accuracy delta task=7 total=0.6200 old=0.8700 new=-1.4300
2026-10-03 16:39:27,772 [trainer.py] => Evaluation split: test
2026-10-03 16:39:30,495 [trainer.py] => CNN: {'total': 68.09, '00-09': 51.25, '10-19': 70.87, '20-29': 66.33, '30-39': 68.0, '40-49': 71.43, '50-59': 79.37, '60-69': 72.81, '70-79': 62.37, '80-89': 74.36, '90-99': 71.43, '100-109': 65.15, '110-119': 70.27, '120-129': 53.97, '130-139': 75.0, '140-149': 75.0, '150-159': 56.36, 'old': 68.15, 'new': 67.63}
2026-10-03 16:39:30,495 [trainer.py] => Continual metrics after task 7: BWT=-9.8943, forgetting=9.8943, task_acc=[62.3, 67.17, 75.19, 68.12, 73.05, 67.86, 65.99, 67.63]
2026-10-03 16:39:30,758 [base.py] => Saved checkpoint: /kaggle/working/qksr_ablation_runs/ckpt/imageneta_G7_retention_rbf_full/imageneta/20_20/seed_1993/task_7.pkl
2026-10-03 16:39:30,765 [trainer.py] => CNN top1 curve: [86.89, 82.68, 79.57, 75.59, 74.01, 71.76, 70.67, 68.09]
2026-10-03 16:39:30,766 [trainer.py] => CNN top5 curve: [98.36, 96.59, 94.36, 93.34, 91.76, 91.62, 89.9, 88.35]
2026-10-03 16:39:30,766 [trainer.py] => Average Accuracy (CNN): 76.1575
2026-10-03 16:39:30,766 [trainer.py] => All params: 87111168
2026-10-03 16:39:30,766 [trainer.py] => Trainable params: 1312512
2026-10-03 16:39:30,768 [RSIAT_adapter.py] => Learning on 160-180
2026-10-03 16:39:30,883 [RSIAT_adapter.py] => QKSR calibration task=8 samples=512 indices=[492, 353, 420, 410, 224, 55, 186, 141, 349, 2, 254, 461, 554, 448, 325, 51, 455, 170, 188, 396, 290, 92, 238, 179, 458, 155, 32, 60, 264, 86, 143, 106, 313, 404, 393, 35, 309, 505, 265, 88, 481, 280, 374, 403, 217, 352, 122, 229, 52, 512, 470, 68, 1, 218, 77, 336, 235, 296, 299, 418, 258, 547, 250, 13, 372, 535, 3, 210, 346, 247, 316, 157, 269, 16, 497, 432, 332, 6, 358, 479, 206, 12, 429, 153, 486, 41, 342, 437, 128, 145, 390, 125, 276, 311, 30, 387, 333, 329, 49, 541, 227, 171, 521, 529, 417, 109, 477, 557, 257, 241, 268, 482, 31, 205, 111, 178, 295, 439, 286, 369, 42, 539, 191, 136, 83, 45, 499, 266, 430, 319, 102, 79, 95, 14, 24, 231, 133, 237, 121, 132, 154, 18, 147, 249, 46, 447, 545, 398, 488, 367, 335, 303, 98, 244, 58, 137, 496, 465, 364, 23, 177, 423, 395, 185, 38, 537, 228, 75, 347, 431, 138, 87, 151, 131, 543, 190, 173, 485, 43, 234, 362, 553, 36, 100, 413, 271, 284, 270, 124, 123, 459, 343, 555, 84, 328, 338, 104, 445, 324, 468, 182, 160, 278, 255, 162, 96, 116, 180, 548, 464, 451, 392, 8, 422, 108, 440, 90, 503, 252, 471, 528, 120, 135, 175, 285, 386, 318, 172, 40, 242, 144, 498, 7, 76, 53, 534, 63, 192, 389, 298, 9, 466, 216, 320, 297, 523, 533, 380, 20, 78, 164, 302, 308, 207, 524, 469, 277, 61, 307, 310, 562, 551, 117, 115, 399, 167, 112, 323, 427, 226, 550, 5, 44, 134, 107, 363, 208, 287, 337, 382, 139, 165, 187, 518, 510, 161, 272, 330, 444, 47, 105, 385, 516, 82, 559, 530, 452, 354, 348, 273, 345, 517, 101, 260, 542, 176, 436, 15, 37, 322, 467, 150, 11, 456, 225, 193, 331, 522, 476, 419, 288, 460, 256, 472, 391, 251, 230, 289, 85, 279, 219, 441, 370, 214, 378, 433, 300, 48, 462, 425, 327, 211, 57, 371, 233, 493, 39, 174, 426, 239, 74, 527, 274, 435, 532, 314, 480, 72, 519, 215, 97, 449, 360, 514, 301, 489, 351, 415, 194, 317, 59, 4, 34, 129, 428, 169, 198, 558, 127, 196, 368, 564, 94, 421, 315, 64, 544, 438, 221, 373, 475, 245, 546, 463, 240, 246, 400, 195, 500, 501, 526, 513, 502, 411, 17, 383, 158, 166, 406, 305, 110, 306, 81, 50, 25, 213, 361, 483, 243, 397, 381, 446, 355, 212, 62, 339, 282, 450, 405, 357, 65, 401, 509, 19, 484, 294, 261, 91, 490, 376, 359, 538, 549, 66, 159, 531, 507, 292, 184, 409, 259, 504, 253, 494, 263, 379, 209, 204, 140, 262, 556, 384, 93, 152, 163, 377, 89, 21, 356, 149, 334, 156, 473, 29, 146, 552, 402, 511, 168, 350, 560, 28, 202, 408, 365, 80, 126, 232, 293, 520, 275, 291, 304, 454, 70, 281, 495, 267, 99, 416, 515, 283, 222, 340, 388, 26, 442, 148, 189, 375, 73, 119]
2026-10-03 16:39:30,884 [RSIAT_adapter.py] => SSCA feature mode: paired_eval
2026-10-03 16:39:34,954 [toolkit.py] => All params: 87242240
2026-10-03 16:39:34,954 [toolkit.py] => Trainable params: 1443584
2026-10-03 16:39:36,979 [RSIAT_adapter.py] => QKSR diagnostics task=8 epoch=1 gamma=0.025581988 gradients_epoch={} kernel_epoch={'batches': 12, 'empty_batches': 0, 'pairs': 90400, 'min': 0.0007999122026376426, 'mean': 0.23029756847719637, 'std': 0.2213499565180005, 'max': 0.9953699707984924, 'histogram_10_bins_0_1': [34776, 16349, 11850, 9243, 6019, 4330, 3228, 2311, 1544, 750], 'self_diagonal_excluded': True} inc_weight=0.083333333
2026-10-03 16:39:38,930 [RSIAT_adapter.py] => QKSR diagnostics task=8 epoch=2 gamma=0.025581988 gradients_epoch={} kernel_epoch={'batches': 12, 'empty_batches': 0, 'pairs': 90400, 'min': 0.0007107140845619142, 'mean': 0.2246764148356003, 'std': 0.2192857239754831, 'max': 0.9973648190498352, 'histogram_10_bins_0_1': [35294, 17285, 11728, 8710, 5722, 4093, 3115, 2189, 1525, 739], 'self_diagonal_excluded': True} inc_weight=0.16666667
2026-10-03 16:39:40,886 [RSIAT_adapter.py] => QKSR diagnostics task=8 epoch=3 gamma=0.025581988 gradients_epoch={} kernel_epoch={'batches': 12, 'empty_batches': 0, 'pairs': 90400, 'min': 0.0006431674701161683, 'mean': 0.22456174813075555, 'std': 0.2197907665855387, 'max': 0.9991946220397949, 'histogram_10_bins_0_1': [35503, 16721, 11851, 9024, 5675, 4097, 3126, 2094, 1460, 849], 'self_diagonal_excluded': True} inc_weight=0.25
2026-10-03 16:39:42,842 [RSIAT_adapter.py] => QKSR diagnostics task=8 epoch=4 gamma=0.025581988 gradients_epoch={} kernel_epoch={'batches': 12, 'empty_batches': 0, 'pairs': 90400, 'min': 0.0006508526275865734, 'mean': 0.2231203961802185, 'std': 0.21829254873976647, 'max': 0.9995253682136536, 'histogram_10_bins_0_1': [35299, 17301, 11959, 8926, 5700, 3787, 2888, 2273, 1488, 779], 'self_diagonal_excluded': True} inc_weight=0.25
2026-10-03 16:39:44,795 [RSIAT_adapter.py] => QKSR diagnostics task=8 epoch=5 gamma=0.025581988 gradients_epoch={} kernel_epoch={'batches': 12, 'empty_batches': 0, 'pairs': 90400, 'min': 0.0006932215765118599, 'mean': 0.22463778991943914, 'std': 0.22104770504171972, 'max': 0.9969955086708069, 'histogram_10_bins_0_1': [35679, 16775, 11789, 8786, 5618, 4184, 3005, 2197, 1474, 893], 'self_diagonal_excluded': True} inc_weight=0.25
2026-10-03 16:39:46,764 [RSIAT_adapter.py] => QKSR diagnostics task=8 epoch=6 gamma=0.025581988 gradients_epoch={} kernel_epoch={'batches': 12, 'empty_batches': 0, 'pairs': 90400, 'min': 0.0007036213646642864, 'mean': 0.22310234022682066, 'std': 0.21634372832956195, 'max': 0.9982978105545044, 'histogram_10_bins_0_1': [35147, 17115, 12186, 9094, 5640, 3991, 2923, 2218, 1372, 714], 'self_diagonal_excluded': True} inc_weight=0.25
2026-10-03 16:39:48,722 [RSIAT_adapter.py] => QKSR diagnostics task=8 epoch=7 gamma=0.025581988 gradients_epoch={} kernel_epoch={'batches': 12, 'empty_batches': 0, 'pairs': 90400, 'min': 0.0007212218479253352, 'mean': 0.2228375093968311, 'std': 0.21786207659598464, 'max': 0.9981434941291809, 'histogram_10_bins_0_1': [35322, 17189, 11942, 9072, 5751, 3960, 2820, 2080, 1355, 909], 'self_diagonal_excluded': True} inc_weight=0.25
2026-10-03 16:39:50,688 [RSIAT_adapter.py] => QKSR diagnostics task=8 epoch=8 gamma=0.025581988 gradients_epoch={} kernel_epoch={'batches': 12, 'empty_batches': 0, 'pairs': 90400, 'min': 0.0006892498349770904, 'mean': 0.22298260512051754, 'std': 0.2195522324582508, 'max': 0.9994164109230042, 'histogram_10_bins_0_1': [35778, 16942, 11621, 8974, 5711, 3980, 2956, 2091, 1429, 918], 'self_diagonal_excluded': True} inc_weight=0.25
2026-10-03 16:39:52,636 [RSIAT_adapter.py] => QKSR diagnostics task=8 epoch=9 gamma=0.025581988 gradients_epoch={} kernel_epoch={'batches': 12, 'empty_batches': 0, 'pairs': 90400, 'min': 0.0006553367129527032, 'mean': 0.2212561015850205, 'std': 0.2148812933221909, 'max': 0.999483585357666, 'histogram_10_bins_0_1': [35047, 17699, 12072, 9004, 5641, 4015, 2865, 1949, 1347, 761], 'self_diagonal_excluded': True} inc_weight=0.25
2026-10-03 16:39:54,577 [RSIAT_adapter.py] => QKSR diagnostics task=8 epoch=10 gamma=0.025581988 gradients_epoch={} kernel_epoch={'batches': 12, 'empty_batches': 0, 'pairs': 90400, 'min': 0.0006513267289847136, 'mean': 0.2216944786802267, 'std': 0.2173297978463676, 'max': 0.9985570311546326, 'histogram_10_bins_0_1': [35448, 17289, 11985, 8922, 5655, 3945, 2867, 2071, 1362, 856], 'self_diagonal_excluded': True} inc_weight=0.25
2026-10-03 16:39:56,525 [RSIAT_adapter.py] => QKSR diagnostics task=8 epoch=11 gamma=0.025581988 gradients_epoch={} kernel_epoch={'batches': 12, 'empty_batches': 0, 'pairs': 90400, 'min': 0.0008169166976585984, 'mean': 0.22221310109527928, 'std': 0.21860039326422026, 'max': 0.9968172311782837, 'histogram_10_bins_0_1': [35717, 16935, 11819, 9063, 5656, 3876, 2881, 2185, 1412, 856], 'self_diagonal_excluded': True} inc_weight=0.25
2026-10-03 16:39:58,502 [RSIAT_adapter.py] => QKSR diagnostics task=8 epoch=12 gamma=0.025581988 gradients_epoch={} kernel_epoch={'batches': 12, 'empty_batches': 0, 'pairs': 90400, 'min': 0.000630053284112364, 'mean': 0.2234992887039112, 'std': 0.21524507961375108, 'max': 0.9997337460517883, 'histogram_10_bins_0_1': [35077, 17094, 11992, 9239, 5784, 4092, 2955, 2181, 1332, 654], 'self_diagonal_excluded': True} inc_weight=0.25
2026-10-03 16:40:00,452 [RSIAT_adapter.py] => QKSR diagnostics task=8 epoch=13 gamma=0.025581988 gradients_epoch={} kernel_epoch={'batches': 12, 'empty_batches': 0, 'pairs': 90400, 'min': 0.0007436958840116858, 'mean': 0.22285673797425679, 'std': 0.21511590381193946, 'max': 0.9980027079582214, 'histogram_10_bins_0_1': [34693, 17493, 12330, 9197, 5764, 3951, 2827, 1995, 1355, 795], 'self_diagonal_excluded': True} inc_weight=0.25
2026-10-03 16:40:02,406 [RSIAT_adapter.py] => QKSR diagnostics task=8 epoch=14 gamma=0.025581988 gradients_epoch={} kernel_epoch={'batches': 12, 'empty_batches': 0, 'pairs': 90400, 'min': 0.0006567426025867462, 'mean': 0.22359383414233985, 'std': 0.21781675813572438, 'max': 0.998058557510376, 'histogram_10_bins_0_1': [34978, 17635, 12030, 8807, 5582, 3917, 3108, 2130, 1427, 786], 'self_diagonal_excluded': True} inc_weight=0.25
2026-10-03 16:40:07,819 [RSIAT_adapter.py] => QKSR diagnostics task=8 epoch=15 gamma=0.025581988 gradients_epoch={} kernel_epoch={'batches': 12, 'empty_batches': 0, 'pairs': 90400, 'min': 0.0006704957340843976, 'mean': 0.22284530578520992, 'std': 0.21706727040005827, 'max': 0.9993419647216797, 'histogram_10_bins_0_1': [34871, 17727, 12085, 9030, 5657, 3897, 2807, 1971, 1429, 926], 'self_diagonal_excluded': True} inc_weight=0.25
2026-10-03 16:40:07,819 [RSIAT_adapter.py] => Task 8, Epoch 15/15 => Loss 3.748, Loss_c 3.551, Losses_rt 0.197, Train_accy 72.39, Test_accy 63.57, Time 1.96s
2026-10-03 16:40:07,819 [RSIAT_adapter.py] => Task 8 peak GPU memory: 4873.47 MiB
2026-10-03 16:40:11,879 [RSIAT_adapter.py] => Statistics transport task=8: {'accepted': True, 'reason': 'guarded_ridge', 'pairs': 565, 'validation_map_mse': 0.02698224224496471, 'validation_identity_mse': 0.038496628356397916, 'rank': 32, 'validation_gain': 0.29910115776462753, 'trust_min': 0.17745587955568587, 'trust_mean': 0.21061331020993768, 'trust_max': 0.2379746163014886, 'supported_classes': 160}
2026-10-03 16:40:26,619 [base.py] => Stage metrics task=8 stage=pre_ca split=test accuracy={'total': 63.57, '00-09': 45.0, '10-19': 68.93, '20-29': 65.31, '30-39': 64.0, '40-49': 65.71, '50-59': 68.25, '60-69': 70.18, '70-79': 58.06, '80-89': 73.08, '90-99': 66.67, '100-109': 63.64, '110-119': 67.57, '120-129': 47.62, '130-139': 76.19, '140-149': 72.62, '150-159': 56.36, '160-169': 57.95, '170-179': 46.15, 'old': 64.83, 'new': 52.94}
2026-10-03 16:40:27,101 [base.py] => CA Task 8 => Loss 0.113, Test_accy skipped
2026-10-03 16:40:27,576 [base.py] => CA Task 8 => Loss 0.103, Test_accy skipped
2026-10-03 16:40:28,052 [base.py] => CA Task 8 => Loss 0.097, Test_accy skipped
2026-10-03 16:40:28,527 [base.py] => CA Task 8 => Loss 0.092, Test_accy skipped
2026-10-03 16:40:29,002 [base.py] => CA Task 8 => Loss 0.089, Test_accy skipped
2026-10-03 16:40:29,475 [base.py] => CA Task 8 => Loss 0.087, Test_accy skipped
2026-10-03 16:40:29,948 [base.py] => CA Task 8 => Loss 0.085, Test_accy skipped
2026-10-03 16:40:30,422 [base.py] => CA Task 8 => Loss 0.083, Test_accy skipped
2026-10-03 16:40:30,896 [base.py] => CA Task 8 => Loss 0.085, Test_accy skipped
2026-10-03 16:40:34,643 [base.py] => CA Task 8 => Loss 0.083, Test_accy 63.570
2026-10-03 16:40:42,324 [base.py] => Stage metrics task=8 stage=post_ca split=test accuracy={'total': 63.57, '00-09': 45.0, '10-19': 68.93, '20-29': 63.27, '30-39': 65.0, '40-49': 65.71, '50-59': 69.84, '60-69': 70.18, '70-79': 56.99, '80-89': 74.36, '90-99': 68.25, '100-109': 65.15, '110-119': 68.92, '120-129': 47.62, '130-139': 73.81, '140-149': 72.62, '150-159': 56.36, '160-169': 54.55, '170-179': 49.23, 'old': 64.91, 'new': 52.29}
2026-10-03 16:40:42,324 [RSIAT_adapter.py] => CA accuracy delta task=8 total=0.0000 old=0.0800 new=-0.6500
2026-10-03 16:40:42,324 [trainer.py] => Evaluation split: test
2026-10-03 16:40:45,667 [trainer.py] => CNN: {'total': 63.57, '00-09': 45.0, '10-19': 68.93, '20-29': 63.27, '30-39': 65.0, '40-49': 65.71, '50-59': 69.84, '60-69': 70.18, '70-79': 56.99, '80-89': 74.36, '90-99': 68.25, '100-109': 65.15, '110-119': 68.92, '120-129': 47.62, '130-139': 73.81, '140-149': 72.62, '150-159': 56.36, '160-169': 54.55, '170-179': 49.23, 'old': 64.91, 'new': 52.29}
2026-10-03 16:40:45,667 [trainer.py] => Continual metrics after task 8: BWT=-11.8112, forgetting=11.8112, task_acc=[58.47, 64.14, 67.67, 64.25, 71.63, 67.14, 62.59, 66.19, 52.29]
2026-10-03 16:40:45,942 [base.py] => Saved checkpoint: /kaggle/working/qksr_ablation_runs/ckpt/imageneta_G7_retention_rbf_full/imageneta/20_20/seed_1993/task_8.pkl
2026-10-03 16:40:45,942 [trainer.py] => CNN top1 curve: [86.89, 82.68, 79.57, 75.59, 74.01, 71.76, 70.67, 68.09, 63.57]
2026-10-03 16:40:45,942 [trainer.py] => CNN top5 curve: [98.36, 96.59, 94.36, 93.34, 91.76, 91.62, 89.9, 88.35, 86.88]
2026-10-03 16:40:45,942 [trainer.py] => Average Accuracy (CNN): 74.75888888888889
2026-10-03 16:40:45,942 [trainer.py] => All params: 87126528
2026-10-03 16:40:45,943 [trainer.py] => Trainable params: 1327872
2026-10-03 16:40:45,945 [RSIAT_adapter.py] => Learning on 180-200
2026-10-03 16:40:46,039 [RSIAT_adapter.py] => QKSR calibration task=9 samples=512 indices=[245, 115, 9, 202, 43, 513, 447, 109, 403, 473, 107, 56, 87, 402, 355, 497, 177, 286, 183, 303, 431, 512, 163, 382, 337, 406, 464, 37, 41, 485, 70, 133, 161, 124, 328, 307, 79, 22, 492, 8, 338, 24, 195, 395, 326, 336, 463, 388, 335, 465, 90, 12, 428, 330, 137, 209, 493, 121, 462, 174, 510, 396, 101, 162, 443, 185, 353, 506, 85, 482, 227, 28, 322, 102, 67, 274, 352, 30, 83, 182, 194, 231, 300, 172, 317, 501, 495, 192, 265, 2, 75, 193, 255, 51, 130, 439, 238, 108, 166, 323, 211, 341, 458, 171, 44, 275, 26, 264, 505, 224, 438, 53, 272, 351, 256, 13, 120, 504, 489, 196, 412, 296, 397, 19, 236, 371, 411, 23, 65, 16, 496, 325, 418, 159, 400, 155, 189, 167, 470, 450, 232, 222, 369, 311, 125, 198, 277, 421, 511, 481, 187, 208, 282, 226, 55, 385, 45, 394, 287, 440, 100, 468, 235, 339, 157, 446, 281, 321, 302, 507, 284, 494, 315, 502, 354, 99, 362, 429, 436, 97, 38, 460, 478, 251, 47, 80, 451, 291, 260, 1, 0, 197, 419, 499, 145, 119, 333, 176, 422, 94, 118, 479, 331, 304, 110, 46, 389, 72, 480, 141, 95, 152, 135, 404, 346, 420, 444, 10, 134, 78, 219, 184, 381, 452, 34, 82, 500, 414, 268, 295, 40, 29, 35, 316, 413, 151, 126, 62, 214, 93, 461, 332, 368, 91, 250, 146, 243, 60, 39, 230, 471, 415, 229, 89, 143, 407, 344, 349, 319, 387, 373, 254, 165, 364, 288, 57, 154, 345, 283, 380, 73, 310, 123, 139, 253, 299, 105, 374, 223, 356, 508, 142, 392, 81, 7, 21, 178, 92, 247, 491, 386, 111, 27, 117, 96, 212, 456, 103, 32, 343, 476, 487, 263, 71, 252, 342, 290, 340, 36, 308, 312, 164, 210, 220, 203, 370, 426, 127, 15, 417, 150, 437, 114, 366, 423, 54, 363, 131, 309, 334, 88, 409, 466, 136, 484, 425, 179, 306, 289, 244, 424, 391, 63, 474, 271, 367, 4, 61, 305, 432, 398, 190, 186, 449, 201, 454, 84, 279, 408, 448, 25, 191, 128, 207, 430, 294, 122, 112, 215, 49, 399, 156, 347, 58, 298, 173, 138, 257, 301, 365, 204, 469, 213, 169, 64, 18, 153, 225, 233, 3, 129, 393, 132, 5, 329, 20, 239, 410, 358, 6, 378, 248, 498, 488, 48, 200, 205, 361, 278, 435, 216, 240, 228, 98, 259, 384, 350, 280, 405, 434, 246, 441, 445, 175, 168, 33, 170, 148, 218, 427, 486, 490, 158, 237, 285, 483, 69, 318, 221, 292, 297, 144, 459, 59, 327, 273, 206, 147, 113, 293, 188, 401, 68, 357, 266, 320, 17, 66, 314, 11, 375, 472, 86, 234, 348, 453, 269, 383, 42, 379, 416, 467, 149, 267, 106, 475, 181, 160, 262, 324, 455, 313, 76, 258, 433, 77, 390, 31, 261, 217, 199, 241, 14, 359, 74, 270, 360, 376, 140, 276, 477, 249, 116, 180, 457, 377, 503, 509, 372, 50, 52, 104]
2026-10-03 16:40:46,041 [RSIAT_adapter.py] => SSCA feature mode: paired_eval
2026-10-03 16:40:50,048 [toolkit.py] => All params: 87257600
2026-10-03 16:40:50,048 [toolkit.py] => Trainable params: 1458944
2026-10-03 16:40:51,925 [RSIAT_adapter.py] => QKSR diagnostics task=9 epoch=1 gamma=0.025581988 gradients_epoch={} kernel_epoch={'batches': 11, 'empty_batches': 0, 'pairs': 92520, 'min': 0.0007186930743046105, 'mean': 0.21776157274916916, 'std': 0.21223652269416912, 'max': 0.9951875805854797, 'histogram_10_bins_0_1': [36173, 18260, 12498, 9277, 5727, 3834, 2658, 1915, 1460, 718], 'self_diagonal_excluded': True} inc_weight=0.083333333
2026-10-03 16:40:53,736 [RSIAT_adapter.py] => QKSR diagnostics task=9 epoch=2 gamma=0.025581988 gradients_epoch={} kernel_epoch={'batches': 11, 'empty_batches': 0, 'pairs': 92520, 'min': 0.0006962050101719797, 'mean': 0.2203608249898628, 'std': 0.21443800124227022, 'max': 0.9989507794380188, 'histogram_10_bins_0_1': [36370, 17761, 12081, 9424, 5887, 3923, 2810, 2128, 1478, 658], 'self_diagonal_excluded': True} inc_weight=0.16666667
2026-10-03 16:40:55,588 [RSIAT_adapter.py] => QKSR diagnostics task=9 epoch=3 gamma=0.025581988 gradients_epoch={} kernel_epoch={'batches': 11, 'empty_batches': 0, 'pairs': 92520, 'min': 0.0006793192587792873, 'mean': 0.2188790806301097, 'std': 0.21713139095595052, 'max': 0.9964766502380371, 'histogram_10_bins_0_1': [37179, 17484, 11683, 9221, 5750, 3943, 2897, 2094, 1488, 781], 'self_diagonal_excluded': True} inc_weight=0.25
2026-10-03 16:40:57,409 [RSIAT_adapter.py] => QKSR diagnostics task=9 epoch=4 gamma=0.025581988 gradients_epoch={} kernel_epoch={'batches': 11, 'empty_batches': 0, 'pairs': 92520, 'min': 0.0007703479495830834, 'mean': 0.21562697702861036, 'std': 0.21289009424857713, 'max': 0.9990178346633911, 'histogram_10_bins_0_1': [36801, 18129, 12246, 9388, 5599, 3667, 2566, 1862, 1424, 838], 'self_diagonal_excluded': True} inc_weight=0.25
2026-10-03 16:40:59,210 [RSIAT_adapter.py] => QKSR diagnostics task=9 epoch=5 gamma=0.025581988 gradients_epoch={} kernel_epoch={'batches': 11, 'empty_batches': 0, 'pairs': 92520, 'min': 0.0005839300574734807, 'mean': 0.21576485654190192, 'std': 0.21265407531354308, 'max': 0.9988225698471069, 'histogram_10_bins_0_1': [36718, 17974, 12381, 9516, 5666, 3589, 2559, 1847, 1499, 771], 'self_diagonal_excluded': True} inc_weight=0.25
2026-10-03 16:41:01,015 [RSIAT_adapter.py] => QKSR diagnostics task=9 epoch=6 gamma=0.025581988 gradients_epoch={} kernel_epoch={'batches': 11, 'empty_batches': 0, 'pairs': 92520, 'min': 0.0007789118099026382, 'mean': 0.21674432826471327, 'std': 0.21248323281119832, 'max': 0.9996905326843262, 'histogram_10_bins_0_1': [36613, 17969, 12381, 9370, 5666, 3713, 2771, 1940, 1349, 748], 'self_diagonal_excluded': True} inc_weight=0.25
2026-10-03 16:41:02,824 [RSIAT_adapter.py] => QKSR diagnostics task=9 epoch=7 gamma=0.025581988 gradients_epoch={} kernel_epoch={'batches': 11, 'empty_batches': 0, 'pairs': 92520, 'min': 0.0007879914483055472, 'mean': 0.2182862183658841, 'std': 0.2134109646074729, 'max': 0.9961917996406555, 'histogram_10_bins_0_1': [36337, 17919, 12505, 9522, 5499, 3787, 2751, 1982, 1528, 690], 'self_diagonal_excluded': True} inc_weight=0.25
2026-10-03 16:41:04,639 [RSIAT_adapter.py] => QKSR diagnostics task=9 epoch=8 gamma=0.025581988 gradients_epoch={} kernel_epoch={'batches': 11, 'empty_batches': 0, 'pairs': 92520, 'min': 0.0006981820333749056, 'mean': 0.21575642610159285, 'std': 0.21068779281678526, 'max': 0.9989898204803467, 'histogram_10_bins_0_1': [36571, 18170, 12309, 9379, 5632, 3832, 2731, 1882, 1361, 653], 'self_diagonal_excluded': True} inc_weight=0.25
2026-10-03 16:41:06,478 [RSIAT_adapter.py] => QKSR diagnostics task=9 epoch=9 gamma=0.025581988 gradients_epoch={} kernel_epoch={'batches': 11, 'empty_batches': 0, 'pairs': 92520, 'min': 0.000766055949497968, 'mean': 0.21499474228462712, 'std': 0.21151651472451885, 'max': 0.9993504285812378, 'histogram_10_bins_0_1': [37114, 17805, 12389, 9090, 5717, 3769, 2661, 1869, 1462, 644], 'self_diagonal_excluded': True} inc_weight=0.25
2026-10-03 16:41:08,277 [RSIAT_adapter.py] => QKSR diagnostics task=9 epoch=10 gamma=0.025581988 gradients_epoch={} kernel_epoch={'batches': 11, 'empty_batches': 0, 'pairs': 92520, 'min': 0.0006190708372741938, 'mean': 0.21430212136348675, 'std': 0.21015076532730803, 'max': 0.9959827065467834, 'histogram_10_bins_0_1': [36576, 18652, 12384, 9040, 5593, 3709, 2651, 1905, 1315, 695], 'self_diagonal_excluded': True} inc_weight=0.25
2026-10-03 16:41:10,089 [RSIAT_adapter.py] => QKSR diagnostics task=9 epoch=11 gamma=0.025581988 gradients_epoch={} kernel_epoch={'batches': 11, 'empty_batches': 0, 'pairs': 92520, 'min': 0.0008562426664866507, 'mean': 0.21493931269534367, 'std': 0.20884164411538692, 'max': 0.9976591467857361, 'histogram_10_bins_0_1': [36242, 18496, 12658, 9338, 5552, 3780, 2640, 1839, 1381, 594], 'self_diagonal_excluded': True} inc_weight=0.25
2026-10-03 16:41:11,904 [RSIAT_adapter.py] => QKSR diagnostics task=9 epoch=12 gamma=0.025581988 gradients_epoch={} kernel_epoch={'batches': 11, 'empty_batches': 0, 'pairs': 92520, 'min': 0.000864375673700124, 'mean': 0.21599262366337468, 'std': 0.21105452942942846, 'max': 0.9942569732666016, 'histogram_10_bins_0_1': [36354, 18410, 12363, 9405, 5606, 3708, 2654, 1922, 1383, 715], 'self_diagonal_excluded': True} inc_weight=0.25
2026-10-03 16:41:13,686 [RSIAT_adapter.py] => QKSR diagnostics task=9 epoch=13 gamma=0.025581988 gradients_epoch={} kernel_epoch={'batches': 11, 'empty_batches': 0, 'pairs': 92520, 'min': 0.0007794601260684431, 'mean': 0.21524370275100993, 'std': 0.210453083193618, 'max': 0.9985198974609375, 'histogram_10_bins_0_1': [36659, 18070, 12781, 9169, 5443, 3699, 2797, 1906, 1292, 704], 'self_diagonal_excluded': True} inc_weight=0.25
2026-10-03 16:41:15,476 [RSIAT_adapter.py] => QKSR diagnostics task=9 epoch=14 gamma=0.025581988 gradients_epoch={} kernel_epoch={'batches': 11, 'empty_batches': 0, 'pairs': 92520, 'min': 0.0008065716247074306, 'mean': 0.21555527374459038, 'std': 0.2112018528551984, 'max': 0.997180700302124, 'histogram_10_bins_0_1': [36568, 18136, 12600, 9359, 5448, 3643, 2703, 1959, 1479, 625], 'self_diagonal_excluded': True} inc_weight=0.25
2026-10-03 16:41:21,406 [RSIAT_adapter.py] => QKSR diagnostics task=9 epoch=15 gamma=0.025581988 gradients_epoch={} kernel_epoch={'batches': 11, 'empty_batches': 0, 'pairs': 92520, 'min': 0.0008380609797313809, 'mean': 0.21623118616093295, 'std': 0.21086599028863556, 'max': 0.9966897368431091, 'histogram_10_bins_0_1': [36207, 18477, 12366, 9623, 5559, 3653, 2610, 1937, 1372, 716], 'self_diagonal_excluded': True} inc_weight=0.25
2026-10-03 16:41:21,406 [RSIAT_adapter.py] => Task 9, Epoch 15/15 => Loss 2.766, Loss_c 2.597, Losses_rt 0.170, Train_accy 80.54, Test_accy 62.23, Time 1.83s
2026-10-03 16:41:21,406 [RSIAT_adapter.py] => Task 9 peak GPU memory: 4880.43 MiB
2026-10-03 16:41:25,203 [RSIAT_adapter.py] => Statistics transport task=9: {'accepted': True, 'reason': 'guarded_ridge', 'pairs': 514, 'validation_map_mse': 0.021026084312369988, 'validation_identity_mse': 0.029764117172428647, 'rank': 32, 'validation_gain': 0.29357608053475037, 'trust_min': 0.1770843325983176, 'trust_mean': 0.20951516222612998, 'trust_max': 0.2353453917009724, 'supported_classes': 180}
2026-10-03 16:41:40,172 [base.py] => Stage metrics task=9 stage=pre_ca split=test accuracy={'total': 62.23, '00-09': 43.75, '10-19': 66.99, '20-29': 64.29, '30-39': 63.0, '40-49': 64.29, '50-59': 66.67, '60-69': 66.67, '70-79': 53.76, '80-89': 71.79, '90-99': 66.67, '100-109': 54.55, '110-119': 64.86, '120-129': 42.86, '130-139': 72.62, '140-149': 73.81, '150-159': 54.55, '160-169': 54.55, '170-179': 43.08, '180-189': 70.0, '190-199': 75.86, 'old': 61.14, 'new': 73.72}
2026-10-03 16:41:40,736 [base.py] => CA Task 9 => Loss 0.114, Test_accy skipped
2026-10-03 16:41:41,289 [base.py] => CA Task 9 => Loss 0.099, Test_accy skipped
2026-10-03 16:41:41,842 [base.py] => CA Task 9 => Loss 0.095, Test_accy skipped
2026-10-03 16:41:42,395 [base.py] => CA Task 9 => Loss 0.091, Test_accy skipped
2026-10-03 16:41:42,948 [base.py] => CA Task 9 => Loss 0.089, Test_accy skipped
2026-10-03 16:41:43,501 [base.py] => CA Task 9 => Loss 0.087, Test_accy skipped
2026-10-03 16:41:44,055 [base.py] => CA Task 9 => Loss 0.087, Test_accy skipped
2026-10-03 16:41:44,607 [base.py] => CA Task 9 => Loss 0.086, Test_accy skipped
2026-10-03 16:41:45,162 [base.py] => CA Task 9 => Loss 0.086, Test_accy skipped
2026-10-03 16:41:49,254 [base.py] => CA Task 9 => Loss 0.084, Test_accy 63.880
2026-10-03 16:41:57,789 [base.py] => Stage metrics task=9 stage=post_ca split=test accuracy={'total': 63.88, '00-09': 45.0, '10-19': 68.93, '20-29': 64.29, '30-39': 64.0, '40-49': 65.71, '50-59': 69.84, '60-69': 69.3, '70-79': 60.22, '80-89': 73.08, '90-99': 66.67, '100-109': 59.09, '110-119': 67.57, '120-129': 42.86, '130-139': 73.81, '140-149': 75.0, '150-159': 58.18, '160-169': 54.55, '170-179': 44.62, '180-189': 66.0, '190-199': 77.01, 'old': 63.01, 'new': 72.99}
2026-10-03 16:41:57,789 [RSIAT_adapter.py] => CA accuracy delta task=9 total=1.6500 old=1.8700 new=-0.7300
2026-10-03 16:41:57,789 [trainer.py] => Evaluation split: test
2026-10-03 16:42:01,300 [trainer.py] => CNN: {'total': 63.88, '00-09': 45.0, '10-19': 68.93, '20-29': 64.29, '30-39': 64.0, '40-49': 65.71, '50-59': 69.84, '60-69': 69.3, '70-79': 60.22, '80-89': 73.08, '90-99': 66.67, '100-109': 59.09, '110-119': 67.57, '120-129': 42.86, '130-139': 73.81, '140-149': 75.0, '150-159': 58.18, '160-169': 54.55, '170-179': 44.62, '180-189': 66.0, '190-199': 77.01, 'old': 63.01, 'new': 72.99}
2026-10-03 16:42:01,300 [trainer.py] => Continual metrics after task 9: BWT=-11.1511, forgetting=11.1511, task_acc=[58.47, 64.14, 67.67, 65.22, 70.21, 63.57, 60.54, 68.35, 50.33, 72.99]
2026-10-03 16:42:01,585 [base.py] => Saved checkpoint: /kaggle/working/qksr_ablation_runs/ckpt/imageneta_G7_retention_rbf_full/imageneta/20_20/seed_1993/task_9.pkl
2026-10-03 16:42:01,592 [trainer.py] => CNN top1 curve: [86.89, 82.68, 79.57, 75.59, 74.01, 71.76, 70.67, 68.09, 63.57, 63.88]
2026-10-03 16:42:01,592 [trainer.py] => CNN top5 curve: [98.36, 96.59, 94.36, 93.34, 91.76, 91.62, 89.9, 88.35, 86.88, 85.87]
2026-10-03 16:42:01,592 [trainer.py] => Average Accuracy (CNN): 73.671
2026-10-03 16:42:01,741 [trainer.py] => Average Seed Accuracy (CNN): 73.671
