2026-10-03 16:19:43,806 [trainer.py] => config: /kaggle/working/qksr_ablation_configs/imageneta_G6_cov_shrinkage_full.json
2026-10-03 16:19:43,807 [trainer.py] => use_quantum_kernel_base: True
2026-10-03 16:19:43,807 [trainer.py] => use_quantum_kernel_inc: True
2026-10-03 16:19:43,807 [trainer.py] => q_kernel_type: pqk
2026-10-03 16:19:43,807 [trainer.py] => q_kernel_order: 1
2026-10-03 16:19:43,807 [trainer.py] => q_order2_weight: 1.0
2026-10-03 16:19:43,807 [trainer.py] => q_num_qubits: 8
2026-10-03 16:19:43,807 [trainer.py] => q_num_layers: 2
2026-10-03 16:19:43,807 [trainer.py] => q_reupload: False
2026-10-03 16:19:43,807 [trainer.py] => q_dtype: float32
2026-10-03 16:19:43,807 [trainer.py] => q_gamma_mode: bounded_learned
2026-10-03 16:19:43,807 [trainer.py] => q_calib_samples: 512
2026-10-03 16:19:43,807 [trainer.py] => q_init_seed: 1234
2026-10-03 16:19:43,807 [trainer.py] => q_metric_lr_mult: 0.1
2026-10-03 16:19:43,807 [trainer.py] => q_inc_train_mode: frozen
2026-10-03 16:19:43,807 [trainer.py] => q_inc_pair: current
2026-10-03 16:19:43,807 [trainer.py] => inc_loss_mode: margin
2026-10-03 16:19:43,807 [trainer.py] => q_inc_weight: 0.25
2026-10-03 16:19:43,807 [trainer.py] => q_inc_warmup_epochs: 3
2026-10-03 16:19:43,807 [trainer.py] => ssca_feature_mode: paired_eval
2026-10-03 16:19:43,807 [trainer.py] => rs_margin_q: 0.5
2026-10-03 16:19:43,807 [trainer.py] => rs_margin_q_mode: fixed
2026-10-03 16:19:43,807 [trainer.py] => rs_margin_quantile: 0.9
2026-10-03 16:19:43,807 [trainer.py] => rs_margin_inc: 0.3
2026-10-03 16:19:43,807 [trainer.py] => prefix: imageneta_G6_cov_shrinkage_full
2026-10-03 16:19:43,807 [trainer.py] => dataset: imageneta
2026-10-03 16:19:43,807 [trainer.py] => save_checkpoints: True
2026-10-03 16:19:43,807 [trainer.py] => resume: True
2026-10-03 16:19:43,807 [trainer.py] => isolate_runs: True
2026-10-03 16:19:43,807 [trainer.py] => keep_last_checkpoint: False
2026-10-03 16:19:43,807 [trainer.py] => compact_diagonal_checkpoint: False
2026-10-03 16:19:43,807 [trainer.py] => eval_interval: 0
2026-10-03 16:19:43,807 [trainer.py] => ca_eval_interval: 0
2026-10-03 16:19:43,807 [trainer.py] => num_workers: 2
2026-10-03 16:19:43,807 [trainer.py] => stats_num_workers: 2
2026-10-03 16:19:43,807 [trainer.py] => pin_memory: True
2026-10-03 16:19:43,807 [trainer.py] => persistent_workers: True
2026-10-03 16:19:43,807 [trainer.py] => shuffle: True
2026-10-03 16:19:43,807 [trainer.py] => ssca: True
2026-10-03 16:19:43,807 [trainer.py] => ca: True
2026-10-03 16:19:43,807 [trainer.py] => init_cls: 20
2026-10-03 16:19:43,807 [trainer.py] => increment: 20
2026-10-03 16:19:43,807 [trainer.py] => model_name: adapter
2026-10-03 16:19:43,807 [trainer.py] => convnet_type: pretrained_vit_b16_224_in21k_adapter
2026-10-03 16:19:43,807 [trainer.py] => device: [device(type='cuda', index=0)]
2026-10-03 16:19:43,807 [trainer.py] => seed: 1993
2026-10-03 16:19:43,807 [trainer.py] => init_epochs: 20
2026-10-03 16:19:43,807 [trainer.py] => warmup_epoch: 3
2026-10-03 16:19:43,807 [trainer.py] => inc_epochs: 15
2026-10-03 16:19:43,807 [trainer.py] => ca_epochs: 10
2026-10-03 16:19:43,807 [trainer.py] => init_lr: 0.006688537652915857
2026-10-03 16:19:43,807 [trainer.py] => batch_size: 48
2026-10-03 16:19:43,807 [trainer.py] => weight_decay: 5.929828534160845e-07
2026-10-03 16:19:43,807 [trainer.py] => min_lr: 0
2026-10-03 16:19:43,807 [trainer.py] => ffn_num: 64
2026-10-03 16:19:43,807 [trainer.py] => optimizer: sgd
2026-10-03 16:19:43,807 [trainer.py] => scale: 30.0
2026-10-03 16:19:43,807 [trainer.py] => margin: 0.3
2026-10-03 16:19:43,807 [trainer.py] => alpha: 1.0
2026-10-03 16:19:43,807 [trainer.py] => rs_margin: 1.5
2026-10-03 16:19:43,807 [trainer.py] => lambda_rs: 1.0
2026-10-03 16:19:43,807 [trainer.py] => beta: 3.0
2026-10-03 16:19:43,807 [trainer.py] => gamma: 6.0
2026-10-03 16:19:43,807 [trainer.py] => ae_code_dims: 128
2026-10-03 16:19:43,807 [trainer.py] => ae_init_lr: 0.0003120779977680931
2026-10-03 16:19:43,807 [trainer.py] => ae_weight_decay: 2.424346330636298e-05
2026-10-03 16:19:43,807 [trainer.py] => record_stage_metrics: True
2026-10-03 16:19:43,807 [trainer.py] => ae_type: signed_residual
2026-10-03 16:19:43,807 [trainer.py] => ae_reset_each_task: True
2026-10-03 16:19:43,807 [trainer.py] => q_detach_prototypes: True
2026-10-03 16:19:43,807 [trainer.py] => relation_distill_weight: 1.0
2026-10-03 16:19:43,807 [trainer.py] => relation_temperature: 0.2
2026-10-03 16:19:43,807 [trainer.py] => statistics_transport: guarded_ridge
2026-10-03 16:19:43,807 [trainer.py] => stats_cov_shrinkage: 0.05
2026-10-03 16:19:43,807 [trainer.py] => output_root: /kaggle/working/qksr_ablation_runs
2026-10-03 16:19:43,807 [trainer.py] => val_ratio: 0.0
2026-10-03 16:19:55,387 [data_manager.py] => [168, 136, 51, 9, 183, 101, 171, 99, 42, 159, 191, 70, 16, 188, 27, 10, 175, 26, 68, 187, 98, 6, 85, 35, 112, 43, 100, 0, 103, 181, 88, 59, 4, 2, 116, 174, 94, 80, 106, 1, 147, 17, 141, 131, 72, 23, 173, 54, 197, 118, 87, 32, 79, 104, 91, 19, 135, 107, 178, 36, 11, 199, 142, 8, 122, 3, 28, 57, 153, 172, 190, 56, 49, 44, 97, 62, 151, 169, 194, 55, 192, 12, 189, 78, 66, 180, 15, 137, 109, 134, 92, 119, 126, 52, 170, 40, 148, 65, 144, 64, 138, 45, 77, 89, 154, 90, 71, 193, 74, 30, 113, 143, 96, 84, 67, 50, 186, 156, 69, 21, 18, 111, 108, 58, 125, 157, 150, 110, 182, 129, 166, 83, 81, 60, 13, 165, 14, 176, 63, 117, 5, 22, 145, 121, 38, 41, 82, 127, 114, 20, 31, 53, 37, 163, 196, 130, 152, 162, 86, 76, 24, 34, 184, 149, 33, 128, 198, 155, 146, 167, 139, 120, 140, 102, 47, 25, 158, 123, 46, 164, 61, 7, 115, 75, 133, 160, 105, 132, 179, 124, 48, 73, 93, 39, 95, 195, 29, 177, 185, 161]
2026-10-03 16:19:56,926 [RSIAT_adapter.py] => QKSR parameter counts: {'projector': 6152, 'metric': 17, 'total': 6169, 'trainable': 6169}
2026-10-03 16:19:56,926 [trainer.py] => Resume enabled but no checkpoint was found. Starting from task 0.
2026-10-03 16:19:56,927 [trainer.py] => All params: 86988288
2026-10-03 16:19:56,927 [trainer.py] => Trainable params: 1189632
2026-10-03 16:19:56,928 [RSIAT_adapter.py] => Learning on 0-20
2026-10-03 16:19:56,929 [RSIAT_adapter.py] => QKSR calibration task=0 samples=512 indices=[346, 460, 273, 670, 480, 533, 578, 322, 219, 218, 571, 532, 621, 287, 254, 689, 448, 125, 31, 211, 500, 45, 127, 397, 626, 457, 362, 616, 592, 599, 85, 129, 461, 420, 22, 508, 53, 463, 470, 628, 412, 516, 694, 50, 632, 661, 326, 587, 231, 421, 449, 33, 3, 444, 598, 204, 144, 556, 57, 373, 258, 352, 306, 475, 519, 44, 618, 683, 549, 593, 312, 540, 642, 65, 236, 210, 667, 681, 328, 613, 639, 649, 222, 205, 343, 325, 70, 315, 188, 133, 106, 496, 521, 574, 116, 506, 146, 355, 370, 332, 523, 536, 524, 98, 314, 503, 349, 389, 257, 331, 454, 150, 345, 691, 640, 243, 665, 208, 190, 432, 128, 391, 445, 395, 295, 467, 108, 191, 381, 657, 522, 281, 228, 151, 38, 217, 451, 570, 582, 62, 192, 680, 567, 139, 285, 589, 384, 278, 393, 594, 424, 330, 527, 615, 183, 319, 163, 554, 252, 636, 250, 235, 471, 517, 656, 92, 14, 417, 176, 669, 291, 76, 559, 131, 442, 400, 491, 337, 630, 347, 348, 199, 569, 230, 607, 48, 165, 334, 509, 81, 39, 416, 157, 19, 510, 560, 361, 120, 493, 609, 283, 52, 568, 646, 280, 297, 173, 143, 611, 357, 317, 107, 267, 398, 388, 433, 531, 466, 72, 547, 263, 119, 344, 490, 685, 71, 197, 573, 659, 253, 652, 300, 123, 342, 590, 365, 625, 97, 495, 124, 446, 561, 622, 23, 597, 305, 196, 221, 42, 550, 477, 695, 138, 440, 525, 318, 414, 114, 437, 600, 202, 548, 13, 488, 402, 443, 660, 105, 255, 633, 468, 426, 239, 552, 96, 41, 428, 164, 541, 485, 435, 434, 195, 310, 374, 88, 117, 207, 226, 423, 61, 9, 422, 515, 290, 474, 153, 390, 91, 557, 2, 654, 588, 209, 459, 47, 55, 7, 666, 161, 167, 514, 171, 430, 372, 565, 555, 512, 122, 160, 21, 378, 83, 586, 363, 40, 635, 641, 441, 486, 341, 329, 658, 450, 194, 324, 172, 241, 462, 244, 15, 137, 369, 359, 0, 327, 663, 354, 650, 340, 184, 110, 321, 179, 643, 30, 581, 84, 59, 284, 103, 268, 186, 256, 266, 130, 6, 504, 298, 674, 148, 4, 572, 537, 619, 303, 364, 259, 336, 174, 60, 168, 518, 492, 251, 526, 479, 294, 213, 539, 286, 672, 86, 528, 203, 489, 104, 156, 224, 293, 17, 511, 505, 579, 301, 126, 413, 408, 368, 585, 476, 245, 385, 553, 170, 529, 546, 684, 185, 198, 32, 181, 178, 410, 427, 580, 206, 296, 647, 411, 152, 377, 248, 112, 37, 367, 79, 27, 90, 366, 74, 456, 169, 465, 212, 662, 111, 264, 5, 544, 575, 262, 673, 225, 664, 49, 166, 237, 534, 399, 403, 177, 469, 140, 375, 606, 612, 308, 200, 118, 624, 155, 28, 238, 595, 227, 275, 696, 396, 507, 458, 271, 455, 201, 101, 265, 356, 187, 602, 360, 288, 692, 26, 154, 175, 353, 542, 543, 189, 686, 371, 1, 323, 304, 240, 679, 678, 182, 277, 494, 464, 115]
2026-10-03 16:19:59,316 [RSIAT_adapter.py] => QKSR gamma calibrated at task 0: gamma0=0.46958193, mode=bounded_learned
2026-10-03 16:19:59,317 [toolkit.py] => All params: 86265625
2026-10-03 16:19:59,317 [toolkit.py] => Trainable params: 1211161
2026-10-03 16:20:01,263 [RSIAT_adapter.py] => QKSR diagnostics task=0 epoch=1 gamma=0.46958193 gradients_epoch={'gamma_param': 0.0, 'projector.linear.weight': 0.0, 'projector.linear.bias': 0.0, 'encoder.theta': 0.0} kernel_epoch={'batches': 15, 'empty_batches': 0, 'pairs': 32184, 'min': 0.011946942657232285, 'mean': 0.37951598206503495, 'std': 0.16078331379323388, 'max': 0.9710138440132141, 'histogram_10_bins_0_1': [634, 3684, 6720, 7434, 6518, 3998, 2100, 872, 208, 16], 'self_diagonal_excluded': True} inc_weight=0
2026-10-03 16:20:03,016 [RSIAT_adapter.py] => QKSR diagnostics task=0 epoch=2 gamma=0.45329767 gradients_epoch={'gamma_param': 0.19229750335216522, 'projector.linear.weight': 0.01310940831899643, 'projector.linear.bias': 0.014559305272996426, 'encoder.theta': 0.003599048126488924} kernel_epoch={'batches': 15, 'empty_batches': 0, 'pairs': 32184, 'min': 0.024112029001116753, 'mean': 0.3960086709306731, 'std': 0.16060050407343496, 'max': 0.9604514241218567, 'histogram_10_bins_0_1': [474, 3120, 6004, 7670, 6594, 4618, 2466, 986, 222, 30], 'self_diagonal_excluded': True} inc_weight=0
2026-10-03 16:20:04,770 [RSIAT_adapter.py] => QKSR diagnostics task=0 epoch=3 gamma=0.41977292 gradients_epoch={'gamma_param': 0.2926582396030426, 'projector.linear.weight': 0.02243952825665474, 'projector.linear.bias': 0.024348102509975433, 'encoder.theta': 0.007598781026899815} kernel_epoch={'batches': 15, 'empty_batches': 0, 'pairs': 32184, 'min': 0.05154894292354584, 'mean': 0.4800247120333679, 'std': 0.15823668058238044, 'max': 0.9774878025054932, 'histogram_10_bins_0_1': [58, 912, 3332, 6128, 7578, 6776, 4430, 2198, 676, 96], 'self_diagonal_excluded': True} inc_weight=0
2026-10-03 16:20:06,512 [RSIAT_adapter.py] => QKSR diagnostics task=0 epoch=4 gamma=0.38310394 gradients_epoch={'gamma_param': 0.2917124032974243, 'projector.linear.weight': 0.03289156034588814, 'projector.linear.bias': 0.036818210035562515, 'encoder.theta': 0.012149958871304989} kernel_epoch={'batches': 15, 'empty_batches': 0, 'pairs': 32184, 'min': 0.06857671588659286, 'mean': 0.5463328606826643, 'std': 0.14972675796424262, 'max': 0.9824164509773254, 'histogram_10_bins_0_1': [8, 276, 1356, 3802, 6924, 7964, 6596, 3858, 1258, 142], 'self_diagonal_excluded': True} inc_weight=0
2026-10-03 16:20:08,257 [RSIAT_adapter.py] => QKSR diagnostics task=0 epoch=5 gamma=0.35151291 gradients_epoch={'gamma_param': 0.2854525148868561, 'projector.linear.weight': 0.030208775773644447, 'projector.linear.bias': 0.030918633565306664, 'encoder.theta': 0.011604288592934608} kernel_epoch={'batches': 15, 'empty_batches': 0, 'pairs': 32184, 'min': 0.024071894586086273, 'mean': 0.5430741165580587, 'std': 0.1725669685710339, 'max': 0.9979362487792969, 'histogram_10_bins_0_1': [110, 788, 2170, 3702, 5796, 6962, 6444, 4278, 1614, 320], 'self_diagonal_excluded': True} inc_weight=0
2026-10-03 16:20:09,981 [RSIAT_adapter.py] => QKSR diagnostics task=0 epoch=6 gamma=0.3240265 gradients_epoch={'gamma_param': 0.2734789550304413, 'projector.linear.weight': 0.03193240240216255, 'projector.linear.bias': 0.03320658951997757, 'encoder.theta': 0.01096376497298479} kernel_epoch={'batches': 15, 'empty_batches': 0, 'pairs': 32184, 'min': 0.02171492762863636, 'mean': 0.5501809663059647, 'std': 0.18754632735347332, 'max': 0.9982455968856812, 'histogram_10_bins_0_1': [224, 986, 2248, 3678, 5092, 6468, 6060, 4538, 2350, 540], 'self_diagonal_excluded': True} inc_weight=0
2026-10-03 16:20:11,721 [RSIAT_adapter.py] => QKSR diagnostics task=0 epoch=7 gamma=0.30023155 gradients_epoch={'gamma_param': 0.30287039279937744, 'projector.linear.weight': 0.03231626749038696, 'projector.linear.bias': 0.033159397542476654, 'encoder.theta': 0.010484912432730198} kernel_epoch={'batches': 15, 'empty_batches': 0, 'pairs': 32184, 'min': 0.017036521807312965, 'mean': 0.520118652703692, 'std': 0.19992902383311867, 'max': 0.9998912215232849, 'histogram_10_bins_0_1': [400, 1498, 3088, 4278, 5296, 5904, 5408, 3674, 1856, 782], 'self_diagonal_excluded': True} inc_weight=0
2026-10-03 16:20:13,459 [RSIAT_adapter.py] => QKSR diagnostics task=0 epoch=8 gamma=0.27931806 gradients_epoch={'gamma_param': 0.2940177023410797, 'projector.linear.weight': 0.030146680772304535, 'projector.linear.bias': 0.03579200059175491, 'encoder.theta': 0.011295443400740623} kernel_epoch={'batches': 15, 'empty_batches': 0, 'pairs': 32184, 'min': 0.01632956601679325, 'mean': 0.5201578967079007, 'std': 0.2091571616650829, 'max': 1.0, 'histogram_10_bins_0_1': [534, 1680, 3180, 4228, 5022, 5682, 5188, 3652, 1936, 1082], 'self_diagonal_excluded': True} inc_weight=0
2026-10-03 16:20:15,185 [RSIAT_adapter.py] => QKSR diagnostics task=0 epoch=9 gamma=0.26283079 gradients_epoch={'gamma_param': 0.2813144326210022, 'projector.linear.weight': 0.029600264504551888, 'projector.linear.bias': 0.031407710164785385, 'encoder.theta': 0.009678928181529045} kernel_epoch={'batches': 15, 'empty_batches': 0, 'pairs': 32184, 'min': 0.04217609018087387, 'mean': 0.5034860990276657, 'std': 0.22783244069324782, 'max': 1.0, 'histogram_10_bins_0_1': [542, 2246, 4112, 4594, 4952, 5042, 4450, 2748, 1386, 2112], 'self_diagonal_excluded': True} inc_weight=0
2026-10-03 16:20:16,906 [RSIAT_adapter.py] => QKSR diagnostics task=0 epoch=10 gamma=0.25052509 gradients_epoch={'gamma_param': 0.2444290816783905, 'projector.linear.weight': 0.026503298431634903, 'projector.linear.bias': 0.029525741934776306, 'encoder.theta': 0.008398853242397308} kernel_epoch={'batches': 15, 'empty_batches': 0, 'pairs': 32184, 'min': 0.03039601631462574, 'mean': 0.5196817495727973, 'std': 0.24267771050551273, 'max': 1.0, 'histogram_10_bins_0_1': [484, 2180, 3880, 5040, 4574, 4608, 3820, 2682, 1864, 3052], 'self_diagonal_excluded': True} inc_weight=0
2026-10-03 16:20:18,642 [RSIAT_adapter.py] => QKSR diagnostics task=0 epoch=11 gamma=0.24147545 gradients_epoch={'gamma_param': 0.20810776948928833, 'projector.linear.weight': 0.026855651289224625, 'projector.linear.bias': 0.02944209985435009, 'encoder.theta': 0.007950897328555584} kernel_epoch={'batches': 15, 'empty_batches': 0, 'pairs': 32184, 'min': 0.02600930817425251, 'mean': 0.5356579350213595, 'std': 0.2543709010031926, 'max': 1.0, 'histogram_10_bins_0_1': [394, 2324, 3798, 4670, 4522, 4360, 3482, 2784, 1720, 4130], 'self_diagonal_excluded': True} inc_weight=0
2026-10-03 16:20:20,379 [RSIAT_adapter.py] => QKSR diagnostics task=0 epoch=12 gamma=0.23467645 gradients_epoch={'gamma_param': 0.2016538828611374, 'projector.linear.weight': 0.0265159010887146, 'projector.linear.bias': 0.03357894346117973, 'encoder.theta': 0.009101820178329945} kernel_epoch={'batches': 15, 'empty_batches': 0, 'pairs': 32184, 'min': 0.03322235867381096, 'mean': 0.5430985728450991, 'std': 0.2677374488513597, 'max': 1.0, 'histogram_10_bins_0_1': [520, 2472, 3686, 4800, 4130, 3984, 3328, 2494, 1654, 5116], 'self_diagonal_excluded': True} inc_weight=0
2026-10-03 16:20:22,107 [RSIAT_adapter.py] => QKSR diagnostics task=0 epoch=13 gamma=0.23032148 gradients_epoch={'gamma_param': 0.1584397703409195, 'projector.linear.weight': 0.02792917564511299, 'projector.linear.bias': 0.033725716173648834, 'encoder.theta': 0.008513931185007095} kernel_epoch={'batches': 15, 'empty_batches': 0, 'pairs': 32184, 'min': 0.04368308559060097, 'mean': 0.5667379921181356, 'std': 0.25328725015161635, 'max': 1.0, 'histogram_10_bins_0_1': [422, 1704, 3044, 4534, 4306, 4388, 3840, 3008, 2360, 4578], 'self_diagonal_excluded': True} inc_weight=0
2026-10-03 16:20:23,840 [RSIAT_adapter.py] => QKSR diagnostics task=0 epoch=14 gamma=0.22726089 gradients_epoch={'gamma_param': 0.155563622713089, 'projector.linear.weight': 0.026686452329158783, 'projector.linear.bias': 0.03515476733446121, 'encoder.theta': 0.009153521619737148} kernel_epoch={'batches': 15, 'empty_batches': 0, 'pairs': 32184, 'min': 0.06035243719816208, 'mean': 0.5800552597239783, 'std': 0.26112024227086966, 'max': 1.0, 'histogram_10_bins_0_1': [306, 1532, 3014, 4706, 4556, 3974, 3768, 2430, 1922, 5976], 'self_diagonal_excluded': True} inc_weight=0
2026-10-03 16:20:25,560 [RSIAT_adapter.py] => QKSR diagnostics task=0 epoch=15 gamma=0.22497627 gradients_epoch={'gamma_param': 0.1544550657272339, 'projector.linear.weight': 0.025846319273114204, 'projector.linear.bias': 0.02837168052792549, 'encoder.theta': 0.007693667430430651} kernel_epoch={'batches': 15, 'empty_batches': 0, 'pairs': 32184, 'min': 0.04400443658232689, 'mean': 0.5891914838494877, 'std': 0.2631188624517466, 'max': 1.0, 'histogram_10_bins_0_1': [420, 1082, 3046, 5036, 4226, 3670, 3592, 3000, 1858, 6254], 'self_diagonal_excluded': True} inc_weight=0
2026-10-03 16:20:27,294 [RSIAT_adapter.py] => QKSR diagnostics task=0 epoch=16 gamma=0.22342078 gradients_epoch={'gamma_param': 0.1430681049823761, 'projector.linear.weight': 0.021538637578487396, 'projector.linear.bias': 0.02410743199288845, 'encoder.theta': 0.006535197142511606} kernel_epoch={'batches': 15, 'empty_batches': 0, 'pairs': 32184, 'min': 0.05380464717745781, 'mean': 0.5823439714611558, 'std': 0.2620065784529141, 'max': 1.0, 'histogram_10_bins_0_1': [416, 1722, 2592, 4704, 4242, 4120, 3496, 2962, 2276, 5654], 'self_diagonal_excluded': True} inc_weight=0
2026-10-03 16:20:29,028 [RSIAT_adapter.py] => QKSR diagnostics task=0 epoch=17 gamma=0.22249897 gradients_epoch={'gamma_param': 0.14663849771022797, 'projector.linear.weight': 0.023680008947849274, 'projector.linear.bias': 0.024157462641596794, 'encoder.theta': 0.006995559670031071} kernel_epoch={'batches': 15, 'empty_batches': 0, 'pairs': 32184, 'min': 0.045294295996427536, 'mean': 0.5893855868768583, 'std': 0.2644201258579198, 'max': 1.0, 'histogram_10_bins_0_1': [106, 1292, 2940, 5380, 4514, 3634, 3554, 2358, 1868, 6538], 'self_diagonal_excluded': True} inc_weight=0
2026-10-03 16:20:30,750 [RSIAT_adapter.py] => QKSR diagnostics task=0 epoch=18 gamma=0.22203688 gradients_epoch={'gamma_param': 0.11652040481567383, 'projector.linear.weight': 0.021882902830839157, 'projector.linear.bias': 0.027300260961055756, 'encoder.theta': 0.007348388433456421} kernel_epoch={'batches': 15, 'empty_batches': 0, 'pairs': 32184, 'min': 0.045365557074546814, 'mean': 0.5907848908742109, 'std': 0.2636552955752115, 'max': 1.0, 'histogram_10_bins_0_1': [238, 1576, 2696, 4628, 4452, 3860, 3780, 2610, 2026, 6318], 'self_diagonal_excluded': True} inc_weight=0
2026-10-03 16:20:32,477 [RSIAT_adapter.py] => QKSR diagnostics task=0 epoch=19 gamma=0.22183965 gradients_epoch={'gamma_param': 0.12316005676984787, 'projector.linear.weight': 0.02294263243675232, 'projector.linear.bias': 0.027767794206738472, 'encoder.theta': 0.007368304301053286} kernel_epoch={'batches': 15, 'empty_batches': 0, 'pairs': 32184, 'min': 0.03999282792210579, 'mean': 0.5798858074863051, 'std': 0.2754440102976515, 'max': 1.0, 'histogram_10_bins_0_1': [208, 2126, 3188, 4922, 4282, 3358, 3278, 2302, 1638, 6882], 'self_diagonal_excluded': True} inc_weight=0
2026-10-03 16:20:34,832 [RSIAT_adapter.py] => QKSR diagnostics task=0 epoch=20 gamma=0.22178811 gradients_epoch={'gamma_param': 0.1127336397767067, 'projector.linear.weight': 0.02318991720676422, 'projector.linear.bias': 0.025947382673621178, 'encoder.theta': 0.007577798794955015} kernel_epoch={'batches': 15, 'empty_batches': 0, 'pairs': 32184, 'min': 0.04912462458014488, 'mean': 0.5871098895855628, 'std': 0.26083847921462494, 'max': 1.0, 'histogram_10_bins_0_1': [180, 1464, 2672, 5342, 4310, 4090, 3542, 2644, 1614, 6326], 'self_diagonal_excluded': True} inc_weight=0
2026-10-03 16:20:34,833 [RSIAT_adapter.py] => Task 0, Epoch 20/20 => Loss 3.261, Loss_c 2.869, Losses_rt 0.392, Train_accy 93.11, Test_accy 87.43, Time 1.75s
2026-10-03 16:20:34,833 [RSIAT_adapter.py] => Task 0 peak GPU memory: 4417.51 MiB
2026-10-03 16:20:42,507 [base.py] => Stage metrics task=0 stage=pre_ca split=test accuracy={'total': 87.43, '00-09': 86.25, '10-19': 88.35, 'old': 0.0, 'new': 87.43}
2026-10-03 16:20:43,488 [base.py] => Stage metrics task=0 stage=post_ca split=test accuracy={'total': 87.43, '00-09': 86.25, '10-19': 88.35, 'old': 0.0, 'new': 87.43}
2026-10-03 16:20:43,488 [RSIAT_adapter.py] => CA accuracy delta task=0 total=0.0000 old=0.0000 new=0.0000
2026-10-03 16:20:43,488 [trainer.py] => Evaluation split: test
2026-10-03 16:20:44,022 [trainer.py] => CNN: {'total': 87.43, '00-09': 86.25, '10-19': 88.35, 'old': 0.0, 'new': 87.43}
2026-10-03 16:20:44,197 [base.py] => Saved checkpoint: /kaggle/working/qksr_ablation_runs/ckpt/imageneta_G6_cov_shrinkage_full/imageneta/20_20/seed_1993/task_0.pkl
2026-10-03 16:20:44,198 [trainer.py] => CNN top1 curve: [87.43]
2026-10-03 16:20:44,198 [trainer.py] => CNN top5 curve: [98.36]
2026-10-03 16:20:44,198 [trainer.py] => Average Accuracy (CNN): 87.43
2026-10-03 16:20:44,198 [trainer.py] => All params: 87003648
2026-10-03 16:20:44,199 [trainer.py] => Trainable params: 1204992
2026-10-03 16:20:44,201 [RSIAT_adapter.py] => Learning on 20-40
2026-10-03 16:20:44,257 [RSIAT_adapter.py] => QKSR calibration task=1 samples=512 indices=[349, 131, 5, 252, 27, 280, 305, 717, 439, 97, 145, 411, 202, 559, 118, 163, 694, 343, 728, 320, 143, 292, 607, 204, 300, 407, 361, 64, 30, 8, 222, 119, 706, 659, 139, 346, 704, 385, 330, 708, 158, 483, 589, 570, 109, 647, 277, 426, 688, 724, 121, 151, 501, 188, 183, 617, 720, 70, 502, 489, 220, 232, 747, 100, 646, 106, 270, 55, 198, 467, 185, 96, 334, 692, 588, 148, 486, 69, 137, 101, 742, 39, 539, 378, 79, 655, 127, 690, 606, 663, 594, 15, 741, 409, 93, 236, 432, 11, 129, 441, 743, 94, 482, 86, 135, 231, 213, 673, 687, 218, 414, 321, 225, 175, 394, 531, 85, 90, 667, 374, 35, 14, 633, 498, 219, 181, 81, 34, 577, 390, 488, 731, 648, 51, 272, 433, 393, 746, 491, 26, 529, 713, 493, 555, 107, 83, 643, 363, 635, 470, 652, 123, 111, 356, 368, 689, 157, 563, 210, 545, 303, 345, 572, 208, 705, 562, 235, 634, 73, 547, 739, 52, 522, 618, 458, 274, 695, 117, 308, 306, 370, 614, 60, 256, 84, 709, 641, 173, 339, 437, 605, 278, 463, 45, 404, 682, 422, 372, 686, 56, 266, 147, 575, 494, 246, 240, 453, 237, 702, 68, 20, 387, 293, 581, 190, 71, 351, 360, 674, 98, 538, 80, 516, 89, 209, 217, 275, 29, 599, 697, 179, 337, 67, 398, 211, 380, 471, 630, 75, 517, 103, 722, 518, 149, 108, 264, 675, 507, 669, 365, 478, 592, 649, 261, 6, 627, 749, 718, 461, 662, 505, 189, 608, 142, 38, 88, 248, 515, 42, 613, 456, 203, 228, 57, 448, 438, 216, 418, 415, 140, 369, 500, 526, 696, 389, 282, 454, 16, 712, 678, 476, 719, 112, 76, 207, 629, 632, 170, 241, 171, 427, 730, 91, 120, 194, 672, 128, 114, 49, 410, 723, 691, 711, 242, 386, 535, 362, 590, 624, 184, 328, 382, 125, 511, 443, 388, 401, 31, 174, 419, 316, 167, 636, 651, 205, 62, 462, 400, 464, 165, 259, 750, 28, 541, 367, 285, 434, 301, 619, 304, 480, 156, 78, 132, 557, 403, 449, 602, 298, 546, 611, 604, 653, 457, 169, 104, 318, 359, 178, 2, 650, 257, 726, 475, 451, 366, 661, 657, 580, 223, 495, 155, 126, 727, 748, 548, 146, 197, 656, 279, 310, 552, 537, 556, 186, 716, 497, 442, 41, 247, 698, 322, 484, 408, 63, 554, 255, 544, 3, 43, 459, 521, 710, 355, 666, 564, 405, 48, 283, 267, 681, 509, 319, 233, 639, 22, 585, 700, 262, 428, 87, 215, 288, 182, 642, 54, 744, 469, 65, 239, 229, 496, 95, 752, 446, 192, 481, 354, 578, 25, 506, 133, 144, 550, 445, 154, 244, 595, 621, 9, 249, 271, 735, 21, 508, 7, 420, 160, 58, 159, 638, 150, 12, 568, 77, 664, 660, 110, 381, 291, 364, 582, 631, 191, 224, 295, 82, 504, 603, 338, 268, 161, 644, 212, 423, 626, 677, 19, 61, 53, 352, 622, 468, 333, 136, 294, 751, 138, 676, 524, 729, 477]
2026-10-03 16:20:44,259 [RSIAT_adapter.py] => SSCA feature mode: paired_eval
2026-10-03 16:20:48,253 [toolkit.py] => All params: 87134720
2026-10-03 16:20:48,253 [toolkit.py] => Trainable params: 1336064
2026-10-03 16:20:50,937 [RSIAT_adapter.py] => QKSR diagnostics task=1 epoch=1 gamma=0.22178811 gradients_epoch={} kernel_epoch={'batches': 16, 'empty_batches': 0, 'pairs': 15060, 'min': 0.07788889110088348, 'mean': 0.540439326341844, 'std': 0.22746292468300683, 'max': 1.0, 'histogram_10_bins_0_1': [192, 718, 1365, 2367, 2384, 2070, 2107, 1646, 1067, 1144], 'self_diagonal_excluded': True} inc_weight=0.083333333
2026-10-03 16:20:53,572 [RSIAT_adapter.py] => QKSR diagnostics task=1 epoch=2 gamma=0.22178811 gradients_epoch={} kernel_epoch={'batches': 16, 'empty_batches': 0, 'pairs': 15060, 'min': 0.05755424126982689, 'mean': 0.5303656705196299, 'std': 0.22664350011055512, 'max': 1.0, 'histogram_10_bins_0_1': [254, 726, 1449, 2514, 2313, 1994, 2160, 1661, 984, 1005], 'self_diagonal_excluded': True} inc_weight=0.16666667
2026-10-03 16:20:56,195 [RSIAT_adapter.py] => QKSR diagnostics task=1 epoch=3 gamma=0.22178811 gradients_epoch={} kernel_epoch={'batches': 16, 'empty_batches': 0, 'pairs': 15060, 'min': 0.049627505242824554, 'mean': 0.540878641823799, 'std': 0.2251912033759902, 'max': 1.0, 'histogram_10_bins_0_1': [186, 733, 1227, 2423, 2421, 2060, 2141, 1752, 1009, 1108], 'self_diagonal_excluded': True} inc_weight=0.25
2026-10-03 16:20:58,843 [RSIAT_adapter.py] => QKSR diagnostics task=1 epoch=4 gamma=0.22178811 gradients_epoch={} kernel_epoch={'batches': 16, 'empty_batches': 0, 'pairs': 15060, 'min': 0.07300795614719391, 'mean': 0.5397153322158226, 'std': 0.22605753039471596, 'max': 1.0, 'histogram_10_bins_0_1': [215, 768, 1294, 2244, 2460, 2154, 2086, 1720, 1013, 1106], 'self_diagonal_excluded': True} inc_weight=0.25
2026-10-03 16:21:01,453 [RSIAT_adapter.py] => QKSR diagnostics task=1 epoch=5 gamma=0.22178811 gradients_epoch={} kernel_epoch={'batches': 16, 'empty_batches': 0, 'pairs': 15060, 'min': 0.04753592982888222, 'mean': 0.541684444075522, 'std': 0.22199966094596565, 'max': 1.0, 'histogram_10_bins_0_1': [209, 659, 1301, 2247, 2413, 2173, 2199, 1820, 1065, 974], 'self_diagonal_excluded': True} inc_weight=0.25
2026-10-03 16:21:04,064 [RSIAT_adapter.py] => QKSR diagnostics task=1 epoch=6 gamma=0.22178811 gradients_epoch={} kernel_epoch={'batches': 16, 'empty_batches': 0, 'pairs': 15060, 'min': 0.053380001336336136, 'mean': 0.5420073426733039, 'std': 0.22521437885015255, 'max': 1.0, 'histogram_10_bins_0_1': [196, 711, 1315, 2244, 2452, 2111, 2163, 1719, 1077, 1072], 'self_diagonal_excluded': True} inc_weight=0.25
2026-10-03 16:21:06,649 [RSIAT_adapter.py] => QKSR diagnostics task=1 epoch=7 gamma=0.22178811 gradients_epoch={} kernel_epoch={'batches': 16, 'empty_batches': 0, 'pairs': 15060, 'min': 0.04491448774933815, 'mean': 0.5414901367323114, 'std': 0.22543442862753504, 'max': 1.0, 'histogram_10_bins_0_1': [209, 723, 1241, 2411, 2295, 2111, 2239, 1693, 1072, 1066], 'self_diagonal_excluded': True} inc_weight=0.25
2026-10-03 16:21:09,233 [RSIAT_adapter.py] => QKSR diagnostics task=1 epoch=8 gamma=0.22178811 gradients_epoch={} kernel_epoch={'batches': 16, 'empty_batches': 0, 'pairs': 15060, 'min': 0.04786165803670883, 'mean': 0.5352722690429583, 'std': 0.2276991143892002, 'max': 1.0, 'histogram_10_bins_0_1': [207, 769, 1358, 2449, 2334, 2047, 2113, 1671, 1038, 1074], 'self_diagonal_excluded': True} inc_weight=0.25
2026-10-03 16:21:11,823 [RSIAT_adapter.py] => QKSR diagnostics task=1 epoch=9 gamma=0.22178811 gradients_epoch={} kernel_epoch={'batches': 16, 'empty_batches': 0, 'pairs': 15060, 'min': 0.05038520693778992, 'mean': 0.5350259624285547, 'std': 0.22530684988560415, 'max': 1.0, 'histogram_10_bins_0_1': [227, 782, 1244, 2414, 2476, 2063, 2164, 1665, 975, 1050], 'self_diagonal_excluded': True} inc_weight=0.25
2026-10-03 16:21:14,439 [RSIAT_adapter.py] => QKSR diagnostics task=1 epoch=10 gamma=0.22178811 gradients_epoch={} kernel_epoch={'batches': 16, 'empty_batches': 0, 'pairs': 15060, 'min': 0.06906899064779282, 'mean': 0.5376813547708005, 'std': 0.22384300656401804, 'max': 1.0, 'histogram_10_bins_0_1': [196, 692, 1276, 2412, 2502, 2166, 2016, 1733, 1014, 1053], 'self_diagonal_excluded': True} inc_weight=0.25
2026-10-03 16:21:17,060 [RSIAT_adapter.py] => QKSR diagnostics task=1 epoch=11 gamma=0.22178811 gradients_epoch={} kernel_epoch={'batches': 16, 'empty_batches': 0, 'pairs': 15060, 'min': 0.061284564435482025, 'mean': 0.5431396108234466, 'std': 0.2244139347358972, 'max': 1.0, 'histogram_10_bins_0_1': [196, 739, 1277, 2216, 2370, 2185, 2193, 1797, 1006, 1081], 'self_diagonal_excluded': True} inc_weight=0.25
2026-10-03 16:21:19,681 [RSIAT_adapter.py] => QKSR diagnostics task=1 epoch=12 gamma=0.22178811 gradients_epoch={} kernel_epoch={'batches': 16, 'empty_batches': 0, 'pairs': 15060, 'min': 0.07615579664707184, 'mean': 0.5395719245486802, 'std': 0.22114190949735313, 'max': 1.0, 'histogram_10_bins_0_1': [172, 710, 1266, 2375, 2338, 2230, 2228, 1753, 1012, 976], 'self_diagonal_excluded': True} inc_weight=0.25
2026-10-03 16:21:22,275 [RSIAT_adapter.py] => QKSR diagnostics task=1 epoch=13 gamma=0.22178811 gradients_epoch={} kernel_epoch={'batches': 16, 'empty_batches': 0, 'pairs': 15060, 'min': 0.0658692866563797, 'mean': 0.5343928989680956, 'std': 0.22330534840714866, 'max': 1.0, 'histogram_10_bins_0_1': [231, 680, 1387, 2358, 2440, 2087, 2244, 1672, 958, 1003], 'self_diagonal_excluded': True} inc_weight=0.25
2026-10-03 16:21:24,857 [RSIAT_adapter.py] => QKSR diagnostics task=1 epoch=14 gamma=0.22178811 gradients_epoch={} kernel_epoch={'batches': 16, 'empty_batches': 0, 'pairs': 15060, 'min': 0.048131611198186874, 'mean': 0.5402875822158666, 'std': 0.22174379040707629, 'max': 1.0, 'histogram_10_bins_0_1': [191, 697, 1285, 2372, 2268, 2188, 2320, 1694, 1122, 923], 'self_diagonal_excluded': True} inc_weight=0.25
2026-10-03 16:21:28,426 [RSIAT_adapter.py] => QKSR diagnostics task=1 epoch=15 gamma=0.22178811 gradients_epoch={} kernel_epoch={'batches': 16, 'empty_batches': 0, 'pairs': 15060, 'min': 0.06988418847322464, 'mean': 0.5390259100967748, 'std': 0.2218416907907804, 'max': 1.0, 'histogram_10_bins_0_1': [199, 688, 1246, 2453, 2347, 2198, 2197, 1719, 1031, 982], 'self_diagonal_excluded': True} inc_weight=0.25
2026-10-03 16:21:28,426 [RSIAT_adapter.py] => Task 1, Epoch 15/15 => Loss 3.806, Loss_c 3.289, Losses_rt 0.517, Train_accy 84.86, Test_accy 79.00, Time 2.60s
2026-10-03 16:21:28,426 [RSIAT_adapter.py] => Task 1 peak GPU memory: 4875.67 MiB
2026-10-03 16:21:33,829 [RSIAT_adapter.py] => Statistics transport task=1: {'accepted': True, 'reason': 'guarded_ridge', 'pairs': 753, 'validation_map_mse': 0.033905419659449376, 'validation_identity_mse': 0.04864969609792116, 'rank': 32, 'validation_gain': 0.30307026808132154, 'trust_min': 0.19936455484984156, 'trust_mean': 0.21670040496005366, 'trust_max': 0.2427298432330097, 'supported_classes': 20}
2026-10-03 16:21:42,927 [base.py] => Stage metrics task=1 stage=pre_ca split=test accuracy={'total': 79.0, '00-09': 75.0, '10-19': 79.61, '20-29': 83.67, '30-39': 77.0, 'old': 77.6, 'new': 80.3}
2026-10-03 16:21:43,015 [base.py] => CA Task 1 => Loss 0.098, Test_accy skipped
2026-10-03 16:21:43,085 [base.py] => CA Task 1 => Loss 0.065, Test_accy skipped
2026-10-03 16:21:43,156 [base.py] => CA Task 1 => Loss 0.056, Test_accy skipped
2026-10-03 16:21:43,226 [base.py] => CA Task 1 => Loss 0.048, Test_accy skipped
2026-10-03 16:21:43,296 [base.py] => CA Task 1 => Loss 0.047, Test_accy skipped
2026-10-03 16:21:43,366 [base.py] => CA Task 1 => Loss 0.043, Test_accy skipped
2026-10-03 16:21:43,436 [base.py] => CA Task 1 => Loss 0.046, Test_accy skipped
2026-10-03 16:21:43,506 [base.py] => CA Task 1 => Loss 0.040, Test_accy skipped
2026-10-03 16:21:43,576 [base.py] => CA Task 1 => Loss 0.040, Test_accy skipped
2026-10-03 16:21:44,561 [base.py] => CA Task 1 => Loss 0.038, Test_accy 82.150
2026-10-03 16:21:46,595 [base.py] => Stage metrics task=1 stage=post_ca split=test accuracy={'total': 82.15, '00-09': 75.0, '10-19': 85.44, '20-29': 84.69, '30-39': 82.0, 'old': 80.87, 'new': 83.33}
2026-10-03 16:21:46,595 [RSIAT_adapter.py] => CA accuracy delta task=1 total=3.1500 old=3.2700 new=3.0300
2026-10-03 16:21:46,595 [trainer.py] => Evaluation split: test
2026-10-03 16:21:47,517 [trainer.py] => CNN: {'total': 82.15, '00-09': 75.0, '10-19': 85.44, '20-29': 84.69, '30-39': 82.0, 'old': 80.87, 'new': 83.33}
2026-10-03 16:21:47,518 [trainer.py] => Continual metrics after task 1: BWT=-6.5600, forgetting=6.5600, task_acc=[80.87, 83.33]
2026-10-03 16:21:47,711 [base.py] => Saved checkpoint: /kaggle/working/qksr_ablation_runs/ckpt/imageneta_G6_cov_shrinkage_full/imageneta/20_20/seed_1993/task_1.pkl
2026-10-03 16:21:47,712 [trainer.py] => CNN top1 curve: [87.43, 82.15]
2026-10-03 16:21:47,712 [trainer.py] => CNN top5 curve: [98.36, 96.33]
2026-10-03 16:21:47,712 [trainer.py] => Average Accuracy (CNN): 84.79
2026-10-03 16:21:47,712 [trainer.py] => All params: 87019008
2026-10-03 16:21:47,713 [trainer.py] => Trainable params: 1220352
2026-10-03 16:21:47,715 [RSIAT_adapter.py] => Learning on 40-60
2026-10-03 16:21:47,793 [RSIAT_adapter.py] => QKSR calibration task=2 samples=494 indices=[207, 312, 395, 64, 175, 134, 13, 363, 231, 358, 178, 230, 449, 74, 45, 38, 89, 171, 320, 361, 305, 120, 122, 193, 445, 390, 285, 27, 170, 436, 250, 53, 140, 383, 249, 131, 303, 401, 148, 203, 51, 340, 78, 5, 406, 188, 342, 274, 104, 23, 135, 442, 273, 107, 327, 208, 470, 405, 292, 381, 153, 435, 161, 228, 159, 258, 460, 301, 94, 99, 195, 136, 403, 10, 417, 222, 272, 286, 155, 129, 225, 22, 184, 254, 441, 196, 214, 267, 438, 451, 257, 456, 173, 82, 488, 133, 423, 339, 433, 87, 11, 326, 422, 385, 315, 227, 213, 14, 466, 347, 223, 391, 420, 464, 478, 415, 234, 44, 298, 77, 177, 281, 483, 366, 215, 201, 324, 61, 63, 182, 0, 354, 46, 411, 243, 283, 224, 169, 351, 206, 75, 359, 311, 67, 296, 237, 156, 84, 482, 106, 432, 493, 221, 371, 55, 210, 132, 66, 86, 138, 96, 333, 247, 331, 448, 284, 229, 480, 434, 198, 413, 414, 128, 288, 97, 123, 16, 374, 335, 69, 341, 105, 293, 166, 88, 209, 377, 118, 162, 143, 287, 15, 4, 216, 357, 111, 93, 458, 323, 144, 319, 68, 102, 186, 108, 80, 205, 180, 246, 124, 17, 487, 28, 427, 396, 437, 290, 197, 167, 60, 426, 393, 424, 187, 485, 317, 220, 282, 73, 477, 149, 375, 113, 185, 364, 92, 334, 421, 353, 337, 461, 6, 98, 471, 21, 350, 226, 392, 47, 304, 325, 242, 365, 65, 382, 349, 141, 344, 467, 217, 447, 389, 101, 289, 278, 183, 50, 158, 116, 379, 399, 70, 239, 269, 194, 174, 160, 259, 12, 419, 90, 57, 328, 481, 251, 263, 30, 387, 356, 463, 54, 112, 418, 490, 1, 126, 343, 261, 18, 34, 35, 452, 450, 348, 275, 429, 409, 192, 43, 100, 362, 270, 291, 313, 157, 280, 31, 454, 165, 469, 380, 397, 394, 48, 59, 310, 52, 130, 360, 202, 370, 468, 26, 71, 20, 32, 3, 378, 33, 484, 300, 479, 318, 355, 321, 232, 307, 117, 168, 425, 211, 474, 236, 25, 440, 410, 110, 127, 316, 302, 151, 297, 125, 114, 475, 91, 368, 81, 2, 189, 200, 276, 294, 238, 266, 330, 268, 62, 345, 163, 262, 37, 404, 465, 400, 49, 235, 264, 329, 486, 446, 430, 489, 248, 453, 253, 240, 388, 121, 147, 386, 376, 109, 472, 416, 137, 146, 139, 295, 115, 142, 181, 36, 199, 256, 372, 322, 8, 85, 76, 338, 271, 19, 462, 145, 332, 277, 95, 491, 431, 299, 459, 56, 164, 119, 346, 309, 241, 218, 455, 83, 191, 398, 219, 9, 444, 373, 402, 367, 412, 308, 369, 7, 212, 152, 42, 204, 244, 439, 40, 306, 492, 408, 473, 39, 233, 24, 255, 352, 41, 252, 407, 179, 29, 428, 103, 190, 79, 150, 72, 314, 260, 154, 279, 476, 176, 384, 172, 443, 457, 336, 58, 245, 265]
2026-10-03 16:21:47,795 [RSIAT_adapter.py] => SSCA feature mode: paired_eval
2026-10-03 16:21:50,516 [toolkit.py] => All params: 87150080
2026-10-03 16:21:50,516 [toolkit.py] => Trainable params: 1351424
2026-10-03 16:21:52,364 [RSIAT_adapter.py] => QKSR diagnostics task=2 epoch=1 gamma=0.22178811 gradients_epoch={} kernel_epoch={'batches': 11, 'empty_batches': 0, 'pairs': 19760, 'min': 0.05218828469514847, 'mean': 0.5450827431207078, 'std': 0.21214907794890867, 'max': 1.0, 'histogram_10_bins_0_1': [92, 850, 1721, 2696, 3239, 3251, 3205, 2110, 1454, 1142], 'self_diagonal_excluded': True} inc_weight=0.083333333
2026-10-03 16:21:54,197 [RSIAT_adapter.py] => QKSR diagnostics task=2 epoch=2 gamma=0.22178811 gradients_epoch={} kernel_epoch={'batches': 11, 'empty_batches': 0, 'pairs': 19760, 'min': 0.06360338628292084, 'mean': 0.5393367743621078, 'std': 0.21505938385889423, 'max': 1.0, 'histogram_10_bins_0_1': [118, 867, 1803, 2831, 3220, 3198, 3096, 2164, 1229, 1234], 'self_diagonal_excluded': True} inc_weight=0.16666667
2026-10-03 16:21:55,998 [RSIAT_adapter.py] => QKSR diagnostics task=2 epoch=3 gamma=0.22178811 gradients_epoch={} kernel_epoch={'batches': 11, 'empty_batches': 0, 'pairs': 19760, 'min': 0.04439937695860863, 'mean': 0.5497442398369237, 'std': 0.21175884741432438, 'max': 1.0, 'histogram_10_bins_0_1': [54, 741, 1663, 2845, 3118, 3385, 3101, 2212, 1326, 1315], 'self_diagonal_excluded': True} inc_weight=0.25
2026-10-03 16:21:57,817 [RSIAT_adapter.py] => QKSR diagnostics task=2 epoch=4 gamma=0.22178811 gradients_epoch={} kernel_epoch={'batches': 11, 'empty_batches': 0, 'pairs': 19760, 'min': 0.07667509466409683, 'mean': 0.5488763112650227, 'std': 0.20940494917254376, 'max': 1.0, 'histogram_10_bins_0_1': [68, 723, 1692, 2769, 3158, 3281, 3252, 2302, 1373, 1142], 'self_diagonal_excluded': True} inc_weight=0.25
2026-10-03 16:21:59,598 [RSIAT_adapter.py] => QKSR diagnostics task=2 epoch=5 gamma=0.22178811 gradients_epoch={} kernel_epoch={'batches': 11, 'empty_batches': 0, 'pairs': 19760, 'min': 0.047950562089681625, 'mean': 0.5458062045091409, 'std': 0.2102504416816335, 'max': 1.0, 'histogram_10_bins_0_1': [100, 749, 1755, 2673, 3302, 3203, 3280, 2186, 1355, 1157], 'self_diagonal_excluded': True} inc_weight=0.25
2026-10-03 16:22:01,379 [RSIAT_adapter.py] => QKSR diagnostics task=2 epoch=6 gamma=0.22178811 gradients_epoch={} kernel_epoch={'batches': 11, 'empty_batches': 0, 'pairs': 19760, 'min': 0.04321231693029404, 'mean': 0.540408053479312, 'std': 0.211886431045178, 'max': 1.0, 'histogram_10_bins_0_1': [69, 881, 1837, 2635, 3283, 3396, 3090, 2169, 1209, 1191], 'self_diagonal_excluded': True} inc_weight=0.25
2026-10-03 16:22:03,183 [RSIAT_adapter.py] => QKSR diagnostics task=2 epoch=7 gamma=0.22178811 gradients_epoch={} kernel_epoch={'batches': 11, 'empty_batches': 0, 'pairs': 19760, 'min': 0.0534701943397522, 'mean': 0.54075491934928, 'std': 0.21047375177768932, 'max': 1.0, 'histogram_10_bins_0_1': [66, 901, 1722, 2729, 3214, 3478, 3174, 2064, 1257, 1155], 'self_diagonal_excluded': True} inc_weight=0.25
2026-10-03 16:22:04,975 [RSIAT_adapter.py] => QKSR diagnostics task=2 epoch=8 gamma=0.22178811 gradients_epoch={} kernel_epoch={'batches': 11, 'empty_batches': 0, 'pairs': 19760, 'min': 0.07397250086069107, 'mean': 0.5385776464389976, 'std': 0.20900151350355176, 'max': 1.0, 'histogram_10_bins_0_1': [36, 903, 1688, 2925, 3187, 3452, 3202, 2074, 1135, 1158], 'self_diagonal_excluded': True} inc_weight=0.25
2026-10-03 16:22:06,754 [RSIAT_adapter.py] => QKSR diagnostics task=2 epoch=9 gamma=0.22178811 gradients_epoch={} kernel_epoch={'batches': 11, 'empty_batches': 0, 'pairs': 19760, 'min': 0.07453776895999908, 'mean': 0.5480348469802604, 'std': 0.2104512427943108, 'max': 1.0, 'histogram_10_bins_0_1': [42, 791, 1746, 2662, 3233, 3348, 3171, 2204, 1358, 1205], 'self_diagonal_excluded': True} inc_weight=0.25
2026-10-03 16:22:08,534 [RSIAT_adapter.py] => QKSR diagnostics task=2 epoch=10 gamma=0.22178811 gradients_epoch={} kernel_epoch={'batches': 11, 'empty_batches': 0, 'pairs': 19760, 'min': 0.05181020870804787, 'mean': 0.539899351948925, 'std': 0.21154608567588098, 'max': 1.0, 'histogram_10_bins_0_1': [95, 823, 1803, 2874, 3141, 3326, 3171, 2076, 1284, 1167], 'self_diagonal_excluded': True} inc_weight=0.25
2026-10-03 16:22:10,335 [RSIAT_adapter.py] => QKSR diagnostics task=2 epoch=11 gamma=0.22178811 gradients_epoch={} kernel_epoch={'batches': 11, 'empty_batches': 0, 'pairs': 19760, 'min': 0.05672401189804077, 'mean': 0.5416828289111465, 'std': 0.20995687178015396, 'max': 1.0, 'histogram_10_bins_0_1': [65, 798, 1807, 2773, 3260, 3288, 3201, 2151, 1287, 1130], 'self_diagonal_excluded': True} inc_weight=0.25
2026-10-03 16:22:12,135 [RSIAT_adapter.py] => QKSR diagnostics task=2 epoch=12 gamma=0.22178811 gradients_epoch={} kernel_epoch={'batches': 11, 'empty_batches': 0, 'pairs': 19760, 'min': 0.046932924538850784, 'mean': 0.5476241408392922, 'std': 0.21106904800155, 'max': 1.0, 'histogram_10_bins_0_1': [54, 776, 1669, 2898, 3098, 3315, 3135, 2260, 1340, 1215], 'self_diagonal_excluded': True} inc_weight=0.25
2026-10-03 16:22:13,939 [RSIAT_adapter.py] => QKSR diagnostics task=2 epoch=13 gamma=0.22178811 gradients_epoch={} kernel_epoch={'batches': 11, 'empty_batches': 0, 'pairs': 19760, 'min': 0.05297188088297844, 'mean': 0.5439463351642042, 'std': 0.21158978524954877, 'max': 1.0, 'histogram_10_bins_0_1': [55, 806, 1788, 2752, 3209, 3321, 3126, 2180, 1347, 1176], 'self_diagonal_excluded': True} inc_weight=0.25
2026-10-03 16:22:15,728 [RSIAT_adapter.py] => QKSR diagnostics task=2 epoch=14 gamma=0.22178811 gradients_epoch={} kernel_epoch={'batches': 11, 'empty_batches': 0, 'pairs': 19760, 'min': 0.07009609788656235, 'mean': 0.5442441915900933, 'std': 0.2103540077351826, 'max': 1.0, 'histogram_10_bins_0_1': [41, 876, 1780, 2716, 3093, 3325, 3189, 2307, 1305, 1128], 'self_diagonal_excluded': True} inc_weight=0.25
2026-10-03 16:22:18,741 [RSIAT_adapter.py] => QKSR diagnostics task=2 epoch=15 gamma=0.22178811 gradients_epoch={} kernel_epoch={'batches': 11, 'empty_batches': 0, 'pairs': 19760, 'min': 0.0393587164580822, 'mean': 0.5414893049712817, 'std': 0.21052097346982263, 'max': 1.0, 'histogram_10_bins_0_1': [80, 802, 1773, 2884, 3013, 3494, 3154, 2159, 1284, 1117], 'self_diagonal_excluded': True} inc_weight=0.25
2026-10-03 16:22:18,741 [RSIAT_adapter.py] => Task 2, Epoch 15/15 => Loss 3.197, Loss_c 2.742, Losses_rt 0.454, Train_accy 86.03, Test_accy 79.18, Time 1.79s
2026-10-03 16:22:18,741 [RSIAT_adapter.py] => Task 2 peak GPU memory: 4870.20 MiB
2026-10-03 16:22:22,021 [RSIAT_adapter.py] => Statistics transport task=2: {'accepted': True, 'reason': 'guarded_ridge', 'pairs': 494, 'validation_map_mse': 0.017202863486325104, 'validation_identity_mse': 0.025505450107834646, 'rank': 32, 'validation_gain': 0.3255220584779718, 'trust_min': 0.21148807273532727, 'trust_mean': 0.23125393708297076, 'trust_max': 0.2677589411837941, 'supported_classes': 40}
2026-10-03 16:22:31,208 [base.py] => Stage metrics task=2 stage=pre_ca split=test accuracy={'total': 79.18, '00-09': 73.75, '10-19': 82.52, '20-29': 79.59, '30-39': 76.0, '40-49': 78.57, '50-59': 85.71, 'old': 78.22, 'new': 81.95}
2026-10-03 16:22:31,330 [base.py] => CA Task 2 => Loss 0.093, Test_accy skipped
2026-10-03 16:22:31,445 [base.py] => CA Task 2 => Loss 0.070, Test_accy skipped
2026-10-03 16:22:31,560 [base.py] => CA Task 2 => Loss 0.062, Test_accy skipped
2026-10-03 16:22:31,675 [base.py] => CA Task 2 => Loss 0.058, Test_accy skipped
2026-10-03 16:22:31,790 [base.py] => CA Task 2 => Loss 0.055, Test_accy skipped
2026-10-03 16:22:31,905 [base.py] => CA Task 2 => Loss 0.052, Test_accy skipped
2026-10-03 16:22:32,020 [base.py] => CA Task 2 => Loss 0.053, Test_accy skipped
2026-10-03 16:22:32,134 [base.py] => CA Task 2 => Loss 0.050, Test_accy skipped
2026-10-03 16:22:32,249 [base.py] => CA Task 2 => Loss 0.048, Test_accy skipped
2026-10-03 16:22:33,549 [base.py] => CA Task 2 => Loss 0.049, Test_accy 79.960
2026-10-03 16:22:36,211 [base.py] => Stage metrics task=2 stage=post_ca split=test accuracy={'total': 79.96, '00-09': 73.75, '10-19': 81.55, '20-29': 80.61, '30-39': 78.0, '40-49': 80.0, '50-59': 87.3, 'old': 78.74, 'new': 83.46}
2026-10-03 16:22:36,211 [RSIAT_adapter.py] => CA accuracy delta task=2 total=0.7800 old=0.5200 new=1.5100
2026-10-03 16:22:36,211 [trainer.py] => Evaluation split: test
2026-10-03 16:22:37,463 [trainer.py] => CNN: {'total': 79.96, '00-09': 73.75, '10-19': 81.55, '20-29': 80.61, '30-39': 78.0, '40-49': 80.0, '50-59': 87.3, 'old': 78.74, 'new': 83.46}
2026-10-03 16:22:37,463 [trainer.py] => Continual metrics after task 2: BWT=-6.6650, forgetting=6.6650, task_acc=[78.14, 79.29, 83.46]
2026-10-03 16:22:37,666 [base.py] => Saved checkpoint: /kaggle/working/qksr_ablation_runs/ckpt/imageneta_G6_cov_shrinkage_full/imageneta/20_20/seed_1993/task_2.pkl
2026-10-03 16:22:37,669 [trainer.py] => CNN top1 curve: [87.43, 82.15, 79.96]
2026-10-03 16:22:37,669 [trainer.py] => CNN top5 curve: [98.36, 96.33, 94.75]
2026-10-03 16:22:37,670 [trainer.py] => Average Accuracy (CNN): 83.18
2026-10-03 16:22:37,670 [trainer.py] => All params: 87034368
2026-10-03 16:22:37,670 [trainer.py] => Trainable params: 1235712
2026-10-03 16:22:37,672 [RSIAT_adapter.py] => Learning on 60-80
2026-10-03 16:22:37,761 [RSIAT_adapter.py] => QKSR calibration task=3 samples=512 indices=[525, 210, 414, 623, 737, 784, 269, 615, 712, 276, 183, 579, 415, 398, 500, 404, 581, 10, 534, 611, 550, 277, 624, 201, 67, 522, 142, 15, 177, 164, 478, 270, 687, 378, 584, 786, 259, 131, 1, 84, 555, 25, 454, 18, 480, 724, 410, 386, 567, 574, 230, 37, 491, 4, 347, 20, 547, 193, 35, 248, 767, 108, 114, 744, 484, 790, 468, 551, 479, 51, 200, 482, 413, 19, 747, 746, 305, 519, 774, 499, 383, 59, 352, 486, 89, 542, 469, 554, 62, 620, 212, 594, 697, 492, 72, 751, 526, 764, 216, 543, 279, 757, 68, 569, 540, 527, 629, 217, 207, 70, 464, 646, 226, 715, 304, 650, 133, 727, 504, 576, 167, 679, 150, 306, 346, 11, 792, 285, 619, 247, 322, 705, 754, 343, 121, 700, 638, 572, 190, 473, 319, 553, 195, 318, 446, 455, 272, 601, 288, 663, 475, 312, 505, 97, 126, 211, 758, 242, 331, 262, 485, 351, 158, 330, 462, 745, 82, 440, 635, 641, 562, 545, 169, 402, 30, 690, 742, 418, 240, 403, 55, 451, 549, 658, 32, 287, 706, 321, 371, 17, 701, 405, 457, 778, 471, 721, 168, 154, 134, 214, 673, 639, 769, 465, 296, 22, 293, 556, 763, 395, 704, 731, 5, 544, 614, 361, 13, 735, 365, 753, 136, 707, 382, 524, 324, 474, 52, 56, 255, 722, 520, 528, 396, 719, 74, 299, 250, 146, 203, 441, 430, 684, 58, 546, 510, 368, 768, 57, 433, 692, 340, 116, 115, 234, 61, 709, 622, 442, 513, 100, 71, 77, 106, 76, 332, 675, 509, 756, 714, 797, 453, 302, 370, 593, 2, 598, 477, 381, 273, 376, 283, 353, 21, 552, 541, 360, 181, 139, 125, 357, 219, 590, 237, 717, 408, 157, 644, 257, 514, 423, 274, 0, 765, 99, 681, 113, 741, 750, 184, 488, 470, 738, 252, 406, 789, 311, 208, 781, 595, 449, 703, 286, 585, 726, 582, 373, 632, 689, 730, 669, 191, 493, 128, 354, 634, 66, 222, 172, 685, 580, 384, 429, 122, 246, 138, 411, 50, 48, 557, 42, 734, 144, 64, 162, 309, 779, 538, 335, 483, 782, 496, 628, 388, 425, 161, 645, 516, 263, 630, 227, 796, 194, 633, 626, 785, 209, 680, 568, 564, 338, 666, 98, 674, 65, 723, 39, 38, 511, 578, 249, 699, 775, 472, 301, 213, 156, 653, 720, 141, 266, 412, 655, 389, 607, 291, 759, 417, 508, 81, 448, 78, 458, 466, 776, 179, 416, 616, 327, 372, 143, 749, 363, 325, 725, 683, 124, 570, 686, 170, 199, 29, 224, 314, 772, 85, 229, 736, 218, 215, 437, 87, 788, 561, 636, 599, 517, 3, 220, 498, 748, 105, 225, 326, 232, 481, 112, 487, 618, 96, 275, 333, 661, 60, 40, 428, 289, 394, 307, 102, 268, 696, 761, 369, 752, 647, 677, 702, 773, 329, 107, 445, 91, 26, 46, 45, 657, 90, 284, 147, 243, 221, 571, 605, 337, 47, 532, 729, 281, 12, 344, 79, 565, 178, 662, 151, 732, 621, 739, 427, 583, 755, 693]
2026-10-03 16:22:37,762 [RSIAT_adapter.py] => SSCA feature mode: paired_eval
2026-10-03 16:22:41,926 [toolkit.py] => All params: 87165440
2026-10-03 16:22:41,926 [toolkit.py] => Trainable params: 1366784
2026-10-03 16:22:44,793 [RSIAT_adapter.py] => QKSR diagnostics task=3 epoch=1 gamma=0.22178811 gradients_epoch={} kernel_epoch={'batches': 17, 'empty_batches': 0, 'pairs': 47940, 'min': 0.05194483697414398, 'mean': 0.5521673701002628, 'std': 0.23128562521504137, 'max': 1.0, 'histogram_10_bins_0_1': [210, 2777, 4357, 6171, 7481, 7608, 6434, 4969, 3280, 4653], 'self_diagonal_excluded': True} inc_weight=0.083333333
2026-10-03 16:22:47,606 [RSIAT_adapter.py] => QKSR diagnostics task=3 epoch=2 gamma=0.22178811 gradients_epoch={} kernel_epoch={'batches': 17, 'empty_batches': 0, 'pairs': 47940, 'min': 0.05209765210747719, 'mean': 0.556154840008593, 'std': 0.2271402472426619, 'max': 1.0, 'histogram_10_bins_0_1': [162, 2500, 4335, 6162, 7363, 7469, 6760, 5384, 3483, 4322], 'self_diagonal_excluded': True} inc_weight=0.16666667
2026-10-03 16:22:50,410 [RSIAT_adapter.py] => QKSR diagnostics task=3 epoch=3 gamma=0.22178811 gradients_epoch={} kernel_epoch={'batches': 17, 'empty_batches': 0, 'pairs': 47940, 'min': 0.04823650047183037, 'mean': 0.5587666418685465, 'std': 0.23381894775935902, 'max': 1.0, 'histogram_10_bins_0_1': [121, 2570, 4476, 6433, 7029, 7377, 6369, 5050, 3431, 5084], 'self_diagonal_excluded': True} inc_weight=0.25
2026-10-03 16:22:53,218 [RSIAT_adapter.py] => QKSR diagnostics task=3 epoch=4 gamma=0.22178811 gradients_epoch={} kernel_epoch={'batches': 17, 'empty_batches': 0, 'pairs': 47940, 'min': 0.046069130301475525, 'mean': 0.5555072998628797, 'std': 0.23146900071429238, 'max': 1.0, 'histogram_10_bins_0_1': [163, 2681, 4458, 6293, 6998, 7457, 6590, 5141, 3603, 4556], 'self_diagonal_excluded': True} inc_weight=0.25
2026-10-03 16:22:56,027 [RSIAT_adapter.py] => QKSR diagnostics task=3 epoch=5 gamma=0.22178811 gradients_epoch={} kernel_epoch={'batches': 17, 'empty_batches': 0, 'pairs': 47940, 'min': 0.046489208936691284, 'mean': 0.5533812748841728, 'std': 0.2348411665983428, 'max': 1.0, 'histogram_10_bins_0_1': [223, 2712, 4667, 6338, 7151, 7338, 6195, 4924, 3502, 4890], 'self_diagonal_excluded': True} inc_weight=0.25
2026-10-03 16:22:58,835 [RSIAT_adapter.py] => QKSR diagnostics task=3 epoch=6 gamma=0.22178811 gradients_epoch={} kernel_epoch={'batches': 17, 'empty_batches': 0, 'pairs': 47940, 'min': 0.05597537010908127, 'mean': 0.55485961278104, 'std': 0.23326188931215067, 'max': 1.0, 'histogram_10_bins_0_1': [183, 2475, 4785, 6367, 7252, 7339, 6265, 4938, 3388, 4948], 'self_diagonal_excluded': True} inc_weight=0.25
2026-10-03 16:23:01,628 [RSIAT_adapter.py] => QKSR diagnostics task=3 epoch=7 gamma=0.22178811 gradients_epoch={} kernel_epoch={'batches': 17, 'empty_batches': 0, 'pairs': 47940, 'min': 0.04629168286919594, 'mean': 0.5583830957239961, 'std': 0.22972339529152686, 'max': 1.0, 'histogram_10_bins_0_1': [172, 2256, 4535, 6336, 7141, 7663, 6497, 5194, 3371, 4775], 'self_diagonal_excluded': True} inc_weight=0.25
2026-10-03 16:23:04,457 [RSIAT_adapter.py] => QKSR diagnostics task=3 epoch=8 gamma=0.22178811 gradients_epoch={} kernel_epoch={'batches': 17, 'empty_batches': 0, 'pairs': 47940, 'min': 0.05013826861977577, 'mean': 0.5526797694585748, 'std': 0.22872805436083984, 'max': 1.0, 'histogram_10_bins_0_1': [154, 2547, 4545, 6287, 7441, 7329, 6558, 5245, 3480, 4354], 'self_diagonal_excluded': True} inc_weight=0.25
2026-10-03 16:23:07,266 [RSIAT_adapter.py] => QKSR diagnostics task=3 epoch=9 gamma=0.22178811 gradients_epoch={} kernel_epoch={'batches': 17, 'empty_batches': 0, 'pairs': 47940, 'min': 0.04638451337814331, 'mean': 0.5610254949536121, 'std': 0.23051013375178778, 'max': 1.0, 'histogram_10_bins_0_1': [125, 2434, 4395, 6062, 7186, 7551, 6659, 5109, 3559, 4860], 'self_diagonal_excluded': True} inc_weight=0.25
2026-10-03 16:23:10,084 [RSIAT_adapter.py] => QKSR diagnostics task=3 epoch=10 gamma=0.22178811 gradients_epoch={} kernel_epoch={'batches': 17, 'empty_batches': 0, 'pairs': 47940, 'min': 0.051324229687452316, 'mean': 0.5586305766496582, 'std': 0.22990956253540093, 'max': 1.0, 'histogram_10_bins_0_1': [147, 2443, 4337, 6284, 7364, 7488, 6521, 5112, 3420, 4824], 'self_diagonal_excluded': True} inc_weight=0.25
2026-10-03 16:23:12,898 [RSIAT_adapter.py] => QKSR diagnostics task=3 epoch=11 gamma=0.22178811 gradients_epoch={} kernel_epoch={'batches': 17, 'empty_batches': 0, 'pairs': 47940, 'min': 0.04953264445066452, 'mean': 0.552727649566198, 'std': 0.23304903884053493, 'max': 1.0, 'histogram_10_bins_0_1': [108, 2648, 4706, 6448, 7280, 7512, 6196, 4789, 3241, 5012], 'self_diagonal_excluded': True} inc_weight=0.25
2026-10-03 16:23:15,700 [RSIAT_adapter.py] => QKSR diagnostics task=3 epoch=12 gamma=0.22178811 gradients_epoch={} kernel_epoch={'batches': 17, 'empty_batches': 0, 'pairs': 47940, 'min': 0.048393040895462036, 'mean': 0.5551071477433046, 'std': 0.2307189318030369, 'max': 1.0, 'histogram_10_bins_0_1': [133, 2614, 4641, 5929, 7469, 7431, 6382, 5339, 3390, 4612], 'self_diagonal_excluded': True} inc_weight=0.25
2026-10-03 16:23:18,515 [RSIAT_adapter.py] => QKSR diagnostics task=3 epoch=13 gamma=0.22178811 gradients_epoch={} kernel_epoch={'batches': 17, 'empty_batches': 0, 'pairs': 47940, 'min': 0.057042110711336136, 'mean': 0.5557766838357456, 'std': 0.2275889375830169, 'max': 1.0, 'histogram_10_bins_0_1': [102, 2521, 4430, 6222, 7272, 7537, 6792, 5164, 3422, 4478], 'self_diagonal_excluded': True} inc_weight=0.25
2026-10-03 16:23:21,314 [RSIAT_adapter.py] => QKSR diagnostics task=3 epoch=14 gamma=0.22178811 gradients_epoch={} kernel_epoch={'batches': 17, 'empty_batches': 0, 'pairs': 47940, 'min': 0.04523967579007149, 'mean': 0.5543773872871068, 'std': 0.2317008230331437, 'max': 1.0, 'histogram_10_bins_0_1': [216, 2540, 4438, 6348, 7315, 7545, 6393, 4977, 3427, 4741], 'self_diagonal_excluded': True} inc_weight=0.25
2026-10-03 16:23:25,932 [RSIAT_adapter.py] => QKSR diagnostics task=3 epoch=15 gamma=0.22178811 gradients_epoch={} kernel_epoch={'batches': 17, 'empty_batches': 0, 'pairs': 47940, 'min': 0.06758303195238113, 'mean': 0.5547980815431738, 'std': 0.22933897654236535, 'max': 1.0, 'histogram_10_bins_0_1': [105, 2412, 4572, 6419, 7247, 7643, 6557, 4846, 3495, 4644], 'self_diagonal_excluded': True} inc_weight=0.25
2026-10-03 16:23:25,933 [RSIAT_adapter.py] => Task 3, Epoch 15/15 => Loss 3.421, Loss_c 2.913, Losses_rt 0.508, Train_accy 81.48, Test_accy 75.17, Time 2.80s
2026-10-03 16:23:25,933 [RSIAT_adapter.py] => Task 3 peak GPU memory: 4876.63 MiB
2026-10-03 16:23:31,497 [RSIAT_adapter.py] => Statistics transport task=3: {'accepted': True, 'reason': 'guarded_ridge', 'pairs': 799, 'validation_map_mse': 0.02577246137148305, 'validation_identity_mse': 0.03542230301809651, 'rank': 32, 'validation_gain': 0.27242276262171783, 'trust_min': 0.17693289784833854, 'trust_mean': 0.19618328434663443, 'trust_max': 0.22708853304979784, 'supported_classes': 60}
2026-10-03 16:23:42,971 [base.py] => Stage metrics task=3 stage=pre_ca split=test accuracy={'total': 75.17, '00-09': 70.0, '10-19': 77.67, '20-29': 77.55, '30-39': 69.0, '40-49': 71.43, '50-59': 84.13, '60-69': 78.07, '70-79': 74.19, 'old': 74.71, 'new': 76.33}
2026-10-03 16:23:43,142 [base.py] => CA Task 3 => Loss 0.104, Test_accy skipped
2026-10-03 16:23:43,308 [base.py] => CA Task 3 => Loss 0.081, Test_accy skipped
2026-10-03 16:23:43,474 [base.py] => CA Task 3 => Loss 0.075, Test_accy skipped
2026-10-03 16:23:43,639 [base.py] => CA Task 3 => Loss 0.068, Test_accy skipped
2026-10-03 16:23:43,804 [base.py] => CA Task 3 => Loss 0.065, Test_accy skipped
2026-10-03 16:23:43,969 [base.py] => CA Task 3 => Loss 0.064, Test_accy skipped
2026-10-03 16:23:44,134 [base.py] => CA Task 3 => Loss 0.060, Test_accy skipped
2026-10-03 16:23:44,299 [base.py] => CA Task 3 => Loss 0.059, Test_accy skipped
2026-10-03 16:23:44,464 [base.py] => CA Task 3 => Loss 0.059, Test_accy skipped
2026-10-03 16:23:46,339 [base.py] => CA Task 3 => Loss 0.058, Test_accy 76.280
2026-10-03 16:23:50,136 [base.py] => Stage metrics task=3 stage=post_ca split=test accuracy={'total': 76.28, '00-09': 68.75, '10-19': 77.67, '20-29': 77.55, '30-39': 75.0, '40-49': 70.0, '50-59': 87.3, '60-69': 83.33, '70-79': 69.89, 'old': 75.88, 'new': 77.29}
2026-10-03 16:23:50,137 [RSIAT_adapter.py] => CA accuracy delta task=3 total=1.1100 old=1.1700 new=0.9600
2026-10-03 16:23:50,137 [trainer.py] => Evaluation split: test
2026-10-03 16:23:51,818 [trainer.py] => CNN: {'total': 76.28, '00-09': 68.75, '10-19': 77.67, '20-29': 77.55, '30-39': 75.0, '40-49': 70.0, '50-59': 87.3, '60-69': 83.33, '70-79': 69.89, 'old': 75.88, 'new': 77.29}
2026-10-03 16:23:51,819 [trainer.py] => Continual metrics after task 3: BWT=-8.6633, forgetting=8.6633, task_acc=[73.77, 76.26, 78.2, 77.29]
2026-10-03 16:23:52,035 [base.py] => Saved checkpoint: /kaggle/working/qksr_ablation_runs/ckpt/imageneta_G6_cov_shrinkage_full/imageneta/20_20/seed_1993/task_3.pkl
2026-10-03 16:23:52,041 [trainer.py] => CNN top1 curve: [87.43, 82.15, 79.96, 76.28]
2026-10-03 16:23:52,041 [trainer.py] => CNN top5 curve: [98.36, 96.33, 94.75, 93.07]
2026-10-03 16:23:52,041 [trainer.py] => Average Accuracy (CNN): 81.455
2026-10-03 16:23:52,041 [trainer.py] => All params: 87049728
2026-10-03 16:23:52,042 [trainer.py] => Trainable params: 1251072
2026-10-03 16:23:52,044 [RSIAT_adapter.py] => Learning on 80-100
2026-10-03 16:23:52,135 [RSIAT_adapter.py] => QKSR calibration task=4 samples=512 indices=[240, 222, 143, 202, 130, 495, 312, 141, 363, 205, 261, 99, 329, 367, 482, 436, 500, 504, 133, 167, 392, 335, 268, 28, 379, 120, 466, 40, 447, 159, 368, 85, 481, 234, 403, 514, 291, 491, 400, 428, 182, 83, 346, 138, 450, 307, 241, 273, 463, 208, 3, 37, 446, 370, 65, 366, 125, 168, 219, 38, 20, 521, 354, 509, 333, 423, 319, 344, 281, 394, 98, 462, 523, 308, 39, 172, 377, 59, 474, 80, 320, 477, 170, 522, 441, 7, 386, 31, 413, 349, 22, 327, 445, 488, 427, 515, 1, 15, 422, 251, 186, 399, 464, 437, 424, 351, 506, 236, 148, 26, 266, 415, 520, 218, 384, 350, 214, 108, 239, 373, 360, 296, 95, 328, 82, 203, 75, 195, 197, 310, 311, 2, 25, 401, 32, 265, 318, 64, 169, 365, 142, 216, 438, 457, 193, 176, 72, 324, 238, 420, 92, 161, 355, 411, 200, 162, 30, 409, 17, 44, 11, 300, 339, 35, 405, 235, 33, 280, 131, 371, 402, 316, 6, 175, 14, 90, 478, 183, 146, 104, 361, 111, 192, 417, 100, 421, 408, 390, 410, 181, 458, 456, 250, 485, 306, 502, 109, 289, 342, 269, 191, 16, 110, 347, 406, 49, 107, 369, 393, 345, 0, 196, 282, 287, 212, 244, 166, 226, 270, 358, 242, 364, 352, 232, 387, 511, 510, 314, 171, 454, 62, 453, 272, 97, 486, 88, 174, 230, 334, 497, 43, 210, 84, 224, 309, 105, 283, 60, 158, 184, 519, 147, 388, 81, 89, 398, 380, 404, 284, 274, 518, 331, 189, 498, 50, 29, 155, 315, 56, 54, 277, 209, 246, 55, 160, 303, 101, 215, 340, 164, 431, 513, 254, 263, 449, 313, 68, 418, 86, 489, 460, 145, 381, 127, 217, 435, 9, 47, 508, 150, 501, 136, 220, 188, 5, 476, 247, 395, 517, 63, 434, 178, 430, 36, 227, 19, 356, 524, 255, 467, 177, 179, 140, 58, 126, 473, 69, 93, 443, 372, 73, 237, 223, 262, 115, 96, 484, 135, 471, 285, 114, 180, 389, 256, 252, 119, 492, 66, 461, 323, 245, 70, 221, 201, 211, 385, 407, 357, 525, 444, 397, 122, 442, 45, 362, 348, 455, 425, 163, 24, 185, 260, 279, 433, 468, 187, 23, 304, 228, 4, 336, 156, 137, 264, 341, 448, 76, 286, 343, 483, 233, 213, 301, 275, 18, 383, 512, 412, 41, 132, 151, 374, 128, 259, 503, 248, 292, 278, 426, 338, 299, 432, 451, 113, 71, 470, 10, 165, 207, 8, 276, 375, 326, 376, 53, 91, 57, 42, 13, 46, 496, 293, 382, 516, 21, 112, 154, 359, 87, 494, 302, 353, 116, 157, 34, 144, 391, 297, 52, 505, 288, 149, 440, 121, 194, 152, 499, 475, 439, 479, 325, 480, 61, 317, 258, 396, 243, 271, 79, 198, 298, 321, 332, 12, 231, 77, 322, 204, 118, 472, 337, 206, 225, 123, 452, 469, 493, 490, 117, 487, 419, 229, 124, 459, 102, 305, 330, 294, 290, 378, 134, 129, 48, 94, 190, 416, 139, 295, 507, 414, 253, 103]
2026-10-03 16:23:52,137 [RSIAT_adapter.py] => SSCA feature mode: paired_eval
2026-10-03 16:23:54,920 [toolkit.py] => All params: 87180800
2026-10-03 16:23:54,920 [toolkit.py] => Trainable params: 1382144
2026-10-03 16:23:56,877 [RSIAT_adapter.py] => QKSR diagnostics task=4 epoch=1 gamma=0.22178811 gradients_epoch={} kernel_epoch={'batches': 11, 'empty_batches': 0, 'pairs': 42080, 'min': 0.058135777711868286, 'mean': 0.570926252315653, 'std': 0.2289005517575577, 'max': 1.0, 'histogram_10_bins_0_1': [266, 1652, 3585, 5412, 6156, 6196, 5959, 5107, 3685, 4062], 'self_diagonal_excluded': True} inc_weight=0.083333333
2026-10-03 16:23:58,789 [RSIAT_adapter.py] => QKSR diagnostics task=4 epoch=2 gamma=0.22178811 gradients_epoch={} kernel_epoch={'batches': 11, 'empty_batches': 0, 'pairs': 42080, 'min': 0.04554973915219307, 'mean': 0.5759573514109385, 'std': 0.22886771054593333, 'max': 1.0, 'histogram_10_bins_0_1': [280, 1769, 3138, 5383, 6063, 6121, 5935, 5425, 3947, 4019], 'self_diagonal_excluded': True} inc_weight=0.16666667
2026-10-03 16:24:00,713 [RSIAT_adapter.py] => QKSR diagnostics task=4 epoch=3 gamma=0.22178811 gradients_epoch={} kernel_epoch={'batches': 11, 'empty_batches': 0, 'pairs': 42080, 'min': 0.048962514847517014, 'mean': 0.5683632483960841, 'std': 0.22576744213644492, 'max': 1.0, 'histogram_10_bins_0_1': [317, 1723, 3446, 5508, 5957, 6039, 6373, 5477, 3643, 3597], 'self_diagonal_excluded': True} inc_weight=0.25
2026-10-03 16:24:02,606 [RSIAT_adapter.py] => QKSR diagnostics task=4 epoch=4 gamma=0.22178811 gradients_epoch={} kernel_epoch={'batches': 11, 'empty_batches': 0, 'pairs': 42080, 'min': 0.06276525557041168, 'mean': 0.5767550465989036, 'std': 0.2255227874654136, 'max': 1.0, 'histogram_10_bins_0_1': [240, 1615, 3237, 5260, 6066, 6369, 5996, 5419, 3968, 3910], 'self_diagonal_excluded': True} inc_weight=0.25
2026-10-03 16:24:04,493 [RSIAT_adapter.py] => QKSR diagnostics task=4 epoch=5 gamma=0.22178811 gradients_epoch={} kernel_epoch={'batches': 11, 'empty_batches': 0, 'pairs': 42080, 'min': 0.05425313860177994, 'mean': 0.5671774904507464, 'std': 0.22962830879602195, 'max': 1.0, 'histogram_10_bins_0_1': [375, 1870, 3284, 5637, 6174, 5953, 5981, 5274, 3724, 3808], 'self_diagonal_excluded': True} inc_weight=0.25
2026-10-03 16:24:06,373 [RSIAT_adapter.py] => QKSR diagnostics task=4 epoch=6 gamma=0.22178811 gradients_epoch={} kernel_epoch={'batches': 11, 'empty_batches': 0, 'pairs': 42080, 'min': 0.05129017308354378, 'mean': 0.581235421743127, 'std': 0.2232324648745336, 'max': 1.0, 'histogram_10_bins_0_1': [208, 1506, 3183, 5165, 5971, 6108, 6289, 5721, 4275, 3654], 'self_diagonal_excluded': True} inc_weight=0.25
2026-10-03 16:24:08,253 [RSIAT_adapter.py] => QKSR diagnostics task=4 epoch=7 gamma=0.22178811 gradients_epoch={} kernel_epoch={'batches': 11, 'empty_batches': 0, 'pairs': 42080, 'min': 0.055342577397823334, 'mean': 0.5734950067741024, 'std': 0.22606699106451555, 'max': 1.0, 'histogram_10_bins_0_1': [216, 1701, 3367, 5339, 6155, 6060, 6110, 5474, 3913, 3745], 'self_diagonal_excluded': True} inc_weight=0.25
2026-10-03 16:24:10,123 [RSIAT_adapter.py] => QKSR diagnostics task=4 epoch=8 gamma=0.22178811 gradients_epoch={} kernel_epoch={'batches': 11, 'empty_batches': 0, 'pairs': 42080, 'min': 0.047181859612464905, 'mean': 0.5734882625687456, 'std': 0.22528884308354089, 'max': 1.0, 'histogram_10_bins_0_1': [251, 1572, 3271, 5520, 6098, 6342, 6027, 5276, 3897, 3826], 'self_diagonal_excluded': True} inc_weight=0.25
2026-10-03 16:24:12,005 [RSIAT_adapter.py] => QKSR diagnostics task=4 epoch=9 gamma=0.22178811 gradients_epoch={} kernel_epoch={'batches': 11, 'empty_batches': 0, 'pairs': 42080, 'min': 0.0461886003613472, 'mean': 0.5716121213966555, 'std': 0.23067810276263842, 'max': 1.0, 'histogram_10_bins_0_1': [320, 1855, 3340, 5543, 6165, 5825, 5725, 5338, 4028, 3941], 'self_diagonal_excluded': True} inc_weight=0.25
2026-10-03 16:24:13,898 [RSIAT_adapter.py] => QKSR diagnostics task=4 epoch=10 gamma=0.22178811 gradients_epoch={} kernel_epoch={'batches': 11, 'empty_batches': 0, 'pairs': 42080, 'min': 0.07403912395238876, 'mean': 0.5705478218897554, 'std': 0.22577788834087192, 'max': 1.0, 'histogram_10_bins_0_1': [182, 1636, 3662, 5286, 6265, 5942, 6160, 5514, 3719, 3714], 'self_diagonal_excluded': True} inc_weight=0.25
2026-10-03 16:24:15,771 [RSIAT_adapter.py] => QKSR diagnostics task=4 epoch=11 gamma=0.22178811 gradients_epoch={} kernel_epoch={'batches': 11, 'empty_batches': 0, 'pairs': 42080, 'min': 0.04359539598226547, 'mean': 0.5756721746530596, 'std': 0.22637468923583412, 'max': 1.0, 'histogram_10_bins_0_1': [217, 1546, 3431, 5445, 5971, 6078, 6065, 5458, 3902, 3967], 'self_diagonal_excluded': True} inc_weight=0.25
2026-10-03 16:24:17,649 [RSIAT_adapter.py] => QKSR diagnostics task=4 epoch=12 gamma=0.22178811 gradients_epoch={} kernel_epoch={'batches': 11, 'empty_batches': 0, 'pairs': 42080, 'min': 0.07037671655416489, 'mean': 0.5701998737396339, 'std': 0.2297467467291319, 'max': 1.0, 'histogram_10_bins_0_1': [214, 1983, 3322, 5725, 6011, 5761, 5842, 5334, 3967, 3921], 'self_diagonal_excluded': True} inc_weight=0.25
2026-10-03 16:24:19,523 [RSIAT_adapter.py] => QKSR diagnostics task=4 epoch=13 gamma=0.22178811 gradients_epoch={} kernel_epoch={'batches': 11, 'empty_batches': 0, 'pairs': 42080, 'min': 0.05572866275906563, 'mean': 0.5684324627767844, 'std': 0.229705776193911, 'max': 1.0, 'histogram_10_bins_0_1': [291, 1789, 3484, 5741, 5877, 6175, 5951, 5125, 3636, 4011], 'self_diagonal_excluded': True} inc_weight=0.25
2026-10-03 16:24:21,422 [RSIAT_adapter.py] => QKSR diagnostics task=4 epoch=14 gamma=0.22178811 gradients_epoch={} kernel_epoch={'batches': 11, 'empty_batches': 0, 'pairs': 42080, 'min': 0.054212410002946854, 'mean': 0.5670282798518246, 'std': 0.22272956934982252, 'max': 1.0, 'histogram_10_bins_0_1': [257, 1576, 3456, 5583, 6307, 6149, 6170, 5464, 3748, 3370], 'self_diagonal_excluded': True} inc_weight=0.25
2026-10-03 16:24:25,510 [RSIAT_adapter.py] => QKSR diagnostics task=4 epoch=15 gamma=0.22178811 gradients_epoch={} kernel_epoch={'batches': 11, 'empty_batches': 0, 'pairs': 42080, 'min': 0.049334511160850525, 'mean': 0.5727556449580696, 'std': 0.2241272161808029, 'max': 1.0, 'histogram_10_bins_0_1': [260, 1521, 3446, 5301, 6126, 6273, 6249, 5457, 3777, 3670], 'self_diagonal_excluded': True} inc_weight=0.25
2026-10-03 16:24:25,510 [RSIAT_adapter.py] => Task 4, Epoch 15/15 => Loss 3.183, Loss_c 2.654, Losses_rt 0.528, Train_accy 82.70, Test_accy 73.67, Time 1.90s
2026-10-03 16:24:25,511 [RSIAT_adapter.py] => Task 4 peak GPU memory: 4871.38 MiB
2026-10-03 16:24:29,225 [RSIAT_adapter.py] => Statistics transport task=4: {'accepted': True, 'reason': 'guarded_ridge', 'pairs': 526, 'validation_map_mse': 0.025343981045849357, 'validation_identity_mse': 0.03444461394431561, 'rank': 32, 'validation_gain': 0.26421062268773465, 'trust_min': 0.17114330780926673, 'trust_mean': 0.19167480364519524, 'trust_max': 0.2202621714244993, 'supported_classes': 80}
2026-10-03 16:24:39,883 [base.py] => Stage metrics task=4 stage=pre_ca split=test accuracy={'total': 73.67, '00-09': 62.5, '10-19': 75.73, '20-29': 73.47, '30-39': 71.0, '40-49': 65.71, '50-59': 85.71, '60-69': 81.58, '70-79': 68.82, '80-89': 80.77, '90-99': 69.84, 'old': 73.23, 'new': 75.89}
2026-10-03 16:24:40,097 [base.py] => CA Task 4 => Loss 0.096, Test_accy skipped
2026-10-03 16:24:40,307 [base.py] => CA Task 4 => Loss 0.081, Test_accy skipped
2026-10-03 16:24:40,515 [base.py] => CA Task 4 => Loss 0.077, Test_accy skipped
2026-10-03 16:24:40,724 [base.py] => CA Task 4 => Loss 0.071, Test_accy skipped
2026-10-03 16:24:40,933 [base.py] => CA Task 4 => Loss 0.067, Test_accy skipped
2026-10-03 16:24:41,142 [base.py] => CA Task 4 => Loss 0.065, Test_accy skipped
2026-10-03 16:24:41,351 [base.py] => CA Task 4 => Loss 0.064, Test_accy skipped
2026-10-03 16:24:41,561 [base.py] => CA Task 4 => Loss 0.064, Test_accy skipped
2026-10-03 16:24:41,770 [base.py] => CA Task 4 => Loss 0.064, Test_accy skipped
2026-10-03 16:24:43,957 [base.py] => CA Task 4 => Loss 0.064, Test_accy 74.250
2026-10-03 16:24:48,512 [base.py] => Stage metrics task=4 stage=post_ca split=test accuracy={'total': 74.25, '00-09': 62.5, '10-19': 76.7, '20-29': 74.49, '30-39': 73.0, '40-49': 71.43, '50-59': 84.13, '60-69': 81.58, '70-79': 67.74, '80-89': 75.64, '90-99': 74.6, 'old': 74.06, 'new': 75.18}
2026-10-03 16:24:48,512 [RSIAT_adapter.py] => CA accuracy delta task=4 total=0.5800 old=0.8300 new=-0.7100
2026-10-03 16:24:48,512 [trainer.py] => Evaluation split: test
2026-10-03 16:24:50,409 [trainer.py] => CNN: {'total': 74.25, '00-09': 62.5, '10-19': 76.7, '20-29': 74.49, '30-39': 73.0, '40-49': 71.43, '50-59': 84.13, '60-69': 81.58, '70-79': 67.74, '80-89': 75.64, '90-99': 74.6, 'old': 74.06, 'new': 75.18}
2026-10-03 16:24:50,409 [trainer.py] => Continual metrics after task 4: BWT=-8.6200, forgetting=8.6200, task_acc=[70.49, 73.74, 77.44, 75.36, 75.18]
2026-10-03 16:24:50,635 [base.py] => Saved checkpoint: /kaggle/working/qksr_ablation_runs/ckpt/imageneta_G6_cov_shrinkage_full/imageneta/20_20/seed_1993/task_4.pkl
2026-10-03 16:24:50,642 [trainer.py] => CNN top1 curve: [87.43, 82.15, 79.96, 76.28, 74.25]
2026-10-03 16:24:50,642 [trainer.py] => CNN top5 curve: [98.36, 96.33, 94.75, 93.07, 91.42]
2026-10-03 16:24:50,642 [trainer.py] => Average Accuracy (CNN): 80.014
2026-10-03 16:24:50,642 [trainer.py] => All params: 87065088
2026-10-03 16:24:50,643 [trainer.py] => Trainable params: 1266432
2026-10-03 16:24:50,644 [RSIAT_adapter.py] => Learning on 100-120
2026-10-03 16:24:50,733 [RSIAT_adapter.py] => QKSR calibration task=5 samples=512 indices=[74, 337, 452, 379, 218, 200, 262, 110, 454, 255, 288, 159, 468, 277, 92, 478, 43, 96, 344, 156, 460, 436, 98, 166, 384, 69, 342, 357, 260, 306, 127, 233, 402, 158, 461, 415, 272, 128, 350, 104, 23, 377, 105, 187, 226, 338, 303, 239, 496, 429, 490, 213, 385, 428, 59, 290, 257, 201, 364, 506, 440, 134, 339, 236, 316, 112, 497, 24, 433, 271, 326, 13, 489, 237, 120, 301, 240, 174, 253, 516, 467, 77, 140, 390, 56, 434, 375, 265, 438, 22, 324, 332, 39, 331, 349, 212, 395, 32, 85, 64, 500, 0, 1, 378, 504, 175, 448, 84, 494, 139, 151, 168, 502, 25, 409, 447, 356, 420, 422, 148, 214, 152, 188, 312, 414, 53, 300, 315, 361, 308, 161, 493, 382, 235, 246, 370, 38, 16, 48, 302, 20, 499, 352, 10, 162, 138, 169, 227, 310, 407, 403, 296, 181, 4, 305, 126, 179, 103, 209, 7, 449, 446, 465, 149, 492, 142, 474, 205, 80, 393, 35, 453, 397, 466, 137, 387, 176, 275, 340, 81, 118, 203, 196, 276, 195, 124, 182, 376, 473, 155, 476, 28, 50, 282, 178, 369, 314, 229, 79, 283, 386, 417, 27, 86, 421, 223, 184, 167, 83, 150, 26, 268, 470, 443, 52, 100, 345, 358, 164, 287, 455, 62, 256, 327, 6, 488, 31, 297, 456, 346, 117, 269, 392, 232, 157, 469, 321, 353, 198, 251, 54, 215, 133, 11, 192, 279, 372, 177, 487, 72, 219, 511, 63, 286, 404, 40, 248, 445, 509, 147, 284, 123, 430, 225, 292, 121, 221, 424, 336, 90, 351, 8, 211, 334, 144, 512, 459, 313, 267, 348, 485, 206, 464, 51, 186, 230, 285, 299, 281, 507, 398, 278, 45, 190, 451, 15, 355, 368, 141, 66, 145, 298, 479, 65, 501, 99, 273, 503, 49, 475, 73, 165, 425, 132, 76, 435, 143, 183, 36, 242, 130, 400, 89, 189, 381, 495, 471, 508, 371, 383, 9, 88, 202, 160, 146, 82, 289, 199, 58, 224, 325, 180, 204, 114, 5, 109, 442, 119, 111, 388, 234, 437, 484, 359, 263, 510, 491, 70, 374, 463, 18, 33, 217, 363, 14, 389, 462, 243, 231, 67, 129, 333, 480, 441, 410, 29, 330, 408, 216, 319, 37, 30, 3, 95, 41, 416, 259, 97, 423, 335, 360, 270, 266, 247, 68, 362, 431, 450, 406, 505, 401, 412, 91, 380, 444, 307, 87, 280, 102, 172, 185, 61, 12, 343, 245, 472, 439, 311, 163, 125, 171, 222, 17, 320, 405, 261, 457, 481, 354, 295, 210, 291, 71, 154, 322, 418, 173, 197, 294, 413, 250, 252, 254, 34, 21, 258, 60, 191, 486, 329, 365, 341, 241, 498, 396, 47, 19, 244, 483, 107, 391, 55, 78, 318, 238, 477, 419, 193, 93, 427, 249, 426, 328, 131, 514, 194, 366, 399, 458, 113, 57, 42, 170, 44, 411, 432, 208, 513, 309, 116, 373, 108, 293, 228, 317, 323, 274, 2, 515, 304, 122, 101, 482, 136, 115, 135, 46, 106, 367, 347, 75, 264]
2026-10-03 16:24:50,735 [RSIAT_adapter.py] => SSCA feature mode: paired_eval
2026-10-03 16:24:53,512 [toolkit.py] => All params: 87196160
2026-10-03 16:24:53,513 [toolkit.py] => Trainable params: 1397504
2026-10-03 16:24:55,440 [RSIAT_adapter.py] => QKSR diagnostics task=5 epoch=1 gamma=0.22178811 gradients_epoch={} kernel_epoch={'batches': 11, 'empty_batches': 0, 'pairs': 51700, 'min': 0.05420752242207527, 'mean': 0.5699518213188366, 'std': 0.22250854651327373, 'max': 1.0, 'histogram_10_bins_0_1': [294, 2022, 3830, 7101, 7474, 7581, 7634, 7081, 4572, 4111], 'self_diagonal_excluded': True} inc_weight=0.083333333
2026-10-03 16:24:57,331 [RSIAT_adapter.py] => QKSR diagnostics task=5 epoch=2 gamma=0.22178811 gradients_epoch={} kernel_epoch={'batches': 11, 'empty_batches': 0, 'pairs': 51700, 'min': 0.03984798491001129, 'mean': 0.5775710740037681, 'std': 0.22104095879424404, 'max': 1.0, 'histogram_10_bins_0_1': [280, 1903, 3512, 6676, 7808, 7448, 7789, 7085, 4984, 4215], 'self_diagonal_excluded': True} inc_weight=0.16666667
2026-10-03 16:24:59,191 [RSIAT_adapter.py] => QKSR diagnostics task=5 epoch=3 gamma=0.22178811 gradients_epoch={} kernel_epoch={'batches': 11, 'empty_batches': 0, 'pairs': 51700, 'min': 0.04857278987765312, 'mean': 0.5841471167454925, 'std': 0.21676369493811093, 'max': 1.0, 'histogram_10_bins_0_1': [215, 1532, 3496, 6455, 7738, 7483, 7889, 7739, 5046, 4107], 'self_diagonal_excluded': True} inc_weight=0.25
2026-10-03 16:25:01,040 [RSIAT_adapter.py] => QKSR diagnostics task=5 epoch=4 gamma=0.22178811 gradients_epoch={} kernel_epoch={'batches': 11, 'empty_batches': 0, 'pairs': 51700, 'min': 0.048396818339824677, 'mean': 0.5775135096580482, 'std': 0.22139163758957592, 'max': 1.0, 'histogram_10_bins_0_1': [215, 1811, 3736, 6837, 7659, 7316, 7910, 7099, 4729, 4388], 'self_diagonal_excluded': True} inc_weight=0.25
2026-10-03 16:25:02,877 [RSIAT_adapter.py] => QKSR diagnostics task=5 epoch=5 gamma=0.22178811 gradients_epoch={} kernel_epoch={'batches': 11, 'empty_batches': 0, 'pairs': 51700, 'min': 0.05215193331241608, 'mean': 0.5793684960444182, 'std': 0.22240977833091902, 'max': 1.0, 'histogram_10_bins_0_1': [217, 1756, 3652, 6926, 7584, 7429, 7668, 7083, 4762, 4623], 'self_diagonal_excluded': True} inc_weight=0.25
2026-10-03 16:25:04,731 [RSIAT_adapter.py] => QKSR diagnostics task=5 epoch=6 gamma=0.22178811 gradients_epoch={} kernel_epoch={'batches': 11, 'empty_batches': 0, 'pairs': 51700, 'min': 0.047010041773319244, 'mean': 0.5770100413361561, 'std': 0.2219433353821269, 'max': 1.0, 'histogram_10_bins_0_1': [272, 1811, 3600, 6804, 7903, 7416, 7726, 6982, 4711, 4475], 'self_diagonal_excluded': True} inc_weight=0.25
2026-10-03 16:25:06,585 [RSIAT_adapter.py] => QKSR diagnostics task=5 epoch=7 gamma=0.22178811 gradients_epoch={} kernel_epoch={'batches': 11, 'empty_batches': 0, 'pairs': 51700, 'min': 0.04558103531599045, 'mean': 0.5778418710821343, 'std': 0.2204261018485634, 'max': 1.0, 'histogram_10_bins_0_1': [250, 1655, 3640, 6928, 7877, 7358, 7621, 7344, 4740, 4287], 'self_diagonal_excluded': True} inc_weight=0.25
2026-10-03 16:25:08,446 [RSIAT_adapter.py] => QKSR diagnostics task=5 epoch=8 gamma=0.22178811 gradients_epoch={} kernel_epoch={'batches': 11, 'empty_batches': 0, 'pairs': 51700, 'min': 0.046955958008766174, 'mean': 0.5752037196891018, 'std': 0.22008992946596445, 'max': 1.0, 'histogram_10_bins_0_1': [237, 1990, 3755, 6668, 7445, 7396, 7891, 7425, 5039, 3854], 'self_diagonal_excluded': True} inc_weight=0.25
2026-10-03 16:25:10,298 [RSIAT_adapter.py] => QKSR diagnostics task=5 epoch=9 gamma=0.22178811 gradients_epoch={} kernel_epoch={'batches': 11, 'empty_batches': 0, 'pairs': 51700, 'min': 0.05929284542798996, 'mean': 0.5803750991005616, 'std': 0.2188476462931594, 'max': 1.0, 'histogram_10_bins_0_1': [172, 1655, 3461, 6799, 7982, 7635, 7777, 7012, 4770, 4437], 'self_diagonal_excluded': True} inc_weight=0.25
2026-10-03 16:25:12,145 [RSIAT_adapter.py] => QKSR diagnostics task=5 epoch=10 gamma=0.22178811 gradients_epoch={} kernel_epoch={'batches': 11, 'empty_batches': 0, 'pairs': 51700, 'min': 0.05866359919309616, 'mean': 0.5835396133876285, 'std': 0.21666680220620615, 'max': 1.0, 'histogram_10_bins_0_1': [195, 1515, 3365, 6601, 7845, 7620, 7865, 7475, 5028, 4191], 'self_diagonal_excluded': True} inc_weight=0.25
2026-10-03 16:25:13,997 [RSIAT_adapter.py] => QKSR diagnostics task=5 epoch=11 gamma=0.22178811 gradients_epoch={} kernel_epoch={'batches': 11, 'empty_batches': 0, 'pairs': 51700, 'min': 0.056133121252059937, 'mean': 0.5761233761797819, 'std': 0.21875690028037678, 'max': 1.0, 'histogram_10_bins_0_1': [247, 1611, 3657, 6983, 8026, 7359, 7684, 7196, 4784, 4153], 'self_diagonal_excluded': True} inc_weight=0.25
2026-10-03 16:25:15,828 [RSIAT_adapter.py] => QKSR diagnostics task=5 epoch=12 gamma=0.22178811 gradients_epoch={} kernel_epoch={'batches': 11, 'empty_batches': 0, 'pairs': 51700, 'min': 0.03214195743203163, 'mean': 0.5754234994605645, 'std': 0.22157682533748632, 'max': 1.0, 'histogram_10_bins_0_1': [327, 1877, 3415, 6936, 8070, 7271, 7589, 7117, 4900, 4198], 'self_diagonal_excluded': True} inc_weight=0.25
2026-10-03 16:25:17,657 [RSIAT_adapter.py] => QKSR diagnostics task=5 epoch=13 gamma=0.22178811 gradients_epoch={} kernel_epoch={'batches': 11, 'empty_batches': 0, 'pairs': 51700, 'min': 0.05369826406240463, 'mean': 0.5732007224483117, 'std': 0.2218554148370187, 'max': 1.0, 'histogram_10_bins_0_1': [342, 1828, 3628, 7122, 7826, 7145, 7681, 7278, 4745, 4105], 'self_diagonal_excluded': True} inc_weight=0.25
2026-10-03 16:25:19,497 [RSIAT_adapter.py] => QKSR diagnostics task=5 epoch=14 gamma=0.22178811 gradients_epoch={} kernel_epoch={'batches': 11, 'empty_batches': 0, 'pairs': 51700, 'min': 0.05628499761223793, 'mean': 0.579689963728737, 'std': 0.22048921952984002, 'max': 1.0, 'histogram_10_bins_0_1': [212, 1851, 3436, 6744, 7927, 7141, 7744, 7421, 5052, 4172], 'self_diagonal_excluded': True} inc_weight=0.25
2026-10-03 16:25:23,627 [RSIAT_adapter.py] => QKSR diagnostics task=5 epoch=15 gamma=0.22178811 gradients_epoch={} kernel_epoch={'batches': 11, 'empty_batches': 0, 'pairs': 51700, 'min': 0.05505289509892464, 'mean': 0.5757408138813461, 'std': 0.2194407371680238, 'max': 1.0, 'histogram_10_bins_0_1': [310, 1787, 3534, 6663, 7930, 7560, 7729, 7267, 4875, 4045], 'self_diagonal_excluded': True} inc_weight=0.25
2026-10-03 16:25:23,627 [RSIAT_adapter.py] => Task 5, Epoch 15/15 => Loss 2.685, Loss_c 2.171, Losses_rt 0.515, Train_accy 85.69, Test_accy 71.56, Time 1.84s
2026-10-03 16:25:23,627 [RSIAT_adapter.py] => Task 5 peak GPU memory: 4878.08 MiB
2026-10-03 16:25:27,244 [RSIAT_adapter.py] => Statistics transport task=5: {'accepted': True, 'reason': 'guarded_ridge', 'pairs': 517, 'validation_map_mse': 0.016131250151684515, 'validation_identity_mse': 0.023358249784088733, 'rank': 32, 'validation_gain': 0.30939816549642063, 'trust_min': 0.17664634121808237, 'trust_mean': 0.221126406168685, 'trust_max': 0.25338129281657, 'supported_classes': 100}
2026-10-03 16:25:38,864 [base.py] => Stage metrics task=5 stage=pre_ca split=test accuracy={'total': 71.56, '00-09': 58.75, '10-19': 73.79, '20-29': 67.35, '30-39': 69.0, '40-49': 70.0, '50-59': 80.95, '60-69': 73.68, '70-79': 67.74, '80-89': 75.64, '90-99': 74.6, '100-109': 74.24, '110-119': 77.03, 'old': 70.88, 'new': 75.71}
2026-10-03 16:25:39,138 [base.py] => CA Task 5 => Loss 0.099, Test_accy skipped
2026-10-03 16:25:39,406 [base.py] => CA Task 5 => Loss 0.082, Test_accy skipped
2026-10-03 16:25:39,673 [base.py] => CA Task 5 => Loss 0.076, Test_accy skipped
2026-10-03 16:25:39,940 [base.py] => CA Task 5 => Loss 0.073, Test_accy skipped
2026-10-03 16:25:40,206 [base.py] => CA Task 5 => Loss 0.072, Test_accy skipped
2026-10-03 16:25:40,472 [base.py] => CA Task 5 => Loss 0.068, Test_accy skipped
2026-10-03 16:25:40,738 [base.py] => CA Task 5 => Loss 0.069, Test_accy skipped
2026-10-03 16:25:41,004 [base.py] => CA Task 5 => Loss 0.068, Test_accy skipped
2026-10-03 16:25:41,270 [base.py] => CA Task 5 => Loss 0.067, Test_accy skipped
2026-10-03 16:25:43,738 [base.py] => CA Task 5 => Loss 0.066, Test_accy 72.550
2026-10-03 16:25:49,035 [base.py] => Stage metrics task=5 stage=post_ca split=test accuracy={'total': 72.55, '00-09': 57.5, '10-19': 76.7, '20-29': 70.41, '30-39': 71.0, '40-49': 72.86, '50-59': 82.54, '60-69': 80.7, '70-79': 67.74, '80-89': 75.64, '90-99': 74.6, '100-109': 68.18, '110-119': 71.62, 'old': 72.97, 'new': 70.0}
2026-10-03 16:25:49,035 [RSIAT_adapter.py] => CA accuracy delta task=5 total=0.9900 old=2.0900 new=-5.7100
2026-10-03 16:25:49,035 [trainer.py] => Evaluation split: test
2026-10-03 16:25:51,268 [trainer.py] => CNN: {'total': 72.55, '00-09': 57.5, '10-19': 76.7, '20-29': 70.41, '30-39': 71.0, '40-49': 72.86, '50-59': 82.54, '60-69': 80.7, '70-79': 67.74, '80-89': 75.64, '90-99': 74.6, '100-109': 68.18, '110-119': 71.62, 'old': 72.97, 'new': 70.0}
2026-10-03 16:25:51,268 [trainer.py] => Continual metrics after task 5: BWT=-8.0340, forgetting=8.0340, task_acc=[68.31, 70.71, 77.44, 74.88, 75.18, 70.0]
2026-10-03 16:25:51,507 [base.py] => Saved checkpoint: /kaggle/working/qksr_ablation_runs/ckpt/imageneta_G6_cov_shrinkage_full/imageneta/20_20/seed_1993/task_5.pkl
2026-10-03 16:25:51,514 [trainer.py] => CNN top1 curve: [87.43, 82.15, 79.96, 76.28, 74.25, 72.55]
2026-10-03 16:25:51,514 [trainer.py] => CNN top5 curve: [98.36, 96.33, 94.75, 93.07, 91.42, 91.62]
2026-10-03 16:25:51,514 [trainer.py] => Average Accuracy (CNN): 78.77
2026-10-03 16:25:51,515 [trainer.py] => All params: 87080448
2026-10-03 16:25:51,515 [trainer.py] => Trainable params: 1281792
2026-10-03 16:25:51,517 [RSIAT_adapter.py] => Learning on 120-140
2026-10-03 16:25:51,626 [RSIAT_adapter.py] => QKSR calibration task=6 samples=512 indices=[319, 422, 79, 423, 233, 219, 301, 250, 87, 80, 335, 283, 350, 522, 503, 398, 290, 66, 305, 520, 53, 346, 418, 268, 352, 253, 99, 208, 127, 446, 238, 288, 224, 343, 364, 7, 57, 42, 404, 214, 338, 457, 325, 49, 72, 391, 157, 256, 458, 83, 90, 52, 134, 365, 526, 498, 415, 155, 524, 491, 452, 308, 417, 337, 143, 307, 44, 6, 468, 261, 277, 382, 279, 37, 188, 386, 445, 133, 3, 433, 232, 240, 461, 123, 230, 327, 501, 70, 429, 397, 150, 444, 209, 413, 269, 339, 178, 440, 15, 177, 141, 122, 441, 317, 529, 527, 231, 243, 225, 265, 442, 74, 46, 344, 85, 434, 213, 436, 450, 532, 294, 518, 194, 125, 528, 347, 484, 2, 448, 367, 203, 315, 215, 287, 191, 207, 124, 340, 148, 291, 331, 138, 170, 137, 348, 355, 459, 199, 515, 162, 16, 318, 31, 273, 342, 197, 96, 492, 390, 392, 510, 449, 93, 506, 21, 435, 222, 359, 300, 91, 401, 296, 182, 419, 118, 410, 295, 408, 507, 0, 406, 280, 117, 512, 147, 372, 246, 20, 371, 216, 354, 9, 17, 299, 69, 276, 39, 159, 443, 456, 183, 5, 103, 488, 4, 84, 144, 478, 212, 453, 254, 244, 341, 516, 486, 34, 530, 25, 536, 172, 281, 26, 249, 121, 130, 537, 167, 521, 47, 356, 12, 275, 60, 312, 129, 369, 438, 409, 149, 270, 424, 158, 334, 394, 227, 329, 309, 56, 380, 202, 480, 465, 226, 483, 387, 241, 479, 179, 376, 414, 43, 451, 186, 29, 38, 160, 505, 447, 105, 471, 403, 104, 427, 32, 116, 94, 497, 110, 50, 76, 67, 384, 258, 303, 353, 252, 140, 455, 171, 293, 508, 126, 78, 361, 146, 97, 180, 77, 247, 54, 59, 221, 385, 396, 467, 153, 8, 474, 236, 260, 323, 192, 14, 82, 395, 485, 316, 55, 18, 362, 383, 272, 534, 81, 463, 237, 113, 64, 175, 181, 324, 533, 360, 173, 517, 142, 63, 196, 119, 107, 274, 402, 112, 139, 267, 217, 75, 135, 368, 201, 425, 40, 373, 432, 19, 431, 108, 73, 475, 176, 320, 89, 298, 509, 370, 379, 205, 235, 33, 211, 114, 328, 161, 71, 333, 489, 98, 23, 302, 195, 245, 426, 286, 407, 145, 48, 313, 187, 375, 35, 487, 513, 322, 132, 120, 332, 377, 248, 400, 464, 310, 381, 51, 271, 22, 218, 472, 389, 184, 500, 460, 101, 239, 462, 358, 62, 421, 326, 234, 304, 154, 36, 24, 204, 357, 95, 106, 30, 439, 165, 336, 163, 263, 128, 282, 131, 345, 28, 100, 476, 156, 41, 228, 511, 102, 223, 198, 88, 388, 306, 264, 189, 168, 490, 535, 166, 65, 493, 257, 58, 92, 151, 200, 514, 416, 278, 10, 314, 174, 190, 504, 430, 255, 525, 420, 229, 164, 399, 115, 311, 374, 13, 266, 473, 378, 251, 111, 284, 61, 437, 523, 11, 411, 259, 193, 45, 366, 262, 454, 502, 531, 1, 297, 206, 466, 185, 27, 169, 494, 495, 499, 152]
2026-10-03 16:25:51,628 [RSIAT_adapter.py] => SSCA feature mode: paired_eval
2026-10-03 16:25:54,715 [toolkit.py] => All params: 87211520
2026-10-03 16:25:54,715 [toolkit.py] => Trainable params: 1412864
2026-10-03 16:25:56,737 [RSIAT_adapter.py] => QKSR diagnostics task=6 epoch=1 gamma=0.22178811 gradients_epoch={} kernel_epoch={'batches': 12, 'empty_batches': 0, 'pairs': 64560, 'min': 0.060484543442726135, 'mean': 0.5743262511526859, 'std': 0.20872725955069593, 'max': 1.0, 'histogram_10_bins_0_1': [303, 1666, 4393, 8721, 9723, 9884, 10515, 9386, 5936, 4033], 'self_diagonal_excluded': True} inc_weight=0.083333333
2026-10-03 16:25:58,692 [RSIAT_adapter.py] => QKSR diagnostics task=6 epoch=2 gamma=0.22178811 gradients_epoch={} kernel_epoch={'batches': 12, 'empty_batches': 0, 'pairs': 64560, 'min': 0.04970574006438255, 'mean': 0.5755496440621501, 'std': 0.20989550305016091, 'max': 1.0, 'histogram_10_bins_0_1': [212, 1820, 4592, 8385, 9419, 10159, 10471, 9272, 6061, 4169], 'self_diagonal_excluded': True} inc_weight=0.16666667
2026-10-03 16:26:00,645 [RSIAT_adapter.py] => QKSR diagnostics task=6 epoch=3 gamma=0.22178811 gradients_epoch={} kernel_epoch={'batches': 12, 'empty_batches': 0, 'pairs': 64560, 'min': 0.052865687757730484, 'mean': 0.5719265357054576, 'std': 0.21140876735852257, 'max': 1.0, 'histogram_10_bins_0_1': [326, 2163, 4149, 8775, 9497, 10001, 10427, 9224, 5982, 4016], 'self_diagonal_excluded': True} inc_weight=0.25
2026-10-03 16:26:02,601 [RSIAT_adapter.py] => QKSR diagnostics task=6 epoch=4 gamma=0.22178811 gradients_epoch={} kernel_epoch={'batches': 12, 'empty_batches': 0, 'pairs': 64560, 'min': 0.04589163884520531, 'mean': 0.5730274009635462, 'std': 0.20988640642264708, 'max': 1.0, 'histogram_10_bins_0_1': [231, 1974, 4278, 8677, 9703, 10228, 10257, 9074, 6056, 4082], 'self_diagonal_excluded': True} inc_weight=0.25
2026-10-03 16:26:04,559 [RSIAT_adapter.py] => QKSR diagnostics task=6 epoch=5 gamma=0.22178811 gradients_epoch={} kernel_epoch={'batches': 12, 'empty_batches': 0, 'pairs': 64560, 'min': 0.050315968692302704, 'mean': 0.5783835888285734, 'std': 0.20636219565774325, 'max': 1.0, 'histogram_10_bins_0_1': [233, 1688, 3998, 8402, 9500, 10300, 10886, 9578, 6067, 3908], 'self_diagonal_excluded': True} inc_weight=0.25
2026-10-03 16:26:06,532 [RSIAT_adapter.py] => QKSR diagnostics task=6 epoch=6 gamma=0.22178811 gradients_epoch={} kernel_epoch={'batches': 12, 'empty_batches': 0, 'pairs': 64560, 'min': 0.05389436334371567, 'mean': 0.574064092314831, 'std': 0.21057555665353175, 'max': 1.0, 'histogram_10_bins_0_1': [159, 2034, 4433, 8488, 9901, 9610, 10538, 9250, 6042, 4105], 'self_diagonal_excluded': True} inc_weight=0.25
2026-10-03 16:26:08,492 [RSIAT_adapter.py] => QKSR diagnostics task=6 epoch=7 gamma=0.22178811 gradients_epoch={} kernel_epoch={'batches': 12, 'empty_batches': 0, 'pairs': 64560, 'min': 0.04644646495580673, 'mean': 0.5774864730087618, 'std': 0.20969961364745496, 'max': 1.0, 'histogram_10_bins_0_1': [192, 1767, 4538, 8371, 9301, 10186, 10436, 9396, 6196, 4177], 'self_diagonal_excluded': True} inc_weight=0.25
2026-10-03 16:26:10,452 [RSIAT_adapter.py] => QKSR diagnostics task=6 epoch=8 gamma=0.22178811 gradients_epoch={} kernel_epoch={'batches': 12, 'empty_batches': 0, 'pairs': 64560, 'min': 0.06521093845367432, 'mean': 0.5824450530834229, 'std': 0.20658925793061178, 'max': 1.0, 'histogram_10_bins_0_1': [75, 1744, 4049, 8110, 9422, 10579, 10629, 9572, 6076, 4304], 'self_diagonal_excluded': True} inc_weight=0.25
2026-10-03 16:26:12,408 [RSIAT_adapter.py] => QKSR diagnostics task=6 epoch=9 gamma=0.22178811 gradients_epoch={} kernel_epoch={'batches': 12, 'empty_batches': 0, 'pairs': 64560, 'min': 0.043904222548007965, 'mean': 0.5703603768893755, 'std': 0.21106705737561618, 'max': 1.0, 'histogram_10_bins_0_1': [267, 1962, 4419, 9105, 9435, 9711, 10557, 9411, 5711, 3982], 'self_diagonal_excluded': True} inc_weight=0.25
2026-10-03 16:26:14,390 [RSIAT_adapter.py] => QKSR diagnostics task=6 epoch=10 gamma=0.22178811 gradients_epoch={} kernel_epoch={'batches': 12, 'empty_batches': 0, 'pairs': 64560, 'min': 0.05599170923233032, 'mean': 0.5707803080261188, 'std': 0.2131263487266045, 'max': 1.0, 'histogram_10_bins_0_1': [278, 1941, 4777, 8492, 9911, 10047, 10235, 8732, 5584, 4563], 'self_diagonal_excluded': True} inc_weight=0.25
2026-10-03 16:26:16,345 [RSIAT_adapter.py] => QKSR diagnostics task=6 epoch=11 gamma=0.22178811 gradients_epoch={} kernel_epoch={'batches': 12, 'empty_batches': 0, 'pairs': 64560, 'min': 0.06337079405784607, 'mean': 0.5741671863824471, 'std': 0.21036663809196887, 'max': 1.0, 'histogram_10_bins_0_1': [181, 1879, 4531, 8453, 9712, 10241, 10340, 9235, 5612, 4376], 'self_diagonal_excluded': True} inc_weight=0.25
2026-10-03 16:26:18,319 [RSIAT_adapter.py] => QKSR diagnostics task=6 epoch=12 gamma=0.22178811 gradients_epoch={} kernel_epoch={'batches': 12, 'empty_batches': 0, 'pairs': 64560, 'min': 0.03469877690076828, 'mean': 0.5781374309291023, 'std': 0.2092206110396981, 'max': 1.0, 'histogram_10_bins_0_1': [191, 1660, 4172, 8858, 9534, 9999, 10537, 9404, 5743, 4462], 'self_diagonal_excluded': True} inc_weight=0.25
2026-10-03 16:26:20,257 [RSIAT_adapter.py] => QKSR diagnostics task=6 epoch=13 gamma=0.22178811 gradients_epoch={} kernel_epoch={'batches': 12, 'empty_batches': 0, 'pairs': 64560, 'min': 0.04929981380701065, 'mean': 0.5760402179540677, 'std': 0.208628660206347, 'max': 1.0, 'histogram_10_bins_0_1': [181, 1703, 4345, 8714, 9682, 10004, 10543, 9270, 5865, 4253], 'self_diagonal_excluded': True} inc_weight=0.25
2026-10-03 16:26:22,204 [RSIAT_adapter.py] => QKSR diagnostics task=6 epoch=14 gamma=0.22178811 gradients_epoch={} kernel_epoch={'batches': 12, 'empty_batches': 0, 'pairs': 64560, 'min': 0.05022130161523819, 'mean': 0.5722308224136913, 'std': 0.21042930601416754, 'max': 1.0, 'histogram_10_bins_0_1': [298, 1852, 4740, 8333, 9512, 10168, 10524, 9233, 5893, 4007], 'self_diagonal_excluded': True} inc_weight=0.25
2026-10-03 16:26:26,862 [RSIAT_adapter.py] => QKSR diagnostics task=6 epoch=15 gamma=0.22178811 gradients_epoch={} kernel_epoch={'batches': 12, 'empty_batches': 0, 'pairs': 64560, 'min': 0.043595150113105774, 'mean': 0.5757532984912719, 'std': 0.21193397953045467, 'max': 1.0, 'histogram_10_bins_0_1': [193, 1989, 4218, 8718, 9744, 9832, 10264, 9221, 5801, 4580], 'self_diagonal_excluded': True} inc_weight=0.25
2026-10-03 16:26:26,863 [RSIAT_adapter.py] => Task 6, Epoch 15/15 => Loss 3.619, Loss_c 3.099, Losses_rt 0.520, Train_accy 79.55, Test_accy 69.80, Time 1.95s
2026-10-03 16:26:26,863 [RSIAT_adapter.py] => Task 6 peak GPU memory: 4873.41 MiB
2026-10-03 16:26:30,701 [RSIAT_adapter.py] => Statistics transport task=6: {'accepted': True, 'reason': 'guarded_ridge', 'pairs': 538, 'validation_map_mse': 0.024533969957475636, 'validation_identity_mse': 0.03172413947121325, 'rank': 32, 'validation_gain': 0.2266466367121489, 'trust_min': 0.11901990092506659, 'trust_mean': 0.15794220930988798, 'trust_max': 0.18470091877700257, 'supported_classes': 120}
2026-10-03 16:26:43,318 [base.py] => Stage metrics task=6 stage=pre_ca split=test accuracy={'total': 69.8, '00-09': 55.0, '10-19': 71.84, '20-29': 71.43, '30-39': 68.0, '40-49': 71.43, '50-59': 79.37, '60-69': 75.44, '70-79': 64.52, '80-89': 74.36, '90-99': 74.6, '100-109': 66.67, '110-119': 70.27, '120-129': 49.21, '130-139': 80.95, 'old': 70.16, 'new': 67.35}
2026-10-03 16:26:43,658 [base.py] => CA Task 6 => Loss 0.112, Test_accy skipped
2026-10-03 16:26:43,988 [base.py] => CA Task 6 => Loss 0.088, Test_accy skipped
2026-10-03 16:26:44,317 [base.py] => CA Task 6 => Loss 0.086, Test_accy skipped
2026-10-03 16:26:44,648 [base.py] => CA Task 6 => Loss 0.079, Test_accy skipped
2026-10-03 16:26:44,977 [base.py] => CA Task 6 => Loss 0.078, Test_accy skipped
2026-10-03 16:26:45,306 [base.py] => CA Task 6 => Loss 0.077, Test_accy skipped
2026-10-03 16:26:45,635 [base.py] => CA Task 6 => Loss 0.074, Test_accy skipped
2026-10-03 16:26:45,963 [base.py] => CA Task 6 => Loss 0.073, Test_accy skipped
2026-10-03 16:26:46,293 [base.py] => CA Task 6 => Loss 0.074, Test_accy skipped
2026-10-03 16:26:49,454 [base.py] => CA Task 6 => Loss 0.073, Test_accy 70.670
2026-10-03 16:26:55,452 [base.py] => Stage metrics task=6 stage=post_ca split=test accuracy={'total': 70.67, '00-09': 56.25, '10-19': 74.76, '20-29': 74.49, '30-39': 70.0, '40-49': 71.43, '50-59': 79.37, '60-69': 76.32, '70-79': 64.52, '80-89': 74.36, '90-99': 74.6, '100-109': 66.67, '110-119': 70.27, '120-129': 50.79, '130-139': 79.76, 'old': 71.16, 'new': 67.35}
2026-10-03 16:26:55,453 [RSIAT_adapter.py] => CA accuracy delta task=6 total=0.8700 old=1.0000 new=0.0000
2026-10-03 16:26:55,453 [trainer.py] => Evaluation split: test
2026-10-03 16:26:57,989 [trainer.py] => CNN: {'total': 70.67, '00-09': 56.25, '10-19': 74.76, '20-29': 74.49, '30-39': 70.0, '40-49': 71.43, '50-59': 79.37, '60-69': 76.32, '70-79': 64.52, '80-89': 74.36, '90-99': 74.6, '100-109': 66.67, '110-119': 70.27, '120-129': 50.79, '130-139': 79.76, 'old': 71.16, 'new': 67.35}
2026-10-03 16:26:57,989 [trainer.py] => Continual metrics after task 6: BWT=-8.0933, forgetting=8.0933, task_acc=[66.67, 72.22, 75.19, 71.01, 74.47, 68.57, 67.35]
2026-10-03 16:26:58,239 [base.py] => Saved checkpoint: /kaggle/working/qksr_ablation_runs/ckpt/imageneta_G6_cov_shrinkage_full/imageneta/20_20/seed_1993/task_6.pkl
2026-10-03 16:26:58,242 [trainer.py] => CNN top1 curve: [87.43, 82.15, 79.96, 76.28, 74.25, 72.55, 70.67]
2026-10-03 16:26:58,242 [trainer.py] => CNN top5 curve: [98.36, 96.33, 94.75, 93.07, 91.42, 91.62, 90.25]
2026-10-03 16:26:58,242 [trainer.py] => Average Accuracy (CNN): 77.61285714285714
2026-10-03 16:26:58,242 [trainer.py] => All params: 87095808
2026-10-03 16:26:58,243 [trainer.py] => Trainable params: 1297152
2026-10-03 16:26:58,244 [RSIAT_adapter.py] => Learning on 140-160
2026-10-03 16:26:58,339 [RSIAT_adapter.py] => QKSR calibration task=7 samples=512 indices=[373, 36, 173, 403, 232, 424, 145, 250, 433, 291, 374, 51, 96, 441, 170, 350, 518, 245, 64, 274, 110, 300, 13, 33, 225, 382, 404, 72, 140, 136, 510, 49, 299, 516, 42, 386, 309, 312, 336, 77, 62, 132, 23, 313, 361, 421, 172, 341, 55, 68, 18, 473, 1, 496, 37, 470, 506, 199, 46, 440, 388, 192, 365, 198, 396, 53, 271, 129, 507, 422, 343, 131, 19, 497, 236, 295, 74, 202, 196, 168, 391, 282, 124, 457, 118, 346, 407, 323, 296, 137, 182, 101, 178, 408, 489, 514, 289, 277, 423, 5, 503, 327, 149, 108, 39, 425, 512, 325, 93, 40, 179, 91, 399, 256, 3, 495, 272, 337, 6, 258, 103, 417, 267, 458, 345, 259, 17, 82, 252, 517, 474, 449, 139, 41, 307, 435, 142, 338, 171, 203, 454, 150, 219, 224, 147, 207, 210, 362, 353, 445, 186, 349, 254, 99, 189, 238, 249, 477, 509, 468, 426, 246, 226, 52, 502, 181, 123, 281, 348, 127, 469, 69, 248, 146, 151, 229, 24, 107, 306, 169, 11, 223, 175, 2, 364, 513, 104, 141, 461, 155, 344, 208, 50, 230, 165, 284, 95, 376, 73, 22, 206, 480, 133, 409, 138, 71, 193, 400, 286, 65, 239, 14, 134, 290, 324, 106, 204, 32, 183, 4, 185, 213, 420, 242, 355, 438, 442, 490, 195, 452, 436, 444, 453, 78, 493, 116, 221, 125, 505, 448, 462, 166, 197, 357, 128, 460, 491, 148, 121, 322, 270, 180, 9, 89, 94, 115, 316, 154, 485, 383, 342, 105, 234, 120, 70, 298, 97, 317, 401, 439, 209, 367, 334, 100, 429, 285, 294, 54, 67, 114, 413, 79, 351, 251, 167, 451, 273, 111, 465, 112, 184, 287, 88, 301, 406, 57, 366, 276, 486, 347, 360, 268, 157, 30, 20, 478, 191, 397, 162, 31, 235, 380, 314, 488, 237, 483, 48, 387, 262, 390, 332, 188, 352, 98, 278, 12, 153, 7, 412, 205, 431, 76, 297, 26, 394, 492, 43, 161, 80, 498, 81, 363, 471, 402, 194, 122, 66, 499, 411, 378, 305, 200, 164, 328, 456, 375, 159, 255, 176, 308, 331, 10, 304, 466, 467, 126, 214, 280, 58, 218, 143, 303, 428, 310, 86, 241, 292, 190, 369, 265, 61, 392, 393, 379, 315, 410, 0, 227, 450, 427, 75, 418, 275, 177, 370, 261, 487, 432, 459, 320, 90, 152, 56, 220, 38, 319, 135, 419, 329, 28, 354, 333, 257, 318, 311, 389, 371, 335, 283, 59, 92, 479, 385, 269, 288, 102, 27, 481, 475, 87, 84, 340, 443, 447, 464, 358, 504, 279, 293, 34, 85, 463, 233, 119, 434, 482, 395, 356, 511, 231, 109, 501, 44, 476, 253, 228, 215, 377, 83, 381, 216, 500, 212, 339, 302, 405, 217, 60, 472, 494, 266, 117, 368, 326, 247, 35, 45, 484, 163, 174, 144, 21, 398, 260, 264, 515, 384, 222, 416, 16, 25, 243, 8, 330, 437, 29, 63, 201, 47, 187, 244, 240, 359, 263, 113, 321, 455, 430, 130, 446, 158, 508]
2026-10-03 16:26:58,340 [RSIAT_adapter.py] => SSCA feature mode: paired_eval
2026-10-03 16:27:01,929 [toolkit.py] => All params: 87226880
2026-10-03 16:27:01,929 [toolkit.py] => Trainable params: 1428224
2026-10-03 16:27:03,894 [RSIAT_adapter.py] => QKSR diagnostics task=7 epoch=1 gamma=0.22178811 gradients_epoch={} kernel_epoch={'batches': 11, 'empty_batches': 0, 'pairs': 72660, 'min': 0.03913447633385658, 'mean': 0.582695038855166, 'std': 0.2011011946360037, 'max': 1.0, 'histogram_10_bins_0_1': [237, 1608, 4440, 8989, 10543, 11546, 12765, 11579, 7170, 3783], 'self_diagonal_excluded': True} inc_weight=0.083333333
2026-10-03 16:27:05,760 [RSIAT_adapter.py] => QKSR diagnostics task=7 epoch=2 gamma=0.22178811 gradients_epoch={} kernel_epoch={'batches': 11, 'empty_batches': 0, 'pairs': 72660, 'min': 0.05216656252741814, 'mean': 0.585087872728728, 'std': 0.20229125322797128, 'max': 1.0, 'histogram_10_bins_0_1': [155, 1751, 4426, 8903, 10185, 11622, 12672, 11579, 7399, 3968], 'self_diagonal_excluded': True} inc_weight=0.16666667
2026-10-03 16:27:07,613 [RSIAT_adapter.py] => QKSR diagnostics task=7 epoch=3 gamma=0.22178811 gradients_epoch={} kernel_epoch={'batches': 11, 'empty_batches': 0, 'pairs': 72660, 'min': 0.0505467988550663, 'mean': 0.5814044872394712, 'std': 0.20041466686509782, 'max': 1.0, 'histogram_10_bins_0_1': [223, 1455, 4713, 9241, 10223, 11668, 12831, 11630, 7055, 3621], 'self_diagonal_excluded': True} inc_weight=0.25
2026-10-03 16:27:09,469 [RSIAT_adapter.py] => QKSR diagnostics task=7 epoch=4 gamma=0.22178811 gradients_epoch={} kernel_epoch={'batches': 11, 'empty_batches': 0, 'pairs': 72660, 'min': 0.03499416634440422, 'mean': 0.5756337975067497, 'std': 0.20394635484207785, 'max': 1.0, 'histogram_10_bins_0_1': [270, 2012, 4558, 9528, 10467, 11458, 12492, 11301, 6770, 3804], 'self_diagonal_excluded': True} inc_weight=0.25
2026-10-03 16:27:11,325 [RSIAT_adapter.py] => QKSR diagnostics task=7 epoch=5 gamma=0.22178811 gradients_epoch={} kernel_epoch={'batches': 11, 'empty_batches': 0, 'pairs': 72660, 'min': 0.03452653810381889, 'mean': 0.5819411422111896, 'std': 0.20022735846889844, 'max': 1.0, 'histogram_10_bins_0_1': [252, 1519, 4219, 9360, 10625, 11573, 12811, 11619, 6863, 3819], 'self_diagonal_excluded': True} inc_weight=0.25
2026-10-03 16:27:13,184 [RSIAT_adapter.py] => QKSR diagnostics task=7 epoch=6 gamma=0.22178811 gradients_epoch={} kernel_epoch={'batches': 11, 'empty_batches': 0, 'pairs': 72660, 'min': 0.04871061071753502, 'mean': 0.5864258240772006, 'std': 0.2016905361577406, 'max': 1.0, 'histogram_10_bins_0_1': [130, 1372, 4437, 9200, 10639, 11426, 12433, 11609, 7144, 4270], 'self_diagonal_excluded': True} inc_weight=0.25
2026-10-03 16:27:15,050 [RSIAT_adapter.py] => QKSR diagnostics task=7 epoch=7 gamma=0.22178811 gradients_epoch={} kernel_epoch={'batches': 11, 'empty_batches': 0, 'pairs': 72660, 'min': 0.03502613678574562, 'mean': 0.5810232108033847, 'std': 0.2025677105751371, 'max': 1.0, 'histogram_10_bins_0_1': [134, 1725, 4940, 8966, 10309, 11449, 12592, 11689, 7108, 3748], 'self_diagonal_excluded': True} inc_weight=0.25
2026-10-03 16:27:16,938 [RSIAT_adapter.py] => QKSR diagnostics task=7 epoch=8 gamma=0.22178811 gradients_epoch={} kernel_epoch={'batches': 11, 'empty_batches': 0, 'pairs': 72660, 'min': 0.032434020191431046, 'mean': 0.5828235968053772, 'std': 0.2011297067139534, 'max': 1.0, 'histogram_10_bins_0_1': [181, 1793, 4276, 8972, 10652, 11527, 12633, 11890, 6934, 3802], 'self_diagonal_excluded': True} inc_weight=0.25
2026-10-03 16:27:18,826 [RSIAT_adapter.py] => QKSR diagnostics task=7 epoch=9 gamma=0.22178811 gradients_epoch={} kernel_epoch={'batches': 11, 'empty_batches': 0, 'pairs': 72660, 'min': 0.03562617674469948, 'mean': 0.5727900503239162, 'std': 0.205550782929764, 'max': 1.0, 'histogram_10_bins_0_1': [274, 2095, 4623, 9747, 10635, 11702, 12237, 10849, 6509, 3989], 'self_diagonal_excluded': True} inc_weight=0.25
2026-10-03 16:27:20,729 [RSIAT_adapter.py] => QKSR diagnostics task=7 epoch=10 gamma=0.22178811 gradients_epoch={} kernel_epoch={'batches': 11, 'empty_batches': 0, 'pairs': 72660, 'min': 0.05751758813858032, 'mean': 0.5815879467031371, 'std': 0.20123407874303517, 'max': 1.0, 'histogram_10_bins_0_1': [238, 1569, 4256, 9340, 10779, 11663, 12449, 11463, 7096, 3807], 'self_diagonal_excluded': True} inc_weight=0.25
2026-10-03 16:27:22,599 [RSIAT_adapter.py] => QKSR diagnostics task=7 epoch=11 gamma=0.22178811 gradients_epoch={} kernel_epoch={'batches': 11, 'empty_batches': 0, 'pairs': 72660, 'min': 0.053052373230457306, 'mean': 0.5822065093198998, 'std': 0.20254183990295296, 'max': 1.0, 'histogram_10_bins_0_1': [242, 1715, 4325, 9138, 10684, 11642, 12561, 11111, 7180, 4062], 'self_diagonal_excluded': True} inc_weight=0.25
2026-10-03 16:27:24,482 [RSIAT_adapter.py] => QKSR diagnostics task=7 epoch=12 gamma=0.22178811 gradients_epoch={} kernel_epoch={'batches': 11, 'empty_batches': 0, 'pairs': 72660, 'min': 0.03805123642086983, 'mean': 0.5776649329607793, 'std': 0.2023891625186411, 'max': 1.0, 'histogram_10_bins_0_1': [237, 1896, 4500, 9084, 10663, 12011, 12402, 11106, 6952, 3809], 'self_diagonal_excluded': True} inc_weight=0.25
2026-10-03 16:27:26,368 [RSIAT_adapter.py] => QKSR diagnostics task=7 epoch=13 gamma=0.22178811 gradients_epoch={} kernel_epoch={'batches': 11, 'empty_batches': 0, 'pairs': 72660, 'min': 0.059584010392427444, 'mean': 0.5847722625682382, 'std': 0.20049637593629288, 'max': 1.0, 'histogram_10_bins_0_1': [206, 1523, 4243, 9010, 10580, 11754, 12794, 11330, 7203, 4017], 'self_diagonal_excluded': True} inc_weight=0.25
2026-10-03 16:27:28,221 [RSIAT_adapter.py] => QKSR diagnostics task=7 epoch=14 gamma=0.22178811 gradients_epoch={} kernel_epoch={'batches': 11, 'empty_batches': 0, 'pairs': 72660, 'min': 0.037937648594379425, 'mean': 0.5834645318858963, 'std': 0.204601961370253, 'max': 1.0, 'histogram_10_bins_0_1': [237, 1797, 4049, 9423, 10543, 11412, 12336, 11316, 7463, 4084], 'self_diagonal_excluded': True} inc_weight=0.25
2026-10-03 16:27:33,241 [RSIAT_adapter.py] => QKSR diagnostics task=7 epoch=15 gamma=0.22178811 gradients_epoch={} kernel_epoch={'batches': 11, 'empty_batches': 0, 'pairs': 72660, 'min': 0.03417506068944931, 'mean': 0.5759891900969395, 'std': 0.20293060820689224, 'max': 1.0, 'histogram_10_bins_0_1': [242, 1941, 4538, 9142, 10825, 11974, 12453, 11001, 6670, 3874], 'self_diagonal_excluded': True} inc_weight=0.25
2026-10-03 16:27:33,241 [RSIAT_adapter.py] => Task 7, Epoch 15/15 => Loss 3.667, Loss_c 3.165, Losses_rt 0.502, Train_accy 79.58, Test_accy 67.86, Time 1.88s
2026-10-03 16:27:33,241 [RSIAT_adapter.py] => Task 7 peak GPU memory: 4879.47 MiB
2026-10-03 16:27:36,929 [RSIAT_adapter.py] => Statistics transport task=7: {'accepted': True, 'reason': 'guarded_ridge', 'pairs': 519, 'validation_map_mse': 0.015613534218436122, 'validation_identity_mse': 0.02280239538552552, 'rank': 32, 'validation_gain': 0.31526780610307004, 'trust_min': 0.16907935039937694, 'trust_mean': 0.2222700920379565, 'trust_max': 0.2568363428591438, 'supported_classes': 140}
2026-10-03 16:27:50,522 [base.py] => Stage metrics task=7 stage=pre_ca split=test accuracy={'total': 67.86, '00-09': 51.25, '10-19': 72.82, '20-29': 69.39, '30-39': 69.0, '40-49': 71.43, '50-59': 77.78, '60-69': 72.81, '70-79': 60.22, '80-89': 73.08, '90-99': 65.08, '100-109': 65.15, '110-119': 68.92, '120-129': 49.21, '130-139': 75.0, '140-149': 73.81, '150-159': 63.64, 'old': 67.62, 'new': 69.78}
2026-10-03 16:27:50,932 [base.py] => CA Task 7 => Loss 0.102, Test_accy skipped
2026-10-03 16:27:51,334 [base.py] => CA Task 7 => Loss 0.091, Test_accy skipped
2026-10-03 16:27:51,735 [base.py] => CA Task 7 => Loss 0.086, Test_accy skipped
2026-10-03 16:27:52,136 [base.py] => CA Task 7 => Loss 0.083, Test_accy skipped
2026-10-03 16:27:52,536 [base.py] => CA Task 7 => Loss 0.081, Test_accy skipped
2026-10-03 16:27:52,936 [base.py] => CA Task 7 => Loss 0.077, Test_accy skipped
2026-10-03 16:27:53,337 [base.py] => CA Task 7 => Loss 0.077, Test_accy skipped
2026-10-03 16:27:53,737 [base.py] => CA Task 7 => Loss 0.078, Test_accy skipped
2026-10-03 16:27:54,138 [base.py] => CA Task 7 => Loss 0.076, Test_accy skipped
2026-10-03 16:27:57,556 [base.py] => CA Task 7 => Loss 0.077, Test_accy 68.710
2026-10-03 16:28:04,556 [base.py] => Stage metrics task=7 stage=post_ca split=test accuracy={'total': 68.71, '00-09': 52.5, '10-19': 74.76, '20-29': 69.39, '30-39': 69.0, '40-49': 71.43, '50-59': 77.78, '60-69': 74.56, '70-79': 62.37, '80-89': 75.64, '90-99': 71.43, '100-109': 63.64, '110-119': 68.92, '120-129': 50.79, '130-139': 75.0, '140-149': 75.0, '150-159': 58.18, 'old': 68.76, 'new': 68.35}
2026-10-03 16:28:04,556 [RSIAT_adapter.py] => CA accuracy delta task=7 total=0.8500 old=1.1400 new=-1.4300
2026-10-03 16:28:04,556 [trainer.py] => Evaluation split: test
2026-10-03 16:28:07,586 [trainer.py] => CNN: {'total': 68.71, '00-09': 52.5, '10-19': 74.76, '20-29': 69.39, '30-39': 69.0, '40-49': 71.43, '50-59': 77.78, '60-69': 74.56, '70-79': 62.37, '80-89': 75.64, '90-99': 71.43, '100-109': 63.64, '110-119': 68.92, '120-129': 50.79, '130-139': 75.0, '140-149': 75.0, '150-159': 58.18, 'old': 68.76, 'new': 68.35}
2026-10-03 16:28:07,586 [trainer.py] => Continual metrics after task 7: BWT=-8.7829, forgetting=8.7829, task_acc=[65.03, 69.19, 74.44, 69.08, 73.76, 66.43, 64.63, 68.35]
2026-10-03 16:28:07,849 [base.py] => Saved checkpoint: /kaggle/working/qksr_ablation_runs/ckpt/imageneta_G6_cov_shrinkage_full/imageneta/20_20/seed_1993/task_7.pkl
2026-10-03 16:28:07,857 [trainer.py] => CNN top1 curve: [87.43, 82.15, 79.96, 76.28, 74.25, 72.55, 70.67, 68.71]
2026-10-03 16:28:07,857 [trainer.py] => CNN top5 curve: [98.36, 96.33, 94.75, 93.07, 91.42, 91.62, 90.25, 88.82]
2026-10-03 16:28:07,857 [trainer.py] => Average Accuracy (CNN): 76.5
2026-10-03 16:28:07,857 [trainer.py] => All params: 87111168
2026-10-03 16:28:07,858 [trainer.py] => Trainable params: 1312512
2026-10-03 16:28:07,860 [RSIAT_adapter.py] => Learning on 160-180
2026-10-03 16:28:07,950 [RSIAT_adapter.py] => QKSR calibration task=8 samples=512 indices=[492, 353, 420, 410, 224, 55, 186, 141, 349, 2, 254, 461, 554, 448, 325, 51, 455, 170, 188, 396, 290, 92, 238, 179, 458, 155, 32, 60, 264, 86, 143, 106, 313, 404, 393, 35, 309, 505, 265, 88, 481, 280, 374, 403, 217, 352, 122, 229, 52, 512, 470, 68, 1, 218, 77, 336, 235, 296, 299, 418, 258, 547, 250, 13, 372, 535, 3, 210, 346, 247, 316, 157, 269, 16, 497, 432, 332, 6, 358, 479, 206, 12, 429, 153, 486, 41, 342, 437, 128, 145, 390, 125, 276, 311, 30, 387, 333, 329, 49, 541, 227, 171, 521, 529, 417, 109, 477, 557, 257, 241, 268, 482, 31, 205, 111, 178, 295, 439, 286, 369, 42, 539, 191, 136, 83, 45, 499, 266, 430, 319, 102, 79, 95, 14, 24, 231, 133, 237, 121, 132, 154, 18, 147, 249, 46, 447, 545, 398, 488, 367, 335, 303, 98, 244, 58, 137, 496, 465, 364, 23, 177, 423, 395, 185, 38, 537, 228, 75, 347, 431, 138, 87, 151, 131, 543, 190, 173, 485, 43, 234, 362, 553, 36, 100, 413, 271, 284, 270, 124, 123, 459, 343, 555, 84, 328, 338, 104, 445, 324, 468, 182, 160, 278, 255, 162, 96, 116, 180, 548, 464, 451, 392, 8, 422, 108, 440, 90, 503, 252, 471, 528, 120, 135, 175, 285, 386, 318, 172, 40, 242, 144, 498, 7, 76, 53, 534, 63, 192, 389, 298, 9, 466, 216, 320, 297, 523, 533, 380, 20, 78, 164, 302, 308, 207, 524, 469, 277, 61, 307, 310, 562, 551, 117, 115, 399, 167, 112, 323, 427, 226, 550, 5, 44, 134, 107, 363, 208, 287, 337, 382, 139, 165, 187, 518, 510, 161, 272, 330, 444, 47, 105, 385, 516, 82, 559, 530, 452, 354, 348, 273, 345, 517, 101, 260, 542, 176, 436, 15, 37, 322, 467, 150, 11, 456, 225, 193, 331, 522, 476, 419, 288, 460, 256, 472, 391, 251, 230, 289, 85, 279, 219, 441, 370, 214, 378, 433, 300, 48, 462, 425, 327, 211, 57, 371, 233, 493, 39, 174, 426, 239, 74, 527, 274, 435, 532, 314, 480, 72, 519, 215, 97, 449, 360, 514, 301, 489, 351, 415, 194, 317, 59, 4, 34, 129, 428, 169, 198, 558, 127, 196, 368, 564, 94, 421, 315, 64, 544, 438, 221, 373, 475, 245, 546, 463, 240, 246, 400, 195, 500, 501, 526, 513, 502, 411, 17, 383, 158, 166, 406, 305, 110, 306, 81, 50, 25, 213, 361, 483, 243, 397, 381, 446, 355, 212, 62, 339, 282, 450, 405, 357, 65, 401, 509, 19, 484, 294, 261, 91, 490, 376, 359, 538, 549, 66, 159, 531, 507, 292, 184, 409, 259, 504, 253, 494, 263, 379, 209, 204, 140, 262, 556, 384, 93, 152, 163, 377, 89, 21, 356, 149, 334, 156, 473, 29, 146, 552, 402, 511, 168, 350, 560, 28, 202, 408, 365, 80, 126, 232, 293, 520, 275, 291, 304, 454, 70, 281, 495, 267, 99, 416, 515, 283, 222, 340, 388, 26, 442, 148, 189, 375, 73, 119]
2026-10-03 16:28:07,952 [RSIAT_adapter.py] => SSCA feature mode: paired_eval
2026-10-03 16:28:11,762 [toolkit.py] => All params: 87242240
2026-10-03 16:28:11,762 [toolkit.py] => Trainable params: 1443584
2026-10-03 16:28:13,857 [RSIAT_adapter.py] => QKSR diagnostics task=8 epoch=1 gamma=0.22178811 gradients_epoch={} kernel_epoch={'batches': 12, 'empty_batches': 0, 'pairs': 90400, 'min': 0.046376775950193405, 'mean': 0.5892673737615083, 'std': 0.18730547304400616, 'max': 1.0, 'histogram_10_bins_0_1': [174, 1473, 4676, 10354, 12823, 14856, 17564, 16318, 9300, 2862], 'self_diagonal_excluded': True} inc_weight=0.083333333
2026-10-03 16:28:15,886 [RSIAT_adapter.py] => QKSR diagnostics task=8 epoch=2 gamma=0.22178811 gradients_epoch={} kernel_epoch={'batches': 12, 'empty_batches': 0, 'pairs': 90400, 'min': 0.04205872118473053, 'mean': 0.585980002064159, 'std': 0.19106884291814064, 'max': 0.9999997615814209, 'histogram_10_bins_0_1': [221, 1930, 4676, 10270, 12861, 15207, 17545, 15601, 8600, 3489], 'self_diagonal_excluded': True} inc_weight=0.16666667
2026-10-03 16:28:17,923 [RSIAT_adapter.py] => QKSR diagnostics task=8 epoch=3 gamma=0.22178811 gradients_epoch={} kernel_epoch={'batches': 12, 'empty_batches': 0, 'pairs': 90400, 'min': 0.04651596024632454, 'mean': 0.5882186545180651, 'std': 0.1878324484392022, 'max': 0.999999463558197, 'histogram_10_bins_0_1': [170, 1601, 4421, 10713, 12813, 15028, 17617, 15988, 9003, 3046], 'self_diagonal_excluded': True} inc_weight=0.25
2026-10-03 16:28:19,965 [RSIAT_adapter.py] => QKSR diagnostics task=8 epoch=4 gamma=0.22178811 gradients_epoch={} kernel_epoch={'batches': 12, 'empty_batches': 0, 'pairs': 90400, 'min': 0.046462446451187134, 'mean': 0.5851610072960137, 'std': 0.1883260961378973, 'max': 1.0, 'histogram_10_bins_0_1': [196, 1537, 4966, 10237, 13354, 15015, 17309, 15866, 9249, 2671], 'self_diagonal_excluded': True} inc_weight=0.25
2026-10-03 16:28:22,007 [RSIAT_adapter.py] => QKSR diagnostics task=8 epoch=5 gamma=0.22178811 gradients_epoch={} kernel_epoch={'batches': 12, 'empty_batches': 0, 'pairs': 90400, 'min': 0.04649083688855171, 'mean': 0.5866231799733915, 'std': 0.19255048283405257, 'max': 1.0, 'histogram_10_bins_0_1': [189, 1794, 5008, 10439, 12617, 15175, 17242, 15534, 8610, 3792], 'self_diagonal_excluded': True} inc_weight=0.25
2026-10-03 16:28:24,052 [RSIAT_adapter.py] => QKSR diagnostics task=8 epoch=6 gamma=0.22178811 gradients_epoch={} kernel_epoch={'batches': 12, 'empty_batches': 0, 'pairs': 90400, 'min': 0.046743620187044144, 'mean': 0.5846983724282807, 'std': 0.19000019187336678, 'max': 0.999997615814209, 'histogram_10_bins_0_1': [249, 1605, 4955, 10786, 12495, 15228, 17463, 15770, 8797, 3052], 'self_diagonal_excluded': True} inc_weight=0.25
2026-10-03 16:28:26,099 [RSIAT_adapter.py] => QKSR diagnostics task=8 epoch=7 gamma=0.22178811 gradients_epoch={} kernel_epoch={'batches': 12, 'empty_batches': 0, 'pairs': 90400, 'min': 0.04705960676074028, 'mean': 0.5840587296101998, 'std': 0.19147242539618362, 'max': 0.9999960064888, 'histogram_10_bins_0_1': [182, 1838, 5165, 10626, 12190, 15328, 17751, 15347, 8495, 3478], 'self_diagonal_excluded': True} inc_weight=0.25
2026-10-03 16:28:28,143 [RSIAT_adapter.py] => QKSR diagnostics task=8 epoch=8 gamma=0.22178811 gradients_epoch={} kernel_epoch={'batches': 12, 'empty_batches': 0, 'pairs': 90400, 'min': 0.046540677547454834, 'mean': 0.5862084315503346, 'std': 0.19167940689179594, 'max': 0.9999996423721313, 'histogram_10_bins_0_1': [223, 1828, 4858, 10752, 12238, 15167, 17374, 15522, 9227, 3211], 'self_diagonal_excluded': True} inc_weight=0.25
2026-10-03 16:28:30,180 [RSIAT_adapter.py] => QKSR diagnostics task=8 epoch=9 gamma=0.22178811 gradients_epoch={} kernel_epoch={'batches': 12, 'empty_batches': 0, 'pairs': 90400, 'min': 0.03815385326743126, 'mean': 0.5849389507744741, 'std': 0.1888855574856279, 'max': 1.0, 'histogram_10_bins_0_1': [114, 1830, 4981, 10422, 12611, 15142, 17702, 15819, 8862, 2917], 'self_diagonal_excluded': True} inc_weight=0.25
2026-10-03 16:28:32,195 [RSIAT_adapter.py] => QKSR diagnostics task=8 epoch=10 gamma=0.22178811 gradients_epoch={} kernel_epoch={'batches': 12, 'empty_batches': 0, 'pairs': 90400, 'min': 0.036322422325611115, 'mean': 0.5893389439113043, 'std': 0.1877398315072926, 'max': 0.9999921321868896, 'histogram_10_bins_0_1': [127, 1336, 4601, 10837, 12691, 14970, 17472, 16063, 9165, 3138], 'self_diagonal_excluded': True} inc_weight=0.25
2026-10-03 16:28:34,229 [RSIAT_adapter.py] => QKSR diagnostics task=8 epoch=11 gamma=0.22178811 gradients_epoch={} kernel_epoch={'batches': 12, 'empty_batches': 0, 'pairs': 90400, 'min': 0.037193331867456436, 'mean': 0.5858199743983393, 'std': 0.18894723215706027, 'max': 1.0, 'histogram_10_bins_0_1': [178, 1837, 5044, 10180, 12277, 15369, 17844, 15914, 8765, 2992], 'self_diagonal_excluded': True} inc_weight=0.25
2026-10-03 16:28:36,275 [RSIAT_adapter.py] => QKSR diagnostics task=8 epoch=12 gamma=0.22178811 gradients_epoch={} kernel_epoch={'batches': 12, 'empty_batches': 0, 'pairs': 90400, 'min': 0.04649638012051582, 'mean': 0.5937494175814801, 'std': 0.18560916542081637, 'max': 1.0, 'histogram_10_bins_0_1': [134, 1354, 4140, 10491, 12382, 15186, 17634, 16495, 9709, 2875], 'self_diagonal_excluded': True} inc_weight=0.25
2026-10-03 16:28:38,318 [RSIAT_adapter.py] => QKSR diagnostics task=8 epoch=13 gamma=0.22178811 gradients_epoch={} kernel_epoch={'batches': 12, 'empty_batches': 0, 'pairs': 90400, 'min': 0.04679584130644798, 'mean': 0.591830043787862, 'std': 0.18453170637195893, 'max': 0.9999973773956299, 'histogram_10_bins_0_1': [93, 1282, 4601, 10395, 12021, 15341, 18292, 16388, 9089, 2898], 'self_diagonal_excluded': True} inc_weight=0.25
2026-10-03 16:28:40,346 [RSIAT_adapter.py] => QKSR diagnostics task=8 epoch=14 gamma=0.22178811 gradients_epoch={} kernel_epoch={'batches': 12, 'empty_batches': 0, 'pairs': 90400, 'min': 0.046828556805849075, 'mean': 0.5847944002359924, 'std': 0.1881800943065544, 'max': 0.9999983906745911, 'histogram_10_bins_0_1': [89, 1739, 4975, 10487, 12473, 15318, 17824, 16073, 8546, 2876], 'self_diagonal_excluded': True} inc_weight=0.25
2026-10-03 16:28:45,984 [RSIAT_adapter.py] => QKSR diagnostics task=8 epoch=15 gamma=0.22178811 gradients_epoch={} kernel_epoch={'batches': 12, 'empty_batches': 0, 'pairs': 90400, 'min': 0.04751019924879074, 'mean': 0.5889113557466874, 'std': 0.19042544016357116, 'max': 0.9999723434448242, 'histogram_10_bins_0_1': [169, 1521, 4804, 10644, 12812, 14672, 17220, 15796, 9473, 3289], 'self_diagonal_excluded': True} inc_weight=0.25
2026-10-03 16:28:45,984 [RSIAT_adapter.py] => Task 8, Epoch 15/15 => Loss 4.103, Loss_c 3.554, Losses_rt 0.549, Train_accy 72.57, Test_accy 63.57, Time 2.03s
2026-10-03 16:28:45,984 [RSIAT_adapter.py] => Task 8 peak GPU memory: 4873.49 MiB
2026-10-03 16:28:50,272 [RSIAT_adapter.py] => Statistics transport task=8: {'accepted': True, 'reason': 'guarded_ridge', 'pairs': 565, 'validation_map_mse': 0.026554881118226452, 'validation_identity_mse': 0.037595829966911166, 'rank': 32, 'validation_gain': 0.2936748266603523, 'trust_min': 0.17336641954275256, 'trust_mean': 0.2071568307160102, 'trust_max': 0.2338670908373563, 'supported_classes': 160}
2026-10-03 16:29:04,915 [base.py] => Stage metrics task=8 stage=pre_ca split=test accuracy={'total': 63.57, '00-09': 48.75, '10-19': 70.87, '20-29': 67.35, '30-39': 64.0, '40-49': 65.71, '50-59': 69.84, '60-69': 69.3, '70-79': 58.06, '80-89': 73.08, '90-99': 66.67, '100-109': 63.64, '110-119': 67.57, '120-129': 46.03, '130-139': 75.0, '140-149': 72.62, '150-159': 56.36, '160-169': 54.55, '170-179': 43.08, 'old': 65.22, 'new': 49.67}
2026-10-03 16:29:05,401 [base.py] => CA Task 8 => Loss 0.116, Test_accy skipped
2026-10-03 16:29:05,878 [base.py] => CA Task 8 => Loss 0.107, Test_accy skipped
2026-10-03 16:29:06,355 [base.py] => CA Task 8 => Loss 0.100, Test_accy skipped
2026-10-03 16:29:06,832 [base.py] => CA Task 8 => Loss 0.096, Test_accy skipped
2026-10-03 16:29:07,309 [base.py] => CA Task 8 => Loss 0.092, Test_accy skipped
2026-10-03 16:29:07,784 [base.py] => CA Task 8 => Loss 0.090, Test_accy skipped
2026-10-03 16:29:08,260 [base.py] => CA Task 8 => Loss 0.089, Test_accy skipped
2026-10-03 16:29:08,736 [base.py] => CA Task 8 => Loss 0.087, Test_accy skipped
2026-10-03 16:29:09,212 [base.py] => CA Task 8 => Loss 0.088, Test_accy skipped
2026-10-03 16:29:12,855 [base.py] => CA Task 8 => Loss 0.087, Test_accy 64.890
2026-10-03 16:29:20,489 [base.py] => Stage metrics task=8 stage=post_ca split=test accuracy={'total': 64.89, '00-09': 50.0, '10-19': 71.84, '20-29': 66.33, '30-39': 64.0, '40-49': 68.57, '50-59': 71.43, '60-69': 71.93, '70-79': 56.99, '80-89': 74.36, '90-99': 69.84, '100-109': 66.67, '110-119': 70.27, '120-129': 47.62, '130-139': 75.0, '140-149': 73.81, '150-159': 56.36, '160-169': 55.68, '170-179': 47.69, 'old': 66.38, 'new': 52.29}
2026-10-03 16:29:20,489 [RSIAT_adapter.py] => CA accuracy delta task=8 total=1.3200 old=1.1600 new=2.6200
2026-10-03 16:29:20,489 [trainer.py] => Evaluation split: test
2026-10-03 16:29:23,756 [trainer.py] => CNN: {'total': 64.89, '00-09': 50.0, '10-19': 71.84, '20-29': 66.33, '30-39': 64.0, '40-49': 68.57, '50-59': 71.43, '60-69': 71.93, '70-79': 56.99, '80-89': 74.36, '90-99': 69.84, '100-109': 66.67, '110-119': 70.27, '120-129': 47.62, '130-139': 75.0, '140-149': 73.81, '150-159': 56.36, '160-169': 55.68, '170-179': 47.69, 'old': 66.38, 'new': 52.29}
2026-10-03 16:29:23,756 [trainer.py] => Continual metrics after task 8: BWT=-9.8388, forgetting=9.8388, task_acc=[62.3, 65.15, 69.92, 65.22, 72.34, 68.57, 63.27, 66.91, 52.29]
2026-10-03 16:29:24,031 [base.py] => Saved checkpoint: /kaggle/working/qksr_ablation_runs/ckpt/imageneta_G6_cov_shrinkage_full/imageneta/20_20/seed_1993/task_8.pkl
2026-10-03 16:29:24,039 [trainer.py] => CNN top1 curve: [87.43, 82.15, 79.96, 76.28, 74.25, 72.55, 70.67, 68.71, 64.89]
2026-10-03 16:29:24,039 [trainer.py] => CNN top5 curve: [98.36, 96.33, 94.75, 93.07, 91.42, 91.62, 90.25, 88.82, 87.09]
2026-10-03 16:29:24,039 [trainer.py] => Average Accuracy (CNN): 75.21
2026-10-03 16:29:24,039 [trainer.py] => All params: 87126528
2026-10-03 16:29:24,040 [trainer.py] => Trainable params: 1327872
2026-10-03 16:29:24,042 [RSIAT_adapter.py] => Learning on 180-200
2026-10-03 16:29:24,134 [RSIAT_adapter.py] => QKSR calibration task=9 samples=512 indices=[245, 115, 9, 202, 43, 513, 447, 109, 403, 473, 107, 56, 87, 402, 355, 497, 177, 286, 183, 303, 431, 512, 163, 382, 337, 406, 464, 37, 41, 485, 70, 133, 161, 124, 328, 307, 79, 22, 492, 8, 338, 24, 195, 395, 326, 336, 463, 388, 335, 465, 90, 12, 428, 330, 137, 209, 493, 121, 462, 174, 510, 396, 101, 162, 443, 185, 353, 506, 85, 482, 227, 28, 322, 102, 67, 274, 352, 30, 83, 182, 194, 231, 300, 172, 317, 501, 495, 192, 265, 2, 75, 193, 255, 51, 130, 439, 238, 108, 166, 323, 211, 341, 458, 171, 44, 275, 26, 264, 505, 224, 438, 53, 272, 351, 256, 13, 120, 504, 489, 196, 412, 296, 397, 19, 236, 371, 411, 23, 65, 16, 496, 325, 418, 159, 400, 155, 189, 167, 470, 450, 232, 222, 369, 311, 125, 198, 277, 421, 511, 481, 187, 208, 282, 226, 55, 385, 45, 394, 287, 440, 100, 468, 235, 339, 157, 446, 281, 321, 302, 507, 284, 494, 315, 502, 354, 99, 362, 429, 436, 97, 38, 460, 478, 251, 47, 80, 451, 291, 260, 1, 0, 197, 419, 499, 145, 119, 333, 176, 422, 94, 118, 479, 331, 304, 110, 46, 389, 72, 480, 141, 95, 152, 135, 404, 346, 420, 444, 10, 134, 78, 219, 184, 381, 452, 34, 82, 500, 414, 268, 295, 40, 29, 35, 316, 413, 151, 126, 62, 214, 93, 461, 332, 368, 91, 250, 146, 243, 60, 39, 230, 471, 415, 229, 89, 143, 407, 344, 349, 319, 387, 373, 254, 165, 364, 288, 57, 154, 345, 283, 380, 73, 310, 123, 139, 253, 299, 105, 374, 223, 356, 508, 142, 392, 81, 7, 21, 178, 92, 247, 491, 386, 111, 27, 117, 96, 212, 456, 103, 32, 343, 476, 487, 263, 71, 252, 342, 290, 340, 36, 308, 312, 164, 210, 220, 203, 370, 426, 127, 15, 417, 150, 437, 114, 366, 423, 54, 363, 131, 309, 334, 88, 409, 466, 136, 484, 425, 179, 306, 289, 244, 424, 391, 63, 474, 271, 367, 4, 61, 305, 432, 398, 190, 186, 449, 201, 454, 84, 279, 408, 448, 25, 191, 128, 207, 430, 294, 122, 112, 215, 49, 399, 156, 347, 58, 298, 173, 138, 257, 301, 365, 204, 469, 213, 169, 64, 18, 153, 225, 233, 3, 129, 393, 132, 5, 329, 20, 239, 410, 358, 6, 378, 248, 498, 488, 48, 200, 205, 361, 278, 435, 216, 240, 228, 98, 259, 384, 350, 280, 405, 434, 246, 441, 445, 175, 168, 33, 170, 148, 218, 427, 486, 490, 158, 237, 285, 483, 69, 318, 221, 292, 297, 144, 459, 59, 327, 273, 206, 147, 113, 293, 188, 401, 68, 357, 266, 320, 17, 66, 314, 11, 375, 472, 86, 234, 348, 453, 269, 383, 42, 379, 416, 467, 149, 267, 106, 475, 181, 160, 262, 324, 455, 313, 76, 258, 433, 77, 390, 31, 261, 217, 199, 241, 14, 359, 74, 270, 360, 376, 140, 276, 477, 249, 116, 180, 457, 377, 503, 509, 372, 50, 52, 104]
2026-10-03 16:29:24,136 [RSIAT_adapter.py] => SSCA feature mode: paired_eval
2026-10-03 16:29:27,247 [toolkit.py] => All params: 87257600
2026-10-03 16:29:27,247 [toolkit.py] => Trainable params: 1458944
2026-10-03 16:29:29,186 [RSIAT_adapter.py] => QKSR diagnostics task=9 epoch=1 gamma=0.22178811 gradients_epoch={} kernel_epoch={'batches': 11, 'empty_batches': 0, 'pairs': 92520, 'min': 0.044924598187208176, 'mean': 0.5757274449095887, 'std': 0.2017692207158244, 'max': 1.0, 'histogram_10_bins_0_1': [200, 2282, 5711, 12060, 14262, 14896, 16067, 14101, 7680, 5261], 'self_diagonal_excluded': True} inc_weight=0.083333333
2026-10-03 16:29:31,066 [RSIAT_adapter.py] => QKSR diagnostics task=9 epoch=2 gamma=0.22178811 gradients_epoch={} kernel_epoch={'batches': 11, 'empty_batches': 0, 'pairs': 92520, 'min': 0.044946130365133286, 'mean': 0.5750250822520613, 'std': 0.20160428428020016, 'max': 1.0, 'histogram_10_bins_0_1': [291, 2230, 5991, 11560, 14103, 15425, 16071, 13866, 7987, 4996], 'self_diagonal_excluded': True} inc_weight=0.16666667
2026-10-03 16:29:32,940 [RSIAT_adapter.py] => QKSR diagnostics task=9 epoch=3 gamma=0.22178811 gradients_epoch={} kernel_epoch={'batches': 11, 'empty_batches': 0, 'pairs': 92520, 'min': 0.04314848780632019, 'mean': 0.5779249197224432, 'std': 0.19920998045310365, 'max': 1.0, 'histogram_10_bins_0_1': [356, 2153, 5562, 11463, 13626, 15448, 16622, 14526, 8123, 4641], 'self_diagonal_excluded': True} inc_weight=0.25
2026-10-03 16:29:34,817 [RSIAT_adapter.py] => QKSR diagnostics task=9 epoch=4 gamma=0.22178811 gradients_epoch={} kernel_epoch={'batches': 11, 'empty_batches': 0, 'pairs': 92520, 'min': 0.03575264662504196, 'mean': 0.5777296395848759, 'std': 0.2007592006072905, 'max': 1.0, 'histogram_10_bins_0_1': [346, 2284, 5500, 11539, 13873, 15428, 16250, 14197, 8164, 4939], 'self_diagonal_excluded': True} inc_weight=0.25
2026-10-03 16:29:36,686 [RSIAT_adapter.py] => QKSR diagnostics task=9 epoch=5 gamma=0.22178811 gradients_epoch={} kernel_epoch={'batches': 11, 'empty_batches': 0, 'pairs': 92520, 'min': 0.044941071420907974, 'mean': 0.5754514902025233, 'std': 0.2027776889099954, 'max': 1.0, 'histogram_10_bins_0_1': [253, 2114, 6034, 12405, 13557, 15425, 15758, 13721, 7867, 5386], 'self_diagonal_excluded': True} inc_weight=0.25
2026-10-03 16:29:38,559 [RSIAT_adapter.py] => QKSR diagnostics task=9 epoch=6 gamma=0.22178811 gradients_epoch={} kernel_epoch={'batches': 11, 'empty_batches': 0, 'pairs': 92520, 'min': 0.04496416822075844, 'mean': 0.5772564153885973, 'std': 0.19814179617439884, 'max': 1.0, 'histogram_10_bins_0_1': [177, 2093, 5599, 11907, 13785, 15441, 16399, 14401, 8176, 4542], 'self_diagonal_excluded': True} inc_weight=0.25
2026-10-03 16:29:40,435 [RSIAT_adapter.py] => QKSR diagnostics task=9 epoch=7 gamma=0.22178811 gradients_epoch={} kernel_epoch={'batches': 11, 'empty_batches': 0, 'pairs': 92520, 'min': 0.0381644070148468, 'mean': 0.5773805109689788, 'std': 0.19961229941089287, 'max': 1.0, 'histogram_10_bins_0_1': [219, 2172, 5794, 11487, 14003, 15429, 16373, 14125, 8012, 4906], 'self_diagonal_excluded': True} inc_weight=0.25
2026-10-03 16:29:42,308 [RSIAT_adapter.py] => QKSR diagnostics task=9 epoch=8 gamma=0.22178811 gradients_epoch={} kernel_epoch={'batches': 11, 'empty_batches': 0, 'pairs': 92520, 'min': 0.04493780434131622, 'mean': 0.5790805085803356, 'std': 0.19962222393571055, 'max': 1.0, 'histogram_10_bins_0_1': [250, 2204, 5416, 11659, 13678, 15615, 16337, 14302, 8011, 5048], 'self_diagonal_excluded': True} inc_weight=0.25
2026-10-03 16:29:44,191 [RSIAT_adapter.py] => QKSR diagnostics task=9 epoch=9 gamma=0.22178811 gradients_epoch={} kernel_epoch={'batches': 11, 'empty_batches': 0, 'pairs': 92520, 'min': 0.0449582114815712, 'mean': 0.5718658260066969, 'std': 0.2013177463807357, 'max': 1.0, 'histogram_10_bins_0_1': [263, 2524, 5917, 12154, 13694, 15384, 16261, 13840, 7720, 4763], 'self_diagonal_excluded': True} inc_weight=0.25
2026-10-03 16:29:46,059 [RSIAT_adapter.py] => QKSR diagnostics task=9 epoch=10 gamma=0.22178811 gradients_epoch={} kernel_epoch={'batches': 11, 'empty_batches': 0, 'pairs': 92520, 'min': 0.04308725893497467, 'mean': 0.577033729760288, 'std': 0.20019626176576935, 'max': 1.0, 'histogram_10_bins_0_1': [281, 2109, 5555, 12236, 13848, 15067, 16340, 14163, 7963, 4958], 'self_diagonal_excluded': True} inc_weight=0.25
2026-10-03 16:29:48,058 [RSIAT_adapter.py] => QKSR diagnostics task=9 epoch=11 gamma=0.22178811 gradients_epoch={} kernel_epoch={'batches': 11, 'empty_batches': 0, 'pairs': 92520, 'min': 0.03991059586405754, 'mean': 0.5801888016392378, 'std': 0.2006553513331788, 'max': 1.0, 'histogram_10_bins_0_1': [176, 2204, 5590, 11905, 13462, 15016, 16275, 14507, 8341, 5044], 'self_diagonal_excluded': True} inc_weight=0.25
2026-10-03 16:29:49,933 [RSIAT_adapter.py] => QKSR diagnostics task=9 epoch=12 gamma=0.22178811 gradients_epoch={} kernel_epoch={'batches': 11, 'empty_batches': 0, 'pairs': 92520, 'min': 0.03838897496461868, 'mean': 0.5770969154554795, 'std': 0.19846029085454953, 'max': 1.0, 'histogram_10_bins_0_1': [217, 2159, 5407, 11987, 13977, 15351, 16472, 14229, 7951, 4770], 'self_diagonal_excluded': True} inc_weight=0.25
2026-10-03 16:29:51,812 [RSIAT_adapter.py] => QKSR diagnostics task=9 epoch=13 gamma=0.22178811 gradients_epoch={} kernel_epoch={'batches': 11, 'empty_batches': 0, 'pairs': 92520, 'min': 0.0396159328520298, 'mean': 0.5774136260943468, 'std': 0.2021800346977506, 'max': 1.0, 'histogram_10_bins_0_1': [158, 2340, 5734, 12172, 13873, 14650, 16107, 14158, 8294, 5034], 'self_diagonal_excluded': True} inc_weight=0.25
2026-10-03 16:29:53,681 [RSIAT_adapter.py] => QKSR diagnostics task=9 epoch=14 gamma=0.22178811 gradients_epoch={} kernel_epoch={'batches': 11, 'empty_batches': 0, 'pairs': 92520, 'min': 0.03878386318683624, 'mean': 0.5814620379941563, 'std': 0.19989901657166437, 'max': 1.0, 'histogram_10_bins_0_1': [93, 2144, 5514, 11657, 13785, 15298, 16161, 14438, 8300, 5130], 'self_diagonal_excluded': True} inc_weight=0.25
2026-10-03 16:29:59,104 [RSIAT_adapter.py] => QKSR diagnostics task=9 epoch=15 gamma=0.22178811 gradients_epoch={} kernel_epoch={'batches': 11, 'empty_batches': 0, 'pairs': 92520, 'min': 0.03526126220822334, 'mean': 0.5764733885284038, 'std': 0.2035503685267025, 'max': 1.0, 'histogram_10_bins_0_1': [329, 2429, 5757, 11997, 13823, 14747, 15808, 14318, 8130, 5182], 'self_diagonal_excluded': True} inc_weight=0.25
2026-10-03 16:29:59,104 [RSIAT_adapter.py] => Task 9, Epoch 15/15 => Loss 3.109, Loss_c 2.599, Losses_rt 0.510, Train_accy 80.35, Test_accy 62.74, Time 1.87s
2026-10-03 16:29:59,104 [RSIAT_adapter.py] => Task 9 peak GPU memory: 4880.45 MiB
2026-10-03 16:30:02,984 [RSIAT_adapter.py] => Statistics transport task=9: {'accepted': True, 'reason': 'guarded_ridge', 'pairs': 514, 'validation_map_mse': 0.020654914945921105, 'validation_identity_mse': 0.029018586956036315, 'rank': 32, 'validation_gain': 0.28821775583994924, 'trust_min': 0.17313421059863493, 'trust_mean': 0.2058723558879236, 'trust_max': 0.22984458185086468, 'supported_classes': 180}
2026-10-03 16:30:17,632 [base.py] => Stage metrics task=9 stage=pre_ca split=test accuracy={'total': 62.74, '00-09': 45.0, '10-19': 67.96, '20-29': 65.31, '30-39': 63.0, '40-49': 64.29, '50-59': 69.84, '60-69': 66.67, '70-79': 52.69, '80-89': 71.79, '90-99': 69.84, '100-109': 53.03, '110-119': 66.22, '120-129': 42.86, '130-139': 72.62, '140-149': 73.81, '150-159': 56.36, '160-169': 55.68, '170-179': 43.08, '180-189': 70.0, '190-199': 75.86, 'old': 61.69, 'new': 73.72}
2026-10-03 16:30:18,246 [base.py] => CA Task 9 => Loss 0.118, Test_accy skipped
2026-10-03 16:30:18,849 [base.py] => CA Task 9 => Loss 0.102, Test_accy skipped
2026-10-03 16:30:19,452 [base.py] => CA Task 9 => Loss 0.099, Test_accy skipped
2026-10-03 16:30:20,055 [base.py] => CA Task 9 => Loss 0.094, Test_accy skipped
2026-10-03 16:30:20,658 [base.py] => CA Task 9 => Loss 0.093, Test_accy skipped
2026-10-03 16:30:21,261 [base.py] => CA Task 9 => Loss 0.090, Test_accy skipped
2026-10-03 16:30:21,863 [base.py] => CA Task 9 => Loss 0.091, Test_accy skipped
2026-10-03 16:30:22,466 [base.py] => CA Task 9 => Loss 0.089, Test_accy skipped
2026-10-03 16:30:23,068 [base.py] => CA Task 9 => Loss 0.090, Test_accy skipped
2026-10-03 16:30:27,225 [base.py] => CA Task 9 => Loss 0.088, Test_accy 64.700
2026-10-03 16:30:35,532 [base.py] => Stage metrics task=9 stage=post_ca split=test accuracy={'total': 64.7, '00-09': 47.5, '10-19': 69.9, '20-29': 65.31, '30-39': 64.0, '40-49': 67.14, '50-59': 71.43, '60-69': 70.18, '70-79': 58.06, '80-89': 73.08, '90-99': 66.67, '100-109': 62.12, '110-119': 68.92, '120-129': 39.68, '130-139': 75.0, '140-149': 75.0, '150-159': 60.0, '160-169': 57.95, '170-179': 44.62, '180-189': 66.0, '190-199': 79.31, 'old': 63.78, 'new': 74.45}
2026-10-03 16:30:35,532 [RSIAT_adapter.py] => CA accuracy delta task=9 total=1.9600 old=2.0900 new=0.7300
2026-10-03 16:30:35,532 [trainer.py] => Evaluation split: test
2026-10-03 16:30:39,013 [trainer.py] => CNN: {'total': 64.7, '00-09': 47.5, '10-19': 69.9, '20-29': 65.31, '30-39': 64.0, '40-49': 67.14, '50-59': 71.43, '60-69': 70.18, '70-79': 58.06, '80-89': 73.08, '90-99': 66.67, '100-109': 62.12, '110-119': 68.92, '120-129': 39.68, '130-139': 75.0, '140-149': 75.0, '150-159': 60.0, '160-169': 57.95, '170-179': 44.62, '180-189': 66.0, '190-199': 79.31, 'old': 63.78, 'new': 74.45}
2026-10-03 16:30:39,014 [trainer.py] => Continual metrics after task 9: BWT=-9.8767, forgetting=9.8767, task_acc=[60.11, 64.65, 69.17, 64.73, 70.21, 65.71, 59.86, 69.06, 52.29, 74.45]
2026-10-03 16:30:39,301 [base.py] => Saved checkpoint: /kaggle/working/qksr_ablation_runs/ckpt/imageneta_G6_cov_shrinkage_full/imageneta/20_20/seed_1993/task_9.pkl
2026-10-03 16:30:39,305 [trainer.py] => CNN top1 curve: [87.43, 82.15, 79.96, 76.28, 74.25, 72.55, 70.67, 68.71, 64.89, 64.7]
2026-10-03 16:30:39,305 [trainer.py] => CNN top5 curve: [98.36, 96.33, 94.75, 93.07, 91.42, 91.62, 90.25, 88.82, 87.09, 86.25]
2026-10-03 16:30:39,305 [trainer.py] => Average Accuracy (CNN): 74.159
2026-10-03 16:30:39,419 [trainer.py] => Average Seed Accuracy (CNN): 74.159
