2026-10-03 16:07:12,570 [trainer.py] => config: /kaggle/working/qksr_ablation_configs/imageneta_G0_paired_current_margin_full.json
2026-10-03 16:07:12,570 [trainer.py] => use_quantum_kernel_base: True
2026-10-03 16:07:12,570 [trainer.py] => use_quantum_kernel_inc: True
2026-10-03 16:07:12,570 [trainer.py] => q_kernel_type: pqk
2026-10-03 16:07:12,570 [trainer.py] => q_kernel_order: 1
2026-10-03 16:07:12,570 [trainer.py] => q_order2_weight: 1.0
2026-10-03 16:07:12,570 [trainer.py] => q_num_qubits: 8
2026-10-03 16:07:12,570 [trainer.py] => q_num_layers: 2
2026-10-03 16:07:12,570 [trainer.py] => q_reupload: False
2026-10-03 16:07:12,570 [trainer.py] => q_dtype: float32
2026-10-03 16:07:12,570 [trainer.py] => q_gamma_mode: bounded_learned
2026-10-03 16:07:12,570 [trainer.py] => q_calib_samples: 512
2026-10-03 16:07:12,570 [trainer.py] => q_init_seed: 1234
2026-10-03 16:07:12,570 [trainer.py] => q_metric_lr_mult: 0.1
2026-10-03 16:07:12,570 [trainer.py] => q_inc_train_mode: frozen
2026-10-03 16:07:12,570 [trainer.py] => q_inc_pair: current
2026-10-03 16:07:12,570 [trainer.py] => inc_loss_mode: margin
2026-10-03 16:07:12,570 [trainer.py] => q_inc_weight: 0.25
2026-10-03 16:07:12,570 [trainer.py] => q_inc_warmup_epochs: 3
2026-10-03 16:07:12,570 [trainer.py] => ssca_feature_mode: paired_eval
2026-10-03 16:07:12,570 [trainer.py] => rs_margin_q: 0.5
2026-10-03 16:07:12,570 [trainer.py] => rs_margin_q_mode: fixed
2026-10-03 16:07:12,570 [trainer.py] => rs_margin_quantile: 0.9
2026-10-03 16:07:12,570 [trainer.py] => rs_margin_inc: 0.3
2026-10-03 16:07:12,570 [trainer.py] => prefix: imageneta_G0_paired_current_margin_full
2026-10-03 16:07:12,570 [trainer.py] => dataset: imageneta
2026-10-03 16:07:12,570 [trainer.py] => save_checkpoints: True
2026-10-03 16:07:12,570 [trainer.py] => resume: True
2026-10-03 16:07:12,570 [trainer.py] => isolate_runs: True
2026-10-03 16:07:12,570 [trainer.py] => keep_last_checkpoint: False
2026-10-03 16:07:12,570 [trainer.py] => compact_diagonal_checkpoint: False
2026-10-03 16:07:12,570 [trainer.py] => eval_interval: 0
2026-10-03 16:07:12,570 [trainer.py] => ca_eval_interval: 0
2026-10-03 16:07:12,570 [trainer.py] => num_workers: 2
2026-10-03 16:07:12,570 [trainer.py] => stats_num_workers: 2
2026-10-03 16:07:12,570 [trainer.py] => pin_memory: True
2026-10-03 16:07:12,570 [trainer.py] => persistent_workers: True
2026-10-03 16:07:12,570 [trainer.py] => shuffle: True
2026-10-03 16:07:12,570 [trainer.py] => ssca: True
2026-10-03 16:07:12,570 [trainer.py] => ca: True
2026-10-03 16:07:12,570 [trainer.py] => init_cls: 20
2026-10-03 16:07:12,570 [trainer.py] => increment: 20
2026-10-03 16:07:12,570 [trainer.py] => model_name: adapter
2026-10-03 16:07:12,570 [trainer.py] => convnet_type: pretrained_vit_b16_224_in21k_adapter
2026-10-03 16:07:12,570 [trainer.py] => device: [device(type='cuda', index=0)]
2026-10-03 16:07:12,570 [trainer.py] => seed: 1993
2026-10-03 16:07:12,570 [trainer.py] => init_epochs: 20
2026-10-03 16:07:12,570 [trainer.py] => warmup_epoch: 3
2026-10-03 16:07:12,570 [trainer.py] => inc_epochs: 15
2026-10-03 16:07:12,570 [trainer.py] => ca_epochs: 10
2026-10-03 16:07:12,570 [trainer.py] => init_lr: 0.006688537652915857
2026-10-03 16:07:12,570 [trainer.py] => batch_size: 48
2026-10-03 16:07:12,570 [trainer.py] => weight_decay: 5.929828534160845e-07
2026-10-03 16:07:12,570 [trainer.py] => min_lr: 0
2026-10-03 16:07:12,570 [trainer.py] => ffn_num: 64
2026-10-03 16:07:12,570 [trainer.py] => optimizer: sgd
2026-10-03 16:07:12,570 [trainer.py] => scale: 30.0
2026-10-03 16:07:12,570 [trainer.py] => margin: 0.3
2026-10-03 16:07:12,570 [trainer.py] => alpha: 1.0
2026-10-03 16:07:12,570 [trainer.py] => rs_margin: 1.5
2026-10-03 16:07:12,570 [trainer.py] => lambda_rs: 1.0
2026-10-03 16:07:12,570 [trainer.py] => beta: 3.0
2026-10-03 16:07:12,570 [trainer.py] => gamma: 6.0
2026-10-03 16:07:12,570 [trainer.py] => ae_code_dims: 128
2026-10-03 16:07:12,570 [trainer.py] => ae_init_lr: 0.0003120779977680931
2026-10-03 16:07:12,570 [trainer.py] => ae_weight_decay: 2.424346330636298e-05
2026-10-03 16:07:12,570 [trainer.py] => record_stage_metrics: True
2026-10-03 16:07:12,571 [trainer.py] => output_root: /kaggle/working/qksr_ablation_runs
2026-10-03 16:07:12,571 [trainer.py] => val_ratio: 0.0
2026-10-03 16:07:19,191 [data_manager.py] => [168, 136, 51, 9, 183, 101, 171, 99, 42, 159, 191, 70, 16, 188, 27, 10, 175, 26, 68, 187, 98, 6, 85, 35, 112, 43, 100, 0, 103, 181, 88, 59, 4, 2, 116, 174, 94, 80, 106, 1, 147, 17, 141, 131, 72, 23, 173, 54, 197, 118, 87, 32, 79, 104, 91, 19, 135, 107, 178, 36, 11, 199, 142, 8, 122, 3, 28, 57, 153, 172, 190, 56, 49, 44, 97, 62, 151, 169, 194, 55, 192, 12, 189, 78, 66, 180, 15, 137, 109, 134, 92, 119, 126, 52, 170, 40, 148, 65, 144, 64, 138, 45, 77, 89, 154, 90, 71, 193, 74, 30, 113, 143, 96, 84, 67, 50, 186, 156, 69, 21, 18, 111, 108, 58, 125, 157, 150, 110, 182, 129, 166, 83, 81, 60, 13, 165, 14, 176, 63, 117, 5, 22, 145, 121, 38, 41, 82, 127, 114, 20, 31, 53, 37, 163, 196, 130, 152, 162, 86, 76, 24, 34, 184, 149, 33, 128, 198, 155, 146, 167, 139, 120, 140, 102, 47, 25, 158, 123, 46, 164, 61, 7, 115, 75, 133, 160, 105, 132, 179, 124, 48, 73, 93, 39, 95, 195, 29, 177, 185, 161]
2026-10-03 16:07:20,675 [RSIAT_adapter.py] => QKSR parameter counts: {'projector': 6152, 'metric': 17, 'total': 6169, 'trainable': 6169}
2026-10-03 16:07:20,675 [trainer.py] => Resume enabled but no checkpoint was found. Starting from task 0.
2026-10-03 16:07:20,676 [trainer.py] => All params: 86988288
2026-10-03 16:07:20,676 [trainer.py] => Trainable params: 1189632
2026-10-03 16:07:20,677 [RSIAT_adapter.py] => Learning on 0-20
2026-10-03 16:07:20,678 [RSIAT_adapter.py] => QKSR calibration task=0 samples=512 indices=[346, 460, 273, 670, 480, 533, 578, 322, 219, 218, 571, 532, 621, 287, 254, 689, 448, 125, 31, 211, 500, 45, 127, 397, 626, 457, 362, 616, 592, 599, 85, 129, 461, 420, 22, 508, 53, 463, 470, 628, 412, 516, 694, 50, 632, 661, 326, 587, 231, 421, 449, 33, 3, 444, 598, 204, 144, 556, 57, 373, 258, 352, 306, 475, 519, 44, 618, 683, 549, 593, 312, 540, 642, 65, 236, 210, 667, 681, 328, 613, 639, 649, 222, 205, 343, 325, 70, 315, 188, 133, 106, 496, 521, 574, 116, 506, 146, 355, 370, 332, 523, 536, 524, 98, 314, 503, 349, 389, 257, 331, 454, 150, 345, 691, 640, 243, 665, 208, 190, 432, 128, 391, 445, 395, 295, 467, 108, 191, 381, 657, 522, 281, 228, 151, 38, 217, 451, 570, 582, 62, 192, 680, 567, 139, 285, 589, 384, 278, 393, 594, 424, 330, 527, 615, 183, 319, 163, 554, 252, 636, 250, 235, 471, 517, 656, 92, 14, 417, 176, 669, 291, 76, 559, 131, 442, 400, 491, 337, 630, 347, 348, 199, 569, 230, 607, 48, 165, 334, 509, 81, 39, 416, 157, 19, 510, 560, 361, 120, 493, 609, 283, 52, 568, 646, 280, 297, 173, 143, 611, 357, 317, 107, 267, 398, 388, 433, 531, 466, 72, 547, 263, 119, 344, 490, 685, 71, 197, 573, 659, 253, 652, 300, 123, 342, 590, 365, 625, 97, 495, 124, 446, 561, 622, 23, 597, 305, 196, 221, 42, 550, 477, 695, 138, 440, 525, 318, 414, 114, 437, 600, 202, 548, 13, 488, 402, 443, 660, 105, 255, 633, 468, 426, 239, 552, 96, 41, 428, 164, 541, 485, 435, 434, 195, 310, 374, 88, 117, 207, 226, 423, 61, 9, 422, 515, 290, 474, 153, 390, 91, 557, 2, 654, 588, 209, 459, 47, 55, 7, 666, 161, 167, 514, 171, 430, 372, 565, 555, 512, 122, 160, 21, 378, 83, 586, 363, 40, 635, 641, 441, 486, 341, 329, 658, 450, 194, 324, 172, 241, 462, 244, 15, 137, 369, 359, 0, 327, 663, 354, 650, 340, 184, 110, 321, 179, 643, 30, 581, 84, 59, 284, 103, 268, 186, 256, 266, 130, 6, 504, 298, 674, 148, 4, 572, 537, 619, 303, 364, 259, 336, 174, 60, 168, 518, 492, 251, 526, 479, 294, 213, 539, 286, 672, 86, 528, 203, 489, 104, 156, 224, 293, 17, 511, 505, 579, 301, 126, 413, 408, 368, 585, 476, 245, 385, 553, 170, 529, 546, 684, 185, 198, 32, 181, 178, 410, 427, 580, 206, 296, 647, 411, 152, 377, 248, 112, 37, 367, 79, 27, 90, 366, 74, 456, 169, 465, 212, 662, 111, 264, 5, 544, 575, 262, 673, 225, 664, 49, 166, 237, 534, 399, 403, 177, 469, 140, 375, 606, 612, 308, 200, 118, 624, 155, 28, 238, 595, 227, 275, 696, 396, 507, 458, 271, 455, 201, 101, 265, 356, 187, 602, 360, 288, 692, 26, 154, 175, 353, 542, 543, 189, 686, 371, 1, 323, 304, 240, 679, 678, 182, 277, 494, 464, 115]
2026-10-03 16:07:23,008 [RSIAT_adapter.py] => QKSR gamma calibrated at task 0: gamma0=0.46958193, mode=bounded_learned
2026-10-03 16:07:23,009 [toolkit.py] => All params: 86265625
2026-10-03 16:07:23,009 [toolkit.py] => Trainable params: 1211161
2026-10-03 16:07:24,912 [RSIAT_adapter.py] => QKSR diagnostics task=0 epoch=1 gamma=0.46958193 gradients_epoch={'gamma_param': 0.0, 'projector.linear.weight': 0.0, 'projector.linear.bias': 0.0, 'encoder.theta': 0.0} kernel_epoch={'batches': 15, 'empty_batches': 0, 'pairs': 32184, 'min': 0.011946942657232285, 'mean': 0.37951598206503495, 'std': 0.16078331379323388, 'max': 0.9710138440132141, 'histogram_10_bins_0_1': [634, 3684, 6720, 7434, 6518, 3998, 2100, 872, 208, 16], 'self_diagonal_excluded': True} inc_weight=0
2026-10-03 16:07:26,616 [RSIAT_adapter.py] => QKSR diagnostics task=0 epoch=2 gamma=0.45329767 gradients_epoch={'gamma_param': 0.19229750335216522, 'projector.linear.weight': 0.01310940831899643, 'projector.linear.bias': 0.014559305272996426, 'encoder.theta': 0.003599048126488924} kernel_epoch={'batches': 15, 'empty_batches': 0, 'pairs': 32184, 'min': 0.024112029001116753, 'mean': 0.3960086709306731, 'std': 0.16060050407343496, 'max': 0.9604514241218567, 'histogram_10_bins_0_1': [474, 3120, 6004, 7670, 6594, 4618, 2466, 986, 222, 30], 'self_diagonal_excluded': True} inc_weight=0
2026-10-03 16:07:28,332 [RSIAT_adapter.py] => QKSR diagnostics task=0 epoch=3 gamma=0.41977292 gradients_epoch={'gamma_param': 0.2926582396030426, 'projector.linear.weight': 0.02243952825665474, 'projector.linear.bias': 0.024348102509975433, 'encoder.theta': 0.007598781026899815} kernel_epoch={'batches': 15, 'empty_batches': 0, 'pairs': 32184, 'min': 0.05154894292354584, 'mean': 0.4800247120333679, 'std': 0.15823668058238044, 'max': 0.9774878025054932, 'histogram_10_bins_0_1': [58, 912, 3332, 6128, 7578, 6776, 4430, 2198, 676, 96], 'self_diagonal_excluded': True} inc_weight=0
2026-10-03 16:07:30,034 [RSIAT_adapter.py] => QKSR diagnostics task=0 epoch=4 gamma=0.38310394 gradients_epoch={'gamma_param': 0.2917124032974243, 'projector.linear.weight': 0.03289156034588814, 'projector.linear.bias': 0.036818210035562515, 'encoder.theta': 0.012149958871304989} kernel_epoch={'batches': 15, 'empty_batches': 0, 'pairs': 32184, 'min': 0.06857671588659286, 'mean': 0.5463328606826643, 'std': 0.14972675796424262, 'max': 0.9824164509773254, 'histogram_10_bins_0_1': [8, 276, 1356, 3802, 6924, 7964, 6596, 3858, 1258, 142], 'self_diagonal_excluded': True} inc_weight=0
2026-10-03 16:07:31,743 [RSIAT_adapter.py] => QKSR diagnostics task=0 epoch=5 gamma=0.35151291 gradients_epoch={'gamma_param': 0.2854525148868561, 'projector.linear.weight': 0.030208775773644447, 'projector.linear.bias': 0.030918633565306664, 'encoder.theta': 0.011604288592934608} kernel_epoch={'batches': 15, 'empty_batches': 0, 'pairs': 32184, 'min': 0.024071894586086273, 'mean': 0.5430741165580587, 'std': 0.1725669685710339, 'max': 0.9979362487792969, 'histogram_10_bins_0_1': [110, 788, 2170, 3702, 5796, 6962, 6444, 4278, 1614, 320], 'self_diagonal_excluded': True} inc_weight=0
2026-10-03 16:07:33,440 [RSIAT_adapter.py] => QKSR diagnostics task=0 epoch=6 gamma=0.3240265 gradients_epoch={'gamma_param': 0.2734789550304413, 'projector.linear.weight': 0.03193240240216255, 'projector.linear.bias': 0.03320658951997757, 'encoder.theta': 0.01096376497298479} kernel_epoch={'batches': 15, 'empty_batches': 0, 'pairs': 32184, 'min': 0.02171492762863636, 'mean': 0.5501809663059647, 'std': 0.18754632735347332, 'max': 0.9982455968856812, 'histogram_10_bins_0_1': [224, 986, 2248, 3678, 5092, 6468, 6060, 4538, 2350, 540], 'self_diagonal_excluded': True} inc_weight=0
2026-10-03 16:07:35,137 [RSIAT_adapter.py] => QKSR diagnostics task=0 epoch=7 gamma=0.30023155 gradients_epoch={'gamma_param': 0.30287039279937744, 'projector.linear.weight': 0.03231626749038696, 'projector.linear.bias': 0.033159397542476654, 'encoder.theta': 0.010484912432730198} kernel_epoch={'batches': 15, 'empty_batches': 0, 'pairs': 32184, 'min': 0.017036521807312965, 'mean': 0.520118652703692, 'std': 0.19992902383311867, 'max': 0.9998912215232849, 'histogram_10_bins_0_1': [400, 1498, 3088, 4278, 5296, 5904, 5408, 3674, 1856, 782], 'self_diagonal_excluded': True} inc_weight=0
2026-10-03 16:07:36,844 [RSIAT_adapter.py] => QKSR diagnostics task=0 epoch=8 gamma=0.27931806 gradients_epoch={'gamma_param': 0.2940177023410797, 'projector.linear.weight': 0.030146680772304535, 'projector.linear.bias': 0.03579200059175491, 'encoder.theta': 0.011295443400740623} kernel_epoch={'batches': 15, 'empty_batches': 0, 'pairs': 32184, 'min': 0.01632956601679325, 'mean': 0.5201578967079007, 'std': 0.2091571616650829, 'max': 1.0, 'histogram_10_bins_0_1': [534, 1680, 3180, 4228, 5022, 5682, 5188, 3652, 1936, 1082], 'self_diagonal_excluded': True} inc_weight=0
2026-10-03 16:07:38,571 [RSIAT_adapter.py] => QKSR diagnostics task=0 epoch=9 gamma=0.26283079 gradients_epoch={'gamma_param': 0.2813144326210022, 'projector.linear.weight': 0.029600264504551888, 'projector.linear.bias': 0.031407710164785385, 'encoder.theta': 0.009678928181529045} kernel_epoch={'batches': 15, 'empty_batches': 0, 'pairs': 32184, 'min': 0.04217609018087387, 'mean': 0.5034860990276657, 'std': 0.22783244069324782, 'max': 1.0, 'histogram_10_bins_0_1': [542, 2246, 4112, 4594, 4952, 5042, 4450, 2748, 1386, 2112], 'self_diagonal_excluded': True} inc_weight=0
2026-10-03 16:07:40,310 [RSIAT_adapter.py] => QKSR diagnostics task=0 epoch=10 gamma=0.25052509 gradients_epoch={'gamma_param': 0.2444290816783905, 'projector.linear.weight': 0.026503298431634903, 'projector.linear.bias': 0.029525741934776306, 'encoder.theta': 0.008398853242397308} kernel_epoch={'batches': 15, 'empty_batches': 0, 'pairs': 32184, 'min': 0.03039601631462574, 'mean': 0.5196817495727973, 'std': 0.24267771050551273, 'max': 1.0, 'histogram_10_bins_0_1': [484, 2180, 3880, 5040, 4574, 4608, 3820, 2682, 1864, 3052], 'self_diagonal_excluded': True} inc_weight=0
2026-10-03 16:07:42,072 [RSIAT_adapter.py] => QKSR diagnostics task=0 epoch=11 gamma=0.24147545 gradients_epoch={'gamma_param': 0.20810776948928833, 'projector.linear.weight': 0.026855651289224625, 'projector.linear.bias': 0.02944209985435009, 'encoder.theta': 0.007950897328555584} kernel_epoch={'batches': 15, 'empty_batches': 0, 'pairs': 32184, 'min': 0.02600930817425251, 'mean': 0.5356579350213595, 'std': 0.2543709010031926, 'max': 1.0, 'histogram_10_bins_0_1': [394, 2324, 3798, 4670, 4522, 4360, 3482, 2784, 1720, 4130], 'self_diagonal_excluded': True} inc_weight=0
2026-10-03 16:07:43,825 [RSIAT_adapter.py] => QKSR diagnostics task=0 epoch=12 gamma=0.23467645 gradients_epoch={'gamma_param': 0.2016538828611374, 'projector.linear.weight': 0.0265159010887146, 'projector.linear.bias': 0.03357894346117973, 'encoder.theta': 0.009101820178329945} kernel_epoch={'batches': 15, 'empty_batches': 0, 'pairs': 32184, 'min': 0.03322235867381096, 'mean': 0.5430985728450991, 'std': 0.2677374488513597, 'max': 1.0, 'histogram_10_bins_0_1': [520, 2472, 3686, 4800, 4130, 3984, 3328, 2494, 1654, 5116], 'self_diagonal_excluded': True} inc_weight=0
2026-10-03 16:07:45,572 [RSIAT_adapter.py] => QKSR diagnostics task=0 epoch=13 gamma=0.23032148 gradients_epoch={'gamma_param': 0.1584397703409195, 'projector.linear.weight': 0.02792917564511299, 'projector.linear.bias': 0.033725716173648834, 'encoder.theta': 0.008513931185007095} kernel_epoch={'batches': 15, 'empty_batches': 0, 'pairs': 32184, 'min': 0.04368308559060097, 'mean': 0.5667379921181356, 'std': 0.25328725015161635, 'max': 1.0, 'histogram_10_bins_0_1': [422, 1704, 3044, 4534, 4306, 4388, 3840, 3008, 2360, 4578], 'self_diagonal_excluded': True} inc_weight=0
2026-10-03 16:07:47,308 [RSIAT_adapter.py] => QKSR diagnostics task=0 epoch=14 gamma=0.22726089 gradients_epoch={'gamma_param': 0.155563622713089, 'projector.linear.weight': 0.026686452329158783, 'projector.linear.bias': 0.03515476733446121, 'encoder.theta': 0.009153521619737148} kernel_epoch={'batches': 15, 'empty_batches': 0, 'pairs': 32184, 'min': 0.06035243719816208, 'mean': 0.5800552597239783, 'std': 0.26112024227086966, 'max': 1.0, 'histogram_10_bins_0_1': [306, 1532, 3014, 4706, 4556, 3974, 3768, 2430, 1922, 5976], 'self_diagonal_excluded': True} inc_weight=0
2026-10-03 16:07:49,036 [RSIAT_adapter.py] => QKSR diagnostics task=0 epoch=15 gamma=0.22497627 gradients_epoch={'gamma_param': 0.1544550657272339, 'projector.linear.weight': 0.025846319273114204, 'projector.linear.bias': 0.02837168052792549, 'encoder.theta': 0.007693667430430651} kernel_epoch={'batches': 15, 'empty_batches': 0, 'pairs': 32184, 'min': 0.04400443658232689, 'mean': 0.5891914838494877, 'std': 0.2631188624517466, 'max': 1.0, 'histogram_10_bins_0_1': [420, 1082, 3046, 5036, 4226, 3670, 3592, 3000, 1858, 6254], 'self_diagonal_excluded': True} inc_weight=0
2026-10-03 16:07:50,780 [RSIAT_adapter.py] => QKSR diagnostics task=0 epoch=16 gamma=0.22342078 gradients_epoch={'gamma_param': 0.1430681049823761, 'projector.linear.weight': 0.021538637578487396, 'projector.linear.bias': 0.02410743199288845, 'encoder.theta': 0.006535197142511606} kernel_epoch={'batches': 15, 'empty_batches': 0, 'pairs': 32184, 'min': 0.05380464717745781, 'mean': 0.5823439714611558, 'std': 0.2620065784529141, 'max': 1.0, 'histogram_10_bins_0_1': [416, 1722, 2592, 4704, 4242, 4120, 3496, 2962, 2276, 5654], 'self_diagonal_excluded': True} inc_weight=0
2026-10-03 16:07:52,538 [RSIAT_adapter.py] => QKSR diagnostics task=0 epoch=17 gamma=0.22249897 gradients_epoch={'gamma_param': 0.14663849771022797, 'projector.linear.weight': 0.023680008947849274, 'projector.linear.bias': 0.024157462641596794, 'encoder.theta': 0.006995559670031071} kernel_epoch={'batches': 15, 'empty_batches': 0, 'pairs': 32184, 'min': 0.045294295996427536, 'mean': 0.5893855868768583, 'std': 0.2644201258579198, 'max': 1.0, 'histogram_10_bins_0_1': [106, 1292, 2940, 5380, 4514, 3634, 3554, 2358, 1868, 6538], 'self_diagonal_excluded': True} inc_weight=0
2026-10-03 16:07:54,276 [RSIAT_adapter.py] => QKSR diagnostics task=0 epoch=18 gamma=0.22203688 gradients_epoch={'gamma_param': 0.11652040481567383, 'projector.linear.weight': 0.021882902830839157, 'projector.linear.bias': 0.027300260961055756, 'encoder.theta': 0.007348388433456421} kernel_epoch={'batches': 15, 'empty_batches': 0, 'pairs': 32184, 'min': 0.045365557074546814, 'mean': 0.5907848908742109, 'std': 0.2636552955752115, 'max': 1.0, 'histogram_10_bins_0_1': [238, 1576, 2696, 4628, 4452, 3860, 3780, 2610, 2026, 6318], 'self_diagonal_excluded': True} inc_weight=0
2026-10-03 16:07:56,018 [RSIAT_adapter.py] => QKSR diagnostics task=0 epoch=19 gamma=0.22183965 gradients_epoch={'gamma_param': 0.12316005676984787, 'projector.linear.weight': 0.02294263243675232, 'projector.linear.bias': 0.027767794206738472, 'encoder.theta': 0.007368304301053286} kernel_epoch={'batches': 15, 'empty_batches': 0, 'pairs': 32184, 'min': 0.03999282792210579, 'mean': 0.5798858074863051, 'std': 0.2754440102976515, 'max': 1.0, 'histogram_10_bins_0_1': [208, 2126, 3188, 4922, 4282, 3358, 3278, 2302, 1638, 6882], 'self_diagonal_excluded': True} inc_weight=0
2026-10-03 16:07:58,335 [RSIAT_adapter.py] => QKSR diagnostics task=0 epoch=20 gamma=0.22178811 gradients_epoch={'gamma_param': 0.1127336397767067, 'projector.linear.weight': 0.02318991720676422, 'projector.linear.bias': 0.025947382673621178, 'encoder.theta': 0.007577798794955015} kernel_epoch={'batches': 15, 'empty_batches': 0, 'pairs': 32184, 'min': 0.04912462458014488, 'mean': 0.5871098895855628, 'std': 0.26083847921462494, 'max': 1.0, 'histogram_10_bins_0_1': [180, 1464, 2672, 5342, 4310, 4090, 3542, 2644, 1614, 6326], 'self_diagonal_excluded': True} inc_weight=0
2026-10-03 16:07:58,336 [RSIAT_adapter.py] => Task 0, Epoch 20/20 => Loss 3.261, Loss_c 2.869, Losses_rt 0.392, Train_accy 93.11, Test_accy 87.43, Time 1.77s
2026-10-03 16:07:58,336 [RSIAT_adapter.py] => Task 0 peak GPU memory: 4417.51 MiB
2026-10-03 16:08:06,379 [base.py] => Stage metrics task=0 stage=pre_ca split=test accuracy={'total': 87.43, '00-09': 86.25, '10-19': 88.35, 'old': 0.0, 'new': 87.43}
2026-10-03 16:08:07,413 [base.py] => Stage metrics task=0 stage=post_ca split=test accuracy={'total': 87.43, '00-09': 86.25, '10-19': 88.35, 'old': 0.0, 'new': 87.43}
2026-10-03 16:08:07,413 [RSIAT_adapter.py] => CA accuracy delta task=0 total=0.0000 old=0.0000 new=0.0000
2026-10-03 16:08:07,413 [trainer.py] => Evaluation split: test
2026-10-03 16:08:07,947 [trainer.py] => CNN: {'total': 87.43, '00-09': 86.25, '10-19': 88.35, 'old': 0.0, 'new': 87.43}
2026-10-03 16:08:08,123 [base.py] => Saved checkpoint: /kaggle/working/qksr_ablation_runs/ckpt/imageneta_G0_paired_current_margin_full/imageneta/20_20/seed_1993/task_0.pkl
2026-10-03 16:08:08,128 [trainer.py] => CNN top1 curve: [87.43]
2026-10-03 16:08:08,128 [trainer.py] => CNN top5 curve: [98.36]
2026-10-03 16:08:08,128 [trainer.py] => Average Accuracy (CNN): 87.43
2026-10-03 16:08:08,129 [trainer.py] => All params: 87003648
2026-10-03 16:08:08,129 [trainer.py] => Trainable params: 1204992
2026-10-03 16:08:08,131 [RSIAT_adapter.py] => Learning on 20-40
2026-10-03 16:08:08,185 [RSIAT_adapter.py] => QKSR calibration task=1 samples=512 indices=[349, 131, 5, 252, 27, 280, 305, 717, 439, 97, 145, 411, 202, 559, 118, 163, 694, 343, 728, 320, 143, 292, 607, 204, 300, 407, 361, 64, 30, 8, 222, 119, 706, 659, 139, 346, 704, 385, 330, 708, 158, 483, 589, 570, 109, 647, 277, 426, 688, 724, 121, 151, 501, 188, 183, 617, 720, 70, 502, 489, 220, 232, 747, 100, 646, 106, 270, 55, 198, 467, 185, 96, 334, 692, 588, 148, 486, 69, 137, 101, 742, 39, 539, 378, 79, 655, 127, 690, 606, 663, 594, 15, 741, 409, 93, 236, 432, 11, 129, 441, 743, 94, 482, 86, 135, 231, 213, 673, 687, 218, 414, 321, 225, 175, 394, 531, 85, 90, 667, 374, 35, 14, 633, 498, 219, 181, 81, 34, 577, 390, 488, 731, 648, 51, 272, 433, 393, 746, 491, 26, 529, 713, 493, 555, 107, 83, 643, 363, 635, 470, 652, 123, 111, 356, 368, 689, 157, 563, 210, 545, 303, 345, 572, 208, 705, 562, 235, 634, 73, 547, 739, 52, 522, 618, 458, 274, 695, 117, 308, 306, 370, 614, 60, 256, 84, 709, 641, 173, 339, 437, 605, 278, 463, 45, 404, 682, 422, 372, 686, 56, 266, 147, 575, 494, 246, 240, 453, 237, 702, 68, 20, 387, 293, 581, 190, 71, 351, 360, 674, 98, 538, 80, 516, 89, 209, 217, 275, 29, 599, 697, 179, 337, 67, 398, 211, 380, 471, 630, 75, 517, 103, 722, 518, 149, 108, 264, 675, 507, 669, 365, 478, 592, 649, 261, 6, 627, 749, 718, 461, 662, 505, 189, 608, 142, 38, 88, 248, 515, 42, 613, 456, 203, 228, 57, 448, 438, 216, 418, 415, 140, 369, 500, 526, 696, 389, 282, 454, 16, 712, 678, 476, 719, 112, 76, 207, 629, 632, 170, 241, 171, 427, 730, 91, 120, 194, 672, 128, 114, 49, 410, 723, 691, 711, 242, 386, 535, 362, 590, 624, 184, 328, 382, 125, 511, 443, 388, 401, 31, 174, 419, 316, 167, 636, 651, 205, 62, 462, 400, 464, 165, 259, 750, 28, 541, 367, 285, 434, 301, 619, 304, 480, 156, 78, 132, 557, 403, 449, 602, 298, 546, 611, 604, 653, 457, 169, 104, 318, 359, 178, 2, 650, 257, 726, 475, 451, 366, 661, 657, 580, 223, 495, 155, 126, 727, 748, 548, 146, 197, 656, 279, 310, 552, 537, 556, 186, 716, 497, 442, 41, 247, 698, 322, 484, 408, 63, 554, 255, 544, 3, 43, 459, 521, 710, 355, 666, 564, 405, 48, 283, 267, 681, 509, 319, 233, 639, 22, 585, 700, 262, 428, 87, 215, 288, 182, 642, 54, 744, 469, 65, 239, 229, 496, 95, 752, 446, 192, 481, 354, 578, 25, 506, 133, 144, 550, 445, 154, 244, 595, 621, 9, 249, 271, 735, 21, 508, 7, 420, 160, 58, 159, 638, 150, 12, 568, 77, 664, 660, 110, 381, 291, 364, 582, 631, 191, 224, 295, 82, 504, 603, 338, 268, 161, 644, 212, 423, 626, 677, 19, 61, 53, 352, 622, 468, 333, 136, 294, 751, 138, 676, 524, 729, 477]
2026-10-03 16:08:08,186 [RSIAT_adapter.py] => SSCA feature mode: paired_eval
2026-10-03 16:08:12,322 [toolkit.py] => All params: 87134720
2026-10-03 16:08:12,322 [toolkit.py] => Trainable params: 1336064
2026-10-03 16:08:15,077 [RSIAT_adapter.py] => QKSR diagnostics task=1 epoch=1 gamma=0.22178811 gradients_epoch={} kernel_epoch={'batches': 16, 'empty_batches': 0, 'pairs': 15060, 'min': 0.07288717478513718, 'mean': 0.5380824173851356, 'std': 0.22237783995617458, 'max': 1.0, 'histogram_10_bins_0_1': [188, 719, 1245, 2328, 2549, 2122, 2177, 1694, 1045, 993], 'self_diagonal_excluded': True} inc_weight=0.083333333
2026-10-03 16:08:17,739 [RSIAT_adapter.py] => QKSR diagnostics task=1 epoch=2 gamma=0.22178811 gradients_epoch={} kernel_epoch={'batches': 16, 'empty_batches': 0, 'pairs': 15060, 'min': 0.04905318468809128, 'mean': 0.5411014154377786, 'std': 0.22613488719932576, 'max': 1.0, 'histogram_10_bins_0_1': [220, 707, 1274, 2390, 2380, 2088, 2113, 1713, 1089, 1086], 'self_diagonal_excluded': True} inc_weight=0.16666667
2026-10-03 16:08:20,402 [RSIAT_adapter.py] => QKSR diagnostics task=1 epoch=3 gamma=0.22178811 gradients_epoch={} kernel_epoch={'batches': 16, 'empty_batches': 0, 'pairs': 15060, 'min': 0.07049892842769623, 'mean': 0.5408224820838388, 'std': 0.22421580014551246, 'max': 1.0, 'histogram_10_bins_0_1': [194, 736, 1203, 2386, 2416, 2127, 2166, 1723, 1052, 1057], 'self_diagonal_excluded': True} inc_weight=0.25
2026-10-03 16:08:23,062 [RSIAT_adapter.py] => QKSR diagnostics task=1 epoch=4 gamma=0.22178811 gradients_epoch={} kernel_epoch={'batches': 16, 'empty_batches': 0, 'pairs': 15060, 'min': 0.04832485690712929, 'mean': 0.5310717222724817, 'std': 0.2237060813224291, 'max': 1.0, 'histogram_10_bins_0_1': [207, 815, 1323, 2385, 2490, 2171, 2098, 1586, 1019, 966], 'self_diagonal_excluded': True} inc_weight=0.25
2026-10-03 16:08:25,722 [RSIAT_adapter.py] => QKSR diagnostics task=1 epoch=5 gamma=0.22178811 gradients_epoch={} kernel_epoch={'batches': 16, 'empty_batches': 0, 'pairs': 15060, 'min': 0.04722827672958374, 'mean': 0.545077032917445, 'std': 0.2225550115313041, 'max': 1.0, 'histogram_10_bins_0_1': [182, 688, 1217, 2405, 2260, 2072, 2305, 1794, 1148, 989], 'self_diagonal_excluded': True} inc_weight=0.25
2026-10-03 16:08:28,382 [RSIAT_adapter.py] => QKSR diagnostics task=1 epoch=6 gamma=0.22178811 gradients_epoch={} kernel_epoch={'batches': 16, 'empty_batches': 0, 'pairs': 15060, 'min': 0.05392951890826225, 'mean': 0.5414976018252146, 'std': 0.219084626130663, 'max': 1.0, 'histogram_10_bins_0_1': [153, 681, 1267, 2327, 2407, 2143, 2294, 1818, 1059, 911], 'self_diagonal_excluded': True} inc_weight=0.25
2026-10-03 16:08:31,046 [RSIAT_adapter.py] => QKSR diagnostics task=1 epoch=7 gamma=0.22178811 gradients_epoch={} kernel_epoch={'batches': 16, 'empty_batches': 0, 'pairs': 15060, 'min': 0.05149300396442413, 'mean': 0.5368073880321199, 'std': 0.2259829024176059, 'max': 1.0, 'histogram_10_bins_0_1': [205, 803, 1213, 2511, 2314, 2124, 2153, 1590, 1086, 1061], 'self_diagonal_excluded': True} inc_weight=0.25
2026-10-03 16:08:33,707 [RSIAT_adapter.py] => QKSR diagnostics task=1 epoch=8 gamma=0.22178811 gradients_epoch={} kernel_epoch={'batches': 16, 'empty_batches': 0, 'pairs': 15060, 'min': 0.05239451676607132, 'mean': 0.5438888951411265, 'std': 0.2239744668967524, 'max': 1.0, 'histogram_10_bins_0_1': [220, 619, 1219, 2504, 2304, 2111, 2188, 1733, 1073, 1089], 'self_diagonal_excluded': True} inc_weight=0.25
2026-10-03 16:08:36,363 [RSIAT_adapter.py] => QKSR diagnostics task=1 epoch=9 gamma=0.22178811 gradients_epoch={} kernel_epoch={'batches': 16, 'empty_batches': 0, 'pairs': 15060, 'min': 0.06601084768772125, 'mean': 0.5425866831133604, 'std': 0.2253449845479269, 'max': 1.0, 'histogram_10_bins_0_1': [196, 700, 1333, 2269, 2377, 2122, 2259, 1654, 1033, 1117], 'self_diagonal_excluded': True} inc_weight=0.25
2026-10-03 16:08:39,039 [RSIAT_adapter.py] => QKSR diagnostics task=1 epoch=10 gamma=0.22178811 gradients_epoch={} kernel_epoch={'batches': 16, 'empty_batches': 0, 'pairs': 15060, 'min': 0.06077482923865318, 'mean': 0.544969386189612, 'std': 0.2238417023655322, 'max': 1.0, 'histogram_10_bins_0_1': [185, 703, 1128, 2371, 2494, 2186, 2100, 1681, 1095, 1117], 'self_diagonal_excluded': True} inc_weight=0.25
2026-10-03 16:08:41,692 [RSIAT_adapter.py] => QKSR diagnostics task=1 epoch=11 gamma=0.22178811 gradients_epoch={} kernel_epoch={'batches': 16, 'empty_batches': 0, 'pairs': 15060, 'min': 0.05348191410303116, 'mean': 0.5405385925485239, 'std': 0.22570103342795086, 'max': 1.0, 'histogram_10_bins_0_1': [214, 701, 1253, 2474, 2405, 2035, 2112, 1678, 1120, 1068], 'self_diagonal_excluded': True} inc_weight=0.25
2026-10-03 16:08:44,353 [RSIAT_adapter.py] => QKSR diagnostics task=1 epoch=12 gamma=0.22178811 gradients_epoch={} kernel_epoch={'batches': 16, 'empty_batches': 0, 'pairs': 15060, 'min': 0.07359713315963745, 'mean': 0.5426431075826901, 'std': 0.22356764409218857, 'max': 1.0, 'histogram_10_bins_0_1': [206, 700, 1173, 2428, 2388, 2099, 2176, 1798, 1027, 1065], 'self_diagonal_excluded': True} inc_weight=0.25
2026-10-03 16:08:47,020 [RSIAT_adapter.py] => QKSR diagnostics task=1 epoch=13 gamma=0.22178811 gradients_epoch={} kernel_epoch={'batches': 16, 'empty_batches': 0, 'pairs': 15060, 'min': 0.07694567739963531, 'mean': 0.5381885134064621, 'std': 0.2227817171191616, 'max': 1.0, 'histogram_10_bins_0_1': [150, 759, 1203, 2558, 2356, 2127, 2129, 1704, 1060, 1014], 'self_diagonal_excluded': True} inc_weight=0.25
2026-10-03 16:08:49,694 [RSIAT_adapter.py] => QKSR diagnostics task=1 epoch=14 gamma=0.22178811 gradients_epoch={} kernel_epoch={'batches': 16, 'empty_batches': 0, 'pairs': 15060, 'min': 0.048748936504125595, 'mean': 0.5367246839926537, 'std': 0.22429752140050155, 'max': 1.0, 'histogram_10_bins_0_1': [238, 626, 1288, 2601, 2392, 2000, 2145, 1696, 1059, 1015], 'self_diagonal_excluded': True} inc_weight=0.25
2026-10-03 16:08:53,344 [RSIAT_adapter.py] => QKSR diagnostics task=1 epoch=15 gamma=0.22178811 gradients_epoch={} kernel_epoch={'batches': 16, 'empty_batches': 0, 'pairs': 15060, 'min': 0.04438081383705139, 'mean': 0.5387007199128865, 'std': 0.22112553624799403, 'max': 1.0, 'histogram_10_bins_0_1': [178, 720, 1244, 2405, 2445, 2138, 2166, 1767, 1037, 960], 'self_diagonal_excluded': True} inc_weight=0.25
2026-10-03 16:08:53,344 [RSIAT_adapter.py] => Task 1, Epoch 15/15 => Loss 4.585, Loss_c 3.318, Losses_rt 1.267, Train_accy 85.52, Test_accy 79.00, Time 2.66s
2026-10-03 16:08:53,345 [RSIAT_adapter.py] => Task 1 peak GPU memory: 4875.67 MiB
2026-10-03 16:09:07,093 [base.py] => Stage metrics task=1 stage=pre_ca split=test accuracy={'total': 79.0, '00-09': 76.25, '10-19': 79.61, '20-29': 82.65, '30-39': 77.0, 'old': 78.14, 'new': 79.8}
2026-10-03 16:09:07,203 [base.py] => CA Task 1 => Loss 0.103, Test_accy skipped
2026-10-03 16:09:07,274 [base.py] => CA Task 1 => Loss 0.069, Test_accy skipped
2026-10-03 16:09:07,344 [base.py] => CA Task 1 => Loss 0.056, Test_accy skipped
2026-10-03 16:09:07,414 [base.py] => CA Task 1 => Loss 0.051, Test_accy skipped
2026-10-03 16:09:07,485 [base.py] => CA Task 1 => Loss 0.049, Test_accy skipped
2026-10-03 16:09:07,555 [base.py] => CA Task 1 => Loss 0.045, Test_accy skipped
2026-10-03 16:09:07,625 [base.py] => CA Task 1 => Loss 0.048, Test_accy skipped
2026-10-03 16:09:07,695 [base.py] => CA Task 1 => Loss 0.041, Test_accy skipped
2026-10-03 16:09:07,766 [base.py] => CA Task 1 => Loss 0.043, Test_accy skipped
2026-10-03 16:09:08,808 [base.py] => CA Task 1 => Loss 0.039, Test_accy 82.150
2026-10-03 16:09:10,893 [base.py] => Stage metrics task=1 stage=post_ca split=test accuracy={'total': 82.15, '00-09': 75.0, '10-19': 85.44, '20-29': 85.71, '30-39': 81.0, 'old': 80.87, 'new': 83.33}
2026-10-03 16:09:10,893 [RSIAT_adapter.py] => CA accuracy delta task=1 total=3.1500 old=2.7300 new=3.5300
2026-10-03 16:09:10,893 [trainer.py] => Evaluation split: test
2026-10-03 16:09:11,882 [trainer.py] => CNN: {'total': 82.15, '00-09': 75.0, '10-19': 85.44, '20-29': 85.71, '30-39': 81.0, 'old': 80.87, 'new': 83.33}
2026-10-03 16:09:11,882 [trainer.py] => Continual metrics after task 1: BWT=-6.5600, forgetting=6.5600, task_acc=[80.87, 83.33]
2026-10-03 16:09:12,076 [base.py] => Saved checkpoint: /kaggle/working/qksr_ablation_runs/ckpt/imageneta_G0_paired_current_margin_full/imageneta/20_20/seed_1993/task_1.pkl
2026-10-03 16:09:12,077 [trainer.py] => CNN top1 curve: [87.43, 82.15]
2026-10-03 16:09:12,077 [trainer.py] => CNN top5 curve: [98.36, 95.54]
2026-10-03 16:09:12,077 [trainer.py] => Average Accuracy (CNN): 84.79
2026-10-03 16:09:12,077 [trainer.py] => All params: 87019008
2026-10-03 16:09:12,078 [trainer.py] => Trainable params: 1220352
2026-10-03 16:09:12,079 [RSIAT_adapter.py] => Learning on 40-60
2026-10-03 16:09:12,153 [RSIAT_adapter.py] => QKSR calibration task=2 samples=494 indices=[207, 312, 395, 64, 175, 134, 13, 363, 231, 358, 178, 230, 449, 74, 45, 38, 89, 171, 320, 361, 305, 120, 122, 193, 445, 390, 285, 27, 170, 436, 250, 53, 140, 383, 249, 131, 303, 401, 148, 203, 51, 340, 78, 5, 406, 188, 342, 274, 104, 23, 135, 442, 273, 107, 327, 208, 470, 405, 292, 381, 153, 435, 161, 228, 159, 258, 460, 301, 94, 99, 195, 136, 403, 10, 417, 222, 272, 286, 155, 129, 225, 22, 184, 254, 441, 196, 214, 267, 438, 451, 257, 456, 173, 82, 488, 133, 423, 339, 433, 87, 11, 326, 422, 385, 315, 227, 213, 14, 466, 347, 223, 391, 420, 464, 478, 415, 234, 44, 298, 77, 177, 281, 483, 366, 215, 201, 324, 61, 63, 182, 0, 354, 46, 411, 243, 283, 224, 169, 351, 206, 75, 359, 311, 67, 296, 237, 156, 84, 482, 106, 432, 493, 221, 371, 55, 210, 132, 66, 86, 138, 96, 333, 247, 331, 448, 284, 229, 480, 434, 198, 413, 414, 128, 288, 97, 123, 16, 374, 335, 69, 341, 105, 293, 166, 88, 209, 377, 118, 162, 143, 287, 15, 4, 216, 357, 111, 93, 458, 323, 144, 319, 68, 102, 186, 108, 80, 205, 180, 246, 124, 17, 487, 28, 427, 396, 437, 290, 197, 167, 60, 426, 393, 424, 187, 485, 317, 220, 282, 73, 477, 149, 375, 113, 185, 364, 92, 334, 421, 353, 337, 461, 6, 98, 471, 21, 350, 226, 392, 47, 304, 325, 242, 365, 65, 382, 349, 141, 344, 467, 217, 447, 389, 101, 289, 278, 183, 50, 158, 116, 379, 399, 70, 239, 269, 194, 174, 160, 259, 12, 419, 90, 57, 328, 481, 251, 263, 30, 387, 356, 463, 54, 112, 418, 490, 1, 126, 343, 261, 18, 34, 35, 452, 450, 348, 275, 429, 409, 192, 43, 100, 362, 270, 291, 313, 157, 280, 31, 454, 165, 469, 380, 397, 394, 48, 59, 310, 52, 130, 360, 202, 370, 468, 26, 71, 20, 32, 3, 378, 33, 484, 300, 479, 318, 355, 321, 232, 307, 117, 168, 425, 211, 474, 236, 25, 440, 410, 110, 127, 316, 302, 151, 297, 125, 114, 475, 91, 368, 81, 2, 189, 200, 276, 294, 238, 266, 330, 268, 62, 345, 163, 262, 37, 404, 465, 400, 49, 235, 264, 329, 486, 446, 430, 489, 248, 453, 253, 240, 388, 121, 147, 386, 376, 109, 472, 416, 137, 146, 139, 295, 115, 142, 181, 36, 199, 256, 372, 322, 8, 85, 76, 338, 271, 19, 462, 145, 332, 277, 95, 491, 431, 299, 459, 56, 164, 119, 346, 309, 241, 218, 455, 83, 191, 398, 219, 9, 444, 373, 402, 367, 412, 308, 369, 7, 212, 152, 42, 204, 244, 439, 40, 306, 492, 408, 473, 39, 233, 24, 255, 352, 41, 252, 407, 179, 29, 428, 103, 190, 79, 150, 72, 314, 260, 154, 279, 476, 176, 384, 172, 443, 457, 336, 58, 245, 265]
2026-10-03 16:09:12,155 [RSIAT_adapter.py] => SSCA feature mode: paired_eval
2026-10-03 16:09:14,787 [toolkit.py] => All params: 87150080
2026-10-03 16:09:14,787 [toolkit.py] => Trainable params: 1351424
2026-10-03 16:09:16,690 [RSIAT_adapter.py] => QKSR diagnostics task=2 epoch=1 gamma=0.22178811 gradients_epoch={} kernel_epoch={'batches': 11, 'empty_batches': 0, 'pairs': 19760, 'min': 0.0465264655649662, 'mean': 0.5579414935929602, 'std': 0.21493671403219328, 'max': 1.0, 'histogram_10_bins_0_1': [61, 868, 1492, 2765, 3025, 2896, 3282, 2532, 1561, 1278], 'self_diagonal_excluded': True} inc_weight=0.083333333
2026-10-03 16:09:18,531 [RSIAT_adapter.py] => QKSR diagnostics task=2 epoch=2 gamma=0.22178811 gradients_epoch={} kernel_epoch={'batches': 11, 'empty_batches': 0, 'pairs': 19760, 'min': 0.07034032046794891, 'mean': 0.5608700428067551, 'std': 0.20901007328812243, 'max': 1.0, 'histogram_10_bins_0_1': [37, 719, 1351, 2780, 3165, 3106, 3311, 2477, 1620, 1194], 'self_diagonal_excluded': True} inc_weight=0.16666667
2026-10-03 16:09:20,375 [RSIAT_adapter.py] => QKSR diagnostics task=2 epoch=3 gamma=0.22178811 gradients_epoch={} kernel_epoch={'batches': 11, 'empty_batches': 0, 'pairs': 19760, 'min': 0.04745155945420265, 'mean': 0.5580752338763507, 'std': 0.21046442473138685, 'max': 1.0, 'histogram_10_bins_0_1': [41, 758, 1579, 2631, 3125, 3055, 3283, 2624, 1504, 1160], 'self_diagonal_excluded': True} inc_weight=0.25
2026-10-03 16:09:22,234 [RSIAT_adapter.py] => QKSR diagnostics task=2 epoch=4 gamma=0.22178811 gradients_epoch={} kernel_epoch={'batches': 11, 'empty_batches': 0, 'pairs': 19760, 'min': 0.047016654163599014, 'mean': 0.5586199345730758, 'std': 0.21074343633456652, 'max': 1.0, 'histogram_10_bins_0_1': [55, 699, 1634, 2681, 2999, 3040, 3305, 2608, 1607, 1132], 'self_diagonal_excluded': True} inc_weight=0.25
2026-10-03 16:09:24,098 [RSIAT_adapter.py] => QKSR diagnostics task=2 epoch=5 gamma=0.22178811 gradients_epoch={} kernel_epoch={'batches': 11, 'empty_batches': 0, 'pairs': 19760, 'min': 0.058153923600912094, 'mean': 0.5493977101783641, 'std': 0.21553980209950976, 'max': 1.0, 'histogram_10_bins_0_1': [49, 919, 1633, 2777, 3083, 3012, 3267, 2363, 1397, 1260], 'self_diagonal_excluded': True} inc_weight=0.25
2026-10-03 16:09:25,931 [RSIAT_adapter.py] => QKSR diagnostics task=2 epoch=6 gamma=0.22178811 gradients_epoch={} kernel_epoch={'batches': 11, 'empty_batches': 0, 'pairs': 19760, 'min': 0.041187942028045654, 'mean': 0.5568452491530552, 'std': 0.21080379621127057, 'max': 1.0, 'histogram_10_bins_0_1': [32, 835, 1494, 2707, 2979, 3068, 3411, 2627, 1497, 1110], 'self_diagonal_excluded': True} inc_weight=0.25
2026-10-03 16:09:27,741 [RSIAT_adapter.py] => QKSR diagnostics task=2 epoch=7 gamma=0.22178811 gradients_epoch={} kernel_epoch={'batches': 11, 'empty_batches': 0, 'pairs': 19760, 'min': 0.047280605882406235, 'mean': 0.5521184829898887, 'std': 0.21126773181684566, 'max': 1.0, 'histogram_10_bins_0_1': [88, 849, 1405, 2838, 3158, 3115, 3229, 2489, 1467, 1122], 'self_diagonal_excluded': True} inc_weight=0.25
2026-10-03 16:09:29,567 [RSIAT_adapter.py] => QKSR diagnostics task=2 epoch=8 gamma=0.22178811 gradients_epoch={} kernel_epoch={'batches': 11, 'empty_batches': 0, 'pairs': 19760, 'min': 0.04977253079414368, 'mean': 0.5628990679064969, 'std': 0.21060569373463695, 'max': 1.0, 'histogram_10_bins_0_1': [35, 767, 1427, 2624, 3070, 3116, 3309, 2628, 1546, 1238], 'self_diagonal_excluded': True} inc_weight=0.25
2026-10-03 16:09:31,384 [RSIAT_adapter.py] => QKSR diagnostics task=2 epoch=9 gamma=0.22178811 gradients_epoch={} kernel_epoch={'batches': 11, 'empty_batches': 0, 'pairs': 19760, 'min': 0.07985299825668335, 'mean': 0.5565491158040127, 'std': 0.21032696521585323, 'max': 1.0, 'histogram_10_bins_0_1': [24, 739, 1618, 2687, 3154, 3088, 3255, 2546, 1416, 1233], 'self_diagonal_excluded': True} inc_weight=0.25
2026-10-03 16:09:33,188 [RSIAT_adapter.py] => QKSR diagnostics task=2 epoch=10 gamma=0.22178811 gradients_epoch={} kernel_epoch={'batches': 11, 'empty_batches': 0, 'pairs': 19760, 'min': 0.06021174415946007, 'mean': 0.5534734580499923, 'std': 0.21178646586382774, 'max': 1.0, 'histogram_10_bins_0_1': [34, 880, 1532, 2773, 3030, 3101, 3376, 2432, 1352, 1250], 'self_diagonal_excluded': True} inc_weight=0.25
2026-10-03 16:09:34,989 [RSIAT_adapter.py] => QKSR diagnostics task=2 epoch=11 gamma=0.22178811 gradients_epoch={} kernel_epoch={'batches': 11, 'empty_batches': 0, 'pairs': 19760, 'min': 0.07893843203783035, 'mean': 0.5576439851845958, 'std': 0.21333416493045212, 'max': 1.0, 'histogram_10_bins_0_1': [35, 808, 1584, 2687, 3091, 3100, 3159, 2532, 1468, 1296], 'self_diagonal_excluded': True} inc_weight=0.25
2026-10-03 16:09:36,787 [RSIAT_adapter.py] => QKSR diagnostics task=2 epoch=12 gamma=0.22178811 gradients_epoch={} kernel_epoch={'batches': 11, 'empty_batches': 0, 'pairs': 19760, 'min': 0.05735335126519203, 'mean': 0.5579860580623195, 'std': 0.21025422396986043, 'max': 1.0, 'histogram_10_bins_0_1': [13, 817, 1443, 2753, 3093, 3113, 3287, 2559, 1505, 1177], 'self_diagonal_excluded': True} inc_weight=0.25
2026-10-03 16:09:38,583 [RSIAT_adapter.py] => QKSR diagnostics task=2 epoch=13 gamma=0.22178811 gradients_epoch={} kernel_epoch={'batches': 11, 'empty_batches': 0, 'pairs': 19760, 'min': 0.05765581876039505, 'mean': 0.5555625506889769, 'std': 0.21261088590730703, 'max': 0.9999997615814209, 'histogram_10_bins_0_1': [61, 847, 1360, 2955, 3075, 3012, 3232, 2477, 1506, 1235], 'self_diagonal_excluded': True} inc_weight=0.25
2026-10-03 16:09:40,378 [RSIAT_adapter.py] => QKSR diagnostics task=2 epoch=14 gamma=0.22178811 gradients_epoch={} kernel_epoch={'batches': 11, 'empty_batches': 0, 'pairs': 19760, 'min': 0.049941979348659515, 'mean': 0.5530035745774806, 'std': 0.21125950403152402, 'max': 1.0, 'histogram_10_bins_0_1': [36, 846, 1565, 2780, 3017, 3039, 3442, 2453, 1393, 1189], 'self_diagonal_excluded': True} inc_weight=0.25
2026-10-03 16:09:43,336 [RSIAT_adapter.py] => QKSR diagnostics task=2 epoch=15 gamma=0.22178811 gradients_epoch={} kernel_epoch={'batches': 11, 'empty_batches': 0, 'pairs': 19760, 'min': 0.04134037345647812, 'mean': 0.559303651120031, 'std': 0.21132666726671057, 'max': 1.0, 'histogram_10_bins_0_1': [30, 851, 1423, 2576, 3164, 3130, 3343, 2498, 1525, 1220], 'self_diagonal_excluded': True} inc_weight=0.25
2026-10-03 16:09:43,336 [RSIAT_adapter.py] => Task 2, Epoch 15/15 => Loss 3.726, Loss_c 2.493, Losses_rt 1.233, Train_accy 86.84, Test_accy 80.16, Time 1.80s
2026-10-03 16:09:43,336 [RSIAT_adapter.py] => Task 2 peak GPU memory: 4870.20 MiB
2026-10-03 16:09:54,258 [base.py] => Stage metrics task=2 stage=pre_ca split=test accuracy={'total': 80.16, '00-09': 73.75, '10-19': 82.52, '20-29': 80.61, '30-39': 78.0, '40-49': 82.86, '50-59': 84.13, 'old': 79.0, 'new': 83.46}
2026-10-03 16:09:54,379 [base.py] => CA Task 2 => Loss 0.094, Test_accy skipped
2026-10-03 16:09:54,495 [base.py] => CA Task 2 => Loss 0.073, Test_accy skipped
2026-10-03 16:09:54,611 [base.py] => CA Task 2 => Loss 0.064, Test_accy skipped
2026-10-03 16:09:54,726 [base.py] => CA Task 2 => Loss 0.060, Test_accy skipped
2026-10-03 16:09:54,842 [base.py] => CA Task 2 => Loss 0.059, Test_accy skipped
2026-10-03 16:09:54,957 [base.py] => CA Task 2 => Loss 0.054, Test_accy skipped
2026-10-03 16:09:55,071 [base.py] => CA Task 2 => Loss 0.053, Test_accy skipped
2026-10-03 16:09:55,186 [base.py] => CA Task 2 => Loss 0.053, Test_accy skipped
2026-10-03 16:09:55,301 [base.py] => CA Task 2 => Loss 0.049, Test_accy skipped
2026-10-03 16:09:56,556 [base.py] => CA Task 2 => Loss 0.051, Test_accy 80.350
2026-10-03 16:09:59,176 [base.py] => Stage metrics task=2 stage=post_ca split=test accuracy={'total': 80.35, '00-09': 72.5, '10-19': 83.5, '20-29': 80.61, '30-39': 80.0, '40-49': 80.0, '50-59': 85.71, 'old': 79.53, 'new': 82.71}
2026-10-03 16:09:59,176 [RSIAT_adapter.py] => CA accuracy delta task=2 total=0.1900 old=0.5300 new=-0.7500
2026-10-03 16:09:59,176 [trainer.py] => Evaluation split: test
2026-10-03 16:10:00,399 [trainer.py] => CNN: {'total': 80.35, '00-09': 72.5, '10-19': 83.5, '20-29': 80.61, '30-39': 80.0, '40-49': 80.0, '50-59': 85.71, 'old': 79.53, 'new': 82.71}
2026-10-03 16:10:00,399 [trainer.py] => Continual metrics after task 2: BWT=-5.8850, forgetting=5.8850, task_acc=[78.69, 80.3, 82.71]
2026-10-03 16:10:00,577 [base.py] => Saved checkpoint: /kaggle/working/qksr_ablation_runs/ckpt/imageneta_G0_paired_current_margin_full/imageneta/20_20/seed_1993/task_2.pkl
2026-10-03 16:10:00,579 [trainer.py] => CNN top1 curve: [87.43, 82.15, 80.35]
2026-10-03 16:10:00,579 [trainer.py] => CNN top5 curve: [98.36, 95.54, 94.36]
2026-10-03 16:10:00,579 [trainer.py] => Average Accuracy (CNN): 83.31
2026-10-03 16:10:00,580 [trainer.py] => All params: 87034368
2026-10-03 16:10:00,580 [trainer.py] => Trainable params: 1235712
2026-10-03 16:10:00,581 [RSIAT_adapter.py] => Learning on 60-80
2026-10-03 16:10:00,680 [RSIAT_adapter.py] => QKSR calibration task=3 samples=512 indices=[525, 210, 414, 623, 737, 784, 269, 615, 712, 276, 183, 579, 415, 398, 500, 404, 581, 10, 534, 611, 550, 277, 624, 201, 67, 522, 142, 15, 177, 164, 478, 270, 687, 378, 584, 786, 259, 131, 1, 84, 555, 25, 454, 18, 480, 724, 410, 386, 567, 574, 230, 37, 491, 4, 347, 20, 547, 193, 35, 248, 767, 108, 114, 744, 484, 790, 468, 551, 479, 51, 200, 482, 413, 19, 747, 746, 305, 519, 774, 499, 383, 59, 352, 486, 89, 542, 469, 554, 62, 620, 212, 594, 697, 492, 72, 751, 526, 764, 216, 543, 279, 757, 68, 569, 540, 527, 629, 217, 207, 70, 464, 646, 226, 715, 304, 650, 133, 727, 504, 576, 167, 679, 150, 306, 346, 11, 792, 285, 619, 247, 322, 705, 754, 343, 121, 700, 638, 572, 190, 473, 319, 553, 195, 318, 446, 455, 272, 601, 288, 663, 475, 312, 505, 97, 126, 211, 758, 242, 331, 262, 485, 351, 158, 330, 462, 745, 82, 440, 635, 641, 562, 545, 169, 402, 30, 690, 742, 418, 240, 403, 55, 451, 549, 658, 32, 287, 706, 321, 371, 17, 701, 405, 457, 778, 471, 721, 168, 154, 134, 214, 673, 639, 769, 465, 296, 22, 293, 556, 763, 395, 704, 731, 5, 544, 614, 361, 13, 735, 365, 753, 136, 707, 382, 524, 324, 474, 52, 56, 255, 722, 520, 528, 396, 719, 74, 299, 250, 146, 203, 441, 430, 684, 58, 546, 510, 368, 768, 57, 433, 692, 340, 116, 115, 234, 61, 709, 622, 442, 513, 100, 71, 77, 106, 76, 332, 675, 509, 756, 714, 797, 453, 302, 370, 593, 2, 598, 477, 381, 273, 376, 283, 353, 21, 552, 541, 360, 181, 139, 125, 357, 219, 590, 237, 717, 408, 157, 644, 257, 514, 423, 274, 0, 765, 99, 681, 113, 741, 750, 184, 488, 470, 738, 252, 406, 789, 311, 208, 781, 595, 449, 703, 286, 585, 726, 582, 373, 632, 689, 730, 669, 191, 493, 128, 354, 634, 66, 222, 172, 685, 580, 384, 429, 122, 246, 138, 411, 50, 48, 557, 42, 734, 144, 64, 162, 309, 779, 538, 335, 483, 782, 496, 628, 388, 425, 161, 645, 516, 263, 630, 227, 796, 194, 633, 626, 785, 209, 680, 568, 564, 338, 666, 98, 674, 65, 723, 39, 38, 511, 578, 249, 699, 775, 472, 301, 213, 156, 653, 720, 141, 266, 412, 655, 389, 607, 291, 759, 417, 508, 81, 448, 78, 458, 466, 776, 179, 416, 616, 327, 372, 143, 749, 363, 325, 725, 683, 124, 570, 686, 170, 199, 29, 224, 314, 772, 85, 229, 736, 218, 215, 437, 87, 788, 561, 636, 599, 517, 3, 220, 498, 748, 105, 225, 326, 232, 481, 112, 487, 618, 96, 275, 333, 661, 60, 40, 428, 289, 394, 307, 102, 268, 696, 761, 369, 752, 647, 677, 702, 773, 329, 107, 445, 91, 26, 46, 45, 657, 90, 284, 147, 243, 221, 571, 605, 337, 47, 532, 729, 281, 12, 344, 79, 565, 178, 662, 151, 732, 621, 739, 427, 583, 755, 693]
2026-10-03 16:10:00,681 [RSIAT_adapter.py] => SSCA feature mode: paired_eval
2026-10-03 16:10:04,824 [toolkit.py] => All params: 87165440
2026-10-03 16:10:04,824 [toolkit.py] => Trainable params: 1366784
2026-10-03 16:10:07,731 [RSIAT_adapter.py] => QKSR diagnostics task=3 epoch=1 gamma=0.22178811 gradients_epoch={} kernel_epoch={'batches': 17, 'empty_batches': 0, 'pairs': 47940, 'min': 0.051741644740104675, 'mean': 0.5793413917141242, 'std': 0.2255831907471887, 'max': 1.0, 'histogram_10_bins_0_1': [81, 2085, 3645, 5540, 6803, 7750, 7349, 5841, 3975, 4871], 'self_diagonal_excluded': True} inc_weight=0.083333333
2026-10-03 16:10:10,552 [RSIAT_adapter.py] => QKSR diagnostics task=3 epoch=2 gamma=0.22178811 gradients_epoch={} kernel_epoch={'batches': 17, 'empty_batches': 0, 'pairs': 47940, 'min': 0.04535365104675293, 'mean': 0.5767384051230671, 'std': 0.22388797051890044, 'max': 1.0, 'histogram_10_bins_0_1': [65, 1968, 3724, 5835, 6820, 7612, 7356, 6010, 3904, 4646], 'self_diagonal_excluded': True} inc_weight=0.16666667
2026-10-03 16:10:13,371 [RSIAT_adapter.py] => QKSR diagnostics task=3 epoch=3 gamma=0.22178811 gradients_epoch={} kernel_epoch={'batches': 17, 'empty_batches': 0, 'pairs': 47940, 'min': 0.055469803512096405, 'mean': 0.5736257589226733, 'std': 0.22196973438460063, 'max': 1.0, 'histogram_10_bins_0_1': [81, 2116, 3651, 5857, 6671, 7728, 7518, 6035, 3999, 4284], 'self_diagonal_excluded': True} inc_weight=0.25
2026-10-03 16:10:16,183 [RSIAT_adapter.py] => QKSR diagnostics task=3 epoch=4 gamma=0.22178811 gradients_epoch={} kernel_epoch={'batches': 17, 'empty_batches': 0, 'pairs': 47940, 'min': 0.05221587046980858, 'mean': 0.5769891038965194, 'std': 0.22311174763945898, 'max': 1.0, 'histogram_10_bins_0_1': [134, 2115, 3452, 5688, 6867, 7621, 7482, 6023, 4137, 4421], 'self_diagonal_excluded': True} inc_weight=0.25
2026-10-03 16:10:19,000 [RSIAT_adapter.py] => QKSR diagnostics task=3 epoch=5 gamma=0.22178811 gradients_epoch={} kernel_epoch={'batches': 17, 'empty_batches': 0, 'pairs': 47940, 'min': 0.03753390908241272, 'mean': 0.5736446371148926, 'std': 0.22266057348205784, 'max': 1.0, 'histogram_10_bins_0_1': [168, 2063, 3663, 5756, 6766, 7661, 7525, 6038, 3980, 4320], 'self_diagonal_excluded': True} inc_weight=0.25
2026-10-03 16:10:21,837 [RSIAT_adapter.py] => QKSR diagnostics task=3 epoch=6 gamma=0.22178811 gradients_epoch={} kernel_epoch={'batches': 17, 'empty_batches': 0, 'pairs': 47940, 'min': 0.04901637136936188, 'mean': 0.5767899016324783, 'std': 0.22255290255758853, 'max': 1.0, 'histogram_10_bins_0_1': [57, 1956, 3749, 5672, 6966, 7665, 7424, 5893, 4059, 4499], 'self_diagonal_excluded': True} inc_weight=0.25
2026-10-03 16:10:24,642 [RSIAT_adapter.py] => QKSR diagnostics task=3 epoch=7 gamma=0.22178811 gradients_epoch={} kernel_epoch={'batches': 17, 'empty_batches': 0, 'pairs': 47940, 'min': 0.05253498628735542, 'mean': 0.580925010179368, 'std': 0.22205969685887467, 'max': 1.0, 'histogram_10_bins_0_1': [89, 1840, 3805, 5476, 6589, 7738, 7484, 6227, 4197, 4495], 'self_diagonal_excluded': True} inc_weight=0.25
2026-10-03 16:10:27,492 [RSIAT_adapter.py] => QKSR diagnostics task=3 epoch=8 gamma=0.22178811 gradients_epoch={} kernel_epoch={'batches': 17, 'empty_batches': 0, 'pairs': 47940, 'min': 0.05088282749056816, 'mean': 0.5752023075850627, 'std': 0.2223865460760411, 'max': 1.0, 'histogram_10_bins_0_1': [136, 2085, 3637, 5565, 6912, 7717, 7434, 6052, 4134, 4268], 'self_diagonal_excluded': True} inc_weight=0.25
2026-10-03 16:10:30,305 [RSIAT_adapter.py] => QKSR diagnostics task=3 epoch=9 gamma=0.22178811 gradients_epoch={} kernel_epoch={'batches': 17, 'empty_batches': 0, 'pairs': 47940, 'min': 0.0480634979903698, 'mean': 0.5749359342372562, 'std': 0.22634489286066156, 'max': 1.0, 'histogram_10_bins_0_1': [117, 2146, 3736, 5733, 6956, 7592, 7127, 5853, 3934, 4746], 'self_diagonal_excluded': True} inc_weight=0.25
2026-10-03 16:10:33,152 [RSIAT_adapter.py] => QKSR diagnostics task=3 epoch=10 gamma=0.22178811 gradients_epoch={} kernel_epoch={'batches': 17, 'empty_batches': 0, 'pairs': 47940, 'min': 0.054977815598249435, 'mean': 0.574036973017949, 'std': 0.2261643292667406, 'max': 1.0, 'histogram_10_bins_0_1': [130, 2205, 3682, 5731, 7011, 7601, 7216, 5743, 3893, 4728], 'self_diagonal_excluded': True} inc_weight=0.25
2026-10-03 16:10:35,998 [RSIAT_adapter.py] => QKSR diagnostics task=3 epoch=11 gamma=0.22178811 gradients_epoch={} kernel_epoch={'batches': 17, 'empty_batches': 0, 'pairs': 47940, 'min': 0.04904128238558769, 'mean': 0.5756602533794956, 'std': 0.22380672117685307, 'max': 1.0, 'histogram_10_bins_0_1': [110, 1981, 3752, 5798, 6782, 7778, 7342, 5844, 3937, 4616], 'self_diagonal_excluded': True} inc_weight=0.25
2026-10-03 16:10:38,836 [RSIAT_adapter.py] => QKSR diagnostics task=3 epoch=12 gamma=0.22178811 gradients_epoch={} kernel_epoch={'batches': 17, 'empty_batches': 0, 'pairs': 47940, 'min': 0.05172085016965866, 'mean': 0.5803144354448593, 'std': 0.2217865896511359, 'max': 1.0, 'histogram_10_bins_0_1': [142, 1778, 3541, 5727, 6753, 7728, 7570, 6088, 4069, 4544], 'self_diagonal_excluded': True} inc_weight=0.25
2026-10-03 16:10:41,670 [RSIAT_adapter.py] => QKSR diagnostics task=3 epoch=13 gamma=0.22178811 gradients_epoch={} kernel_epoch={'batches': 17, 'empty_batches': 0, 'pairs': 47940, 'min': 0.04992520064115524, 'mean': 0.5751890514457803, 'std': 0.2239258458775473, 'max': 1.0, 'histogram_10_bins_0_1': [112, 1968, 3774, 5745, 6967, 7566, 7482, 5835, 3900, 4591], 'self_diagonal_excluded': True} inc_weight=0.25
2026-10-03 16:10:44,506 [RSIAT_adapter.py] => QKSR diagnostics task=3 epoch=14 gamma=0.22178811 gradients_epoch={} kernel_epoch={'batches': 17, 'empty_batches': 0, 'pairs': 47940, 'min': 0.05039699375629425, 'mean': 0.5746124146684141, 'std': 0.2223805855197221, 'max': 1.0, 'histogram_10_bins_0_1': [124, 2007, 3794, 5615, 6814, 7662, 7582, 5952, 4104, 4286], 'self_diagonal_excluded': True} inc_weight=0.25
2026-10-03 16:10:49,128 [RSIAT_adapter.py] => QKSR diagnostics task=3 epoch=15 gamma=0.22178811 gradients_epoch={} kernel_epoch={'batches': 17, 'empty_batches': 0, 'pairs': 47940, 'min': 0.06280583143234253, 'mean': 0.5763161624639195, 'std': 0.2226469358116831, 'max': 1.0, 'histogram_10_bins_0_1': [91, 1963, 3799, 5517, 6995, 7757, 7511, 5832, 3940, 4535], 'self_diagonal_excluded': True} inc_weight=0.25
2026-10-03 16:10:49,128 [RSIAT_adapter.py] => Task 3, Epoch 15/15 => Loss 4.196, Loss_c 2.905, Losses_rt 1.290, Train_accy 80.10, Test_accy 75.03, Time 2.84s
2026-10-03 16:10:49,128 [RSIAT_adapter.py] => Task 3 peak GPU memory: 4876.63 MiB
2026-10-03 16:11:04,884 [base.py] => Stage metrics task=3 stage=pre_ca split=test accuracy={'total': 75.03, '00-09': 70.0, '10-19': 75.73, '20-29': 76.53, '30-39': 69.0, '40-49': 71.43, '50-59': 82.54, '60-69': 79.82, '70-79': 75.27, 'old': 73.93, 'new': 77.78}
2026-10-03 16:11:05,056 [base.py] => CA Task 3 => Loss 0.111, Test_accy skipped
2026-10-03 16:11:05,223 [base.py] => CA Task 3 => Loss 0.087, Test_accy skipped
2026-10-03 16:11:05,388 [base.py] => CA Task 3 => Loss 0.075, Test_accy skipped
2026-10-03 16:11:05,553 [base.py] => CA Task 3 => Loss 0.070, Test_accy skipped
2026-10-03 16:11:05,719 [base.py] => CA Task 3 => Loss 0.068, Test_accy skipped
2026-10-03 16:11:05,884 [base.py] => CA Task 3 => Loss 0.066, Test_accy skipped
2026-10-03 16:11:06,049 [base.py] => CA Task 3 => Loss 0.064, Test_accy skipped
2026-10-03 16:11:06,215 [base.py] => CA Task 3 => Loss 0.061, Test_accy skipped
2026-10-03 16:11:06,381 [base.py] => CA Task 3 => Loss 0.062, Test_accy skipped
2026-10-03 16:11:08,161 [base.py] => CA Task 3 => Loss 0.061, Test_accy 75.870
2026-10-03 16:11:11,839 [base.py] => Stage metrics task=3 stage=post_ca split=test accuracy={'total': 75.87, '00-09': 65.0, '10-19': 77.67, '20-29': 76.53, '30-39': 74.0, '40-49': 72.86, '50-59': 82.54, '60-69': 84.21, '70-79': 72.04, 'old': 74.71, 'new': 78.74}
2026-10-03 16:11:11,839 [RSIAT_adapter.py] => CA accuracy delta task=3 total=0.8400 old=0.7800 new=0.9600
2026-10-03 16:11:11,839 [trainer.py] => Evaluation split: test
2026-10-03 16:11:13,505 [trainer.py] => CNN: {'total': 75.87, '00-09': 65.0, '10-19': 77.67, '20-29': 76.53, '30-39': 74.0, '40-49': 72.86, '50-59': 82.54, '60-69': 84.21, '70-79': 72.04, 'old': 74.71, 'new': 78.74}
2026-10-03 16:11:13,506 [trainer.py] => Continual metrics after task 3: BWT=-9.5500, forgetting=9.5500, task_acc=[72.13, 75.25, 77.44, 78.74]
2026-10-03 16:11:13,702 [base.py] => Saved checkpoint: /kaggle/working/qksr_ablation_runs/ckpt/imageneta_G0_paired_current_margin_full/imageneta/20_20/seed_1993/task_3.pkl
2026-10-03 16:11:13,702 [trainer.py] => CNN top1 curve: [87.43, 82.15, 80.35, 75.87]
2026-10-03 16:11:13,703 [trainer.py] => CNN top5 curve: [98.36, 95.54, 94.36, 93.07]
2026-10-03 16:11:13,703 [trainer.py] => Average Accuracy (CNN): 81.45
2026-10-03 16:11:13,703 [trainer.py] => All params: 87049728
2026-10-03 16:11:13,703 [trainer.py] => Trainable params: 1251072
2026-10-03 16:11:13,704 [RSIAT_adapter.py] => Learning on 80-100
2026-10-03 16:11:13,783 [RSIAT_adapter.py] => QKSR calibration task=4 samples=512 indices=[240, 222, 143, 202, 130, 495, 312, 141, 363, 205, 261, 99, 329, 367, 482, 436, 500, 504, 133, 167, 392, 335, 268, 28, 379, 120, 466, 40, 447, 159, 368, 85, 481, 234, 403, 514, 291, 491, 400, 428, 182, 83, 346, 138, 450, 307, 241, 273, 463, 208, 3, 37, 446, 370, 65, 366, 125, 168, 219, 38, 20, 521, 354, 509, 333, 423, 319, 344, 281, 394, 98, 462, 523, 308, 39, 172, 377, 59, 474, 80, 320, 477, 170, 522, 441, 7, 386, 31, 413, 349, 22, 327, 445, 488, 427, 515, 1, 15, 422, 251, 186, 399, 464, 437, 424, 351, 506, 236, 148, 26, 266, 415, 520, 218, 384, 350, 214, 108, 239, 373, 360, 296, 95, 328, 82, 203, 75, 195, 197, 310, 311, 2, 25, 401, 32, 265, 318, 64, 169, 365, 142, 216, 438, 457, 193, 176, 72, 324, 238, 420, 92, 161, 355, 411, 200, 162, 30, 409, 17, 44, 11, 300, 339, 35, 405, 235, 33, 280, 131, 371, 402, 316, 6, 175, 14, 90, 478, 183, 146, 104, 361, 111, 192, 417, 100, 421, 408, 390, 410, 181, 458, 456, 250, 485, 306, 502, 109, 289, 342, 269, 191, 16, 110, 347, 406, 49, 107, 369, 393, 345, 0, 196, 282, 287, 212, 244, 166, 226, 270, 358, 242, 364, 352, 232, 387, 511, 510, 314, 171, 454, 62, 453, 272, 97, 486, 88, 174, 230, 334, 497, 43, 210, 84, 224, 309, 105, 283, 60, 158, 184, 519, 147, 388, 81, 89, 398, 380, 404, 284, 274, 518, 331, 189, 498, 50, 29, 155, 315, 56, 54, 277, 209, 246, 55, 160, 303, 101, 215, 340, 164, 431, 513, 254, 263, 449, 313, 68, 418, 86, 489, 460, 145, 381, 127, 217, 435, 9, 47, 508, 150, 501, 136, 220, 188, 5, 476, 247, 395, 517, 63, 434, 178, 430, 36, 227, 19, 356, 524, 255, 467, 177, 179, 140, 58, 126, 473, 69, 93, 443, 372, 73, 237, 223, 262, 115, 96, 484, 135, 471, 285, 114, 180, 389, 256, 252, 119, 492, 66, 461, 323, 245, 70, 221, 201, 211, 385, 407, 357, 525, 444, 397, 122, 442, 45, 362, 348, 455, 425, 163, 24, 185, 260, 279, 433, 468, 187, 23, 304, 228, 4, 336, 156, 137, 264, 341, 448, 76, 286, 343, 483, 233, 213, 301, 275, 18, 383, 512, 412, 41, 132, 151, 374, 128, 259, 503, 248, 292, 278, 426, 338, 299, 432, 451, 113, 71, 470, 10, 165, 207, 8, 276, 375, 326, 376, 53, 91, 57, 42, 13, 46, 496, 293, 382, 516, 21, 112, 154, 359, 87, 494, 302, 353, 116, 157, 34, 144, 391, 297, 52, 505, 288, 149, 440, 121, 194, 152, 499, 475, 439, 479, 325, 480, 61, 317, 258, 396, 243, 271, 79, 198, 298, 321, 332, 12, 231, 77, 322, 204, 118, 472, 337, 206, 225, 123, 452, 469, 493, 490, 117, 487, 419, 229, 124, 459, 102, 305, 330, 294, 290, 378, 134, 129, 48, 94, 190, 416, 139, 295, 507, 414, 253, 103]
2026-10-03 16:11:13,785 [RSIAT_adapter.py] => SSCA feature mode: paired_eval
2026-10-03 16:11:22,746 [toolkit.py] => All params: 87180800
2026-10-03 16:11:22,746 [toolkit.py] => Trainable params: 1382144
2026-10-03 16:11:24,742 [RSIAT_adapter.py] => QKSR diagnostics task=4 epoch=1 gamma=0.22178811 gradients_epoch={} kernel_epoch={'batches': 11, 'empty_batches': 0, 'pairs': 42080, 'min': 0.057024527341127396, 'mean': 0.5598912468141107, 'std': 0.22217471446510195, 'max': 1.0, 'histogram_10_bins_0_1': [93, 1887, 3175, 6087, 6570, 6485, 6383, 4892, 2808, 3700], 'self_diagonal_excluded': True} inc_weight=0.083333333
2026-10-03 16:11:26,681 [RSIAT_adapter.py] => QKSR diagnostics task=4 epoch=2 gamma=0.22178811 gradients_epoch={} kernel_epoch={'batches': 11, 'empty_batches': 0, 'pairs': 42080, 'min': 0.06603606045246124, 'mean': 0.5546055586505751, 'std': 0.2202450359073711, 'max': 1.0, 'histogram_10_bins_0_1': [117, 1853, 3585, 5879, 6551, 6599, 6404, 4862, 2900, 3330], 'self_diagonal_excluded': True} inc_weight=0.16666667
2026-10-03 16:11:28,609 [RSIAT_adapter.py] => QKSR diagnostics task=4 epoch=3 gamma=0.22178811 gradients_epoch={} kernel_epoch={'batches': 11, 'empty_batches': 0, 'pairs': 42080, 'min': 0.045542161911726, 'mean': 0.5637575485740041, 'std': 0.2166873036091012, 'max': 1.0, 'histogram_10_bins_0_1': [158, 1659, 2987, 5529, 6859, 6674, 6817, 5070, 2914, 3413], 'self_diagonal_excluded': True} inc_weight=0.25
2026-10-03 16:11:30,562 [RSIAT_adapter.py] => QKSR diagnostics task=4 epoch=4 gamma=0.22178811 gradients_epoch={} kernel_epoch={'batches': 11, 'empty_batches': 0, 'pairs': 42080, 'min': 0.0605224072933197, 'mean': 0.5584614342129913, 'std': 0.21728307477396197, 'max': 1.0, 'histogram_10_bins_0_1': [156, 1612, 3216, 6024, 6669, 6713, 6469, 5119, 2820, 3282], 'self_diagonal_excluded': True} inc_weight=0.25
2026-10-03 16:11:32,490 [RSIAT_adapter.py] => QKSR diagnostics task=4 epoch=5 gamma=0.22178811 gradients_epoch={} kernel_epoch={'batches': 11, 'empty_batches': 0, 'pairs': 42080, 'min': 0.05023343116044998, 'mean': 0.5549470099585109, 'std': 0.21735602417407748, 'max': 1.0, 'histogram_10_bins_0_1': [188, 1761, 3311, 5907, 6620, 6924, 6488, 4801, 2842, 3238], 'self_diagonal_excluded': True} inc_weight=0.25
2026-10-03 16:11:34,414 [RSIAT_adapter.py] => QKSR diagnostics task=4 epoch=6 gamma=0.22178811 gradients_epoch={} kernel_epoch={'batches': 11, 'empty_batches': 0, 'pairs': 42080, 'min': 0.07093604654073715, 'mean': 0.5606460508757657, 'std': 0.21857759829149523, 'max': 1.0, 'histogram_10_bins_0_1': [147, 1715, 3178, 6014, 6259, 6877, 6436, 4966, 3224, 3264], 'self_diagonal_excluded': True} inc_weight=0.25
2026-10-03 16:11:36,351 [RSIAT_adapter.py] => QKSR diagnostics task=4 epoch=7 gamma=0.22178811 gradients_epoch={} kernel_epoch={'batches': 11, 'empty_batches': 0, 'pairs': 42080, 'min': 0.07025274634361267, 'mean': 0.5589155429241179, 'std': 0.21781914408192768, 'max': 1.0, 'histogram_10_bins_0_1': [100, 1745, 3344, 5677, 6678, 6819, 6569, 4883, 2776, 3489], 'self_diagonal_excluded': True} inc_weight=0.25
2026-10-03 16:11:38,278 [RSIAT_adapter.py] => QKSR diagnostics task=4 epoch=8 gamma=0.22178811 gradients_epoch={} kernel_epoch={'batches': 11, 'empty_batches': 0, 'pairs': 42080, 'min': 0.05054493248462677, 'mean': 0.5594770452357339, 'std': 0.2190828138239299, 'max': 1.0, 'histogram_10_bins_0_1': [195, 1668, 3181, 5911, 6689, 6659, 6523, 4853, 2991, 3410], 'self_diagonal_excluded': True} inc_weight=0.25
2026-10-03 16:11:40,200 [RSIAT_adapter.py] => QKSR diagnostics task=4 epoch=9 gamma=0.22178811 gradients_epoch={} kernel_epoch={'batches': 11, 'empty_batches': 0, 'pairs': 42080, 'min': 0.06051180139183998, 'mean': 0.5548520498209678, 'std': 0.21724424171120493, 'max': 1.0, 'histogram_10_bins_0_1': [220, 1587, 3404, 6033, 6657, 6890, 6429, 4831, 2639, 3390], 'self_diagonal_excluded': True} inc_weight=0.25
2026-10-03 16:11:42,119 [RSIAT_adapter.py] => QKSR diagnostics task=4 epoch=10 gamma=0.22178811 gradients_epoch={} kernel_epoch={'batches': 11, 'empty_batches': 0, 'pairs': 42080, 'min': 0.06808441877365112, 'mean': 0.5636330303998076, 'std': 0.2180832913721891, 'max': 1.0, 'histogram_10_bins_0_1': [96, 1705, 3053, 5732, 6717, 6903, 6364, 5031, 2898, 3581], 'self_diagonal_excluded': True} inc_weight=0.25
2026-10-03 16:11:44,041 [RSIAT_adapter.py] => QKSR diagnostics task=4 epoch=11 gamma=0.22178811 gradients_epoch={} kernel_epoch={'batches': 11, 'empty_batches': 0, 'pairs': 42080, 'min': 0.04966060072183609, 'mean': 0.5561591926107834, 'std': 0.22181358752254576, 'max': 1.0, 'histogram_10_bins_0_1': [223, 1855, 3374, 5843, 6564, 6592, 6537, 4886, 2603, 3603], 'self_diagonal_excluded': True} inc_weight=0.25
2026-10-03 16:11:45,974 [RSIAT_adapter.py] => QKSR diagnostics task=4 epoch=12 gamma=0.22178811 gradients_epoch={} kernel_epoch={'batches': 11, 'empty_batches': 0, 'pairs': 42080, 'min': 0.06016918271780014, 'mean': 0.5593887208903406, 'std': 0.21752171130109962, 'max': 1.0, 'histogram_10_bins_0_1': [133, 1514, 3331, 5961, 6724, 6952, 6413, 4620, 2915, 3517], 'self_diagonal_excluded': True} inc_weight=0.25
2026-10-03 16:11:47,903 [RSIAT_adapter.py] => QKSR diagnostics task=4 epoch=13 gamma=0.22178811 gradients_epoch={} kernel_epoch={'batches': 11, 'empty_batches': 0, 'pairs': 42080, 'min': 0.05287601053714752, 'mean': 0.5553327741472319, 'std': 0.21773714248304255, 'max': 1.0, 'histogram_10_bins_0_1': [205, 1861, 3196, 5792, 6743, 6778, 6499, 4917, 2958, 3131], 'self_diagonal_excluded': True} inc_weight=0.25
2026-10-03 16:11:49,838 [RSIAT_adapter.py] => QKSR diagnostics task=4 epoch=14 gamma=0.22178811 gradients_epoch={} kernel_epoch={'batches': 11, 'empty_batches': 0, 'pairs': 42080, 'min': 0.05886068195104599, 'mean': 0.5585049740569099, 'std': 0.2185725789435413, 'max': 1.0, 'histogram_10_bins_0_1': [119, 1676, 3416, 5960, 6494, 6796, 6431, 4868, 2936, 3384], 'self_diagonal_excluded': True} inc_weight=0.25
2026-10-03 16:11:55,273 [RSIAT_adapter.py] => QKSR diagnostics task=4 epoch=15 gamma=0.22178811 gradients_epoch={} kernel_epoch={'batches': 11, 'empty_batches': 0, 'pairs': 42080, 'min': 0.07038435339927673, 'mean': 0.5561015904663279, 'std': 0.22125670840128447, 'max': 1.0, 'histogram_10_bins_0_1': [178, 1821, 3296, 6192, 6520, 6569, 6294, 4953, 2725, 3532], 'self_diagonal_excluded': True} inc_weight=0.25
2026-10-03 16:11:55,273 [RSIAT_adapter.py] => Task 4, Epoch 15/15 => Loss 3.766, Loss_c 2.524, Losses_rt 1.242, Train_accy 82.13, Test_accy 73.55, Time 1.93s
2026-10-03 16:11:55,274 [RSIAT_adapter.py] => Task 4 peak GPU memory: 4871.38 MiB
2026-10-03 16:12:08,736 [base.py] => Stage metrics task=4 stage=pre_ca split=test accuracy={'total': 73.55, '00-09': 62.5, '10-19': 75.73, '20-29': 72.45, '30-39': 70.0, '40-49': 70.0, '50-59': 85.71, '60-69': 79.82, '70-79': 67.74, '80-89': 80.77, '90-99': 71.43, 'old': 72.95, 'new': 76.6}
2026-10-03 16:12:08,965 [base.py] => CA Task 4 => Loss 0.098, Test_accy skipped
2026-10-03 16:12:09,186 [base.py] => CA Task 4 => Loss 0.085, Test_accy skipped
2026-10-03 16:12:09,408 [base.py] => CA Task 4 => Loss 0.078, Test_accy skipped
2026-10-03 16:12:09,630 [base.py] => CA Task 4 => Loss 0.074, Test_accy skipped
2026-10-03 16:12:09,852 [base.py] => CA Task 4 => Loss 0.071, Test_accy skipped
2026-10-03 16:12:10,074 [base.py] => CA Task 4 => Loss 0.067, Test_accy skipped
2026-10-03 16:12:10,296 [base.py] => CA Task 4 => Loss 0.067, Test_accy skipped
2026-10-03 16:12:10,517 [base.py] => CA Task 4 => Loss 0.067, Test_accy skipped
2026-10-03 16:12:10,740 [base.py] => CA Task 4 => Loss 0.066, Test_accy skipped
2026-10-03 16:12:12,899 [base.py] => CA Task 4 => Loss 0.067, Test_accy 74.480
2026-10-03 16:12:17,292 [base.py] => Stage metrics task=4 stage=post_ca split=test accuracy={'total': 74.48, '00-09': 61.25, '10-19': 77.67, '20-29': 73.47, '30-39': 72.0, '40-49': 71.43, '50-59': 85.71, '60-69': 81.58, '70-79': 68.82, '80-89': 76.92, '90-99': 76.19, 'old': 74.06, 'new': 76.6}
2026-10-03 16:12:17,292 [RSIAT_adapter.py] => CA accuracy delta task=4 total=0.9300 old=1.1100 new=0.0000
2026-10-03 16:12:17,292 [trainer.py] => Evaluation split: test
2026-10-03 16:12:19,174 [trainer.py] => CNN: {'total': 74.48, '00-09': 61.25, '10-19': 77.67, '20-29': 73.47, '30-39': 72.0, '40-49': 71.43, '50-59': 85.71, '60-69': 81.58, '70-79': 68.82, '80-89': 76.92, '90-99': 76.19, 'old': 74.06, 'new': 76.6}
2026-10-03 16:12:19,174 [trainer.py] => Continual metrics after task 4: BWT=-8.7350, forgetting=8.7350, task_acc=[70.49, 72.73, 78.2, 75.85, 76.6]
2026-10-03 16:12:19,391 [base.py] => Saved checkpoint: /kaggle/working/qksr_ablation_runs/ckpt/imageneta_G0_paired_current_margin_full/imageneta/20_20/seed_1993/task_4.pkl
2026-10-03 16:12:19,395 [trainer.py] => CNN top1 curve: [87.43, 82.15, 80.35, 75.87, 74.48]
2026-10-03 16:12:19,395 [trainer.py] => CNN top5 curve: [98.36, 95.54, 94.36, 93.07, 92.11]
2026-10-03 16:12:19,395 [trainer.py] => Average Accuracy (CNN): 80.05600000000001
2026-10-03 16:12:19,395 [trainer.py] => All params: 87065088
2026-10-03 16:12:19,395 [trainer.py] => Trainable params: 1266432
2026-10-03 16:12:19,396 [RSIAT_adapter.py] => Learning on 100-120
2026-10-03 16:12:19,511 [RSIAT_adapter.py] => QKSR calibration task=5 samples=512 indices=[74, 337, 452, 379, 218, 200, 262, 110, 454, 255, 288, 159, 468, 277, 92, 478, 43, 96, 344, 156, 460, 436, 98, 166, 384, 69, 342, 357, 260, 306, 127, 233, 402, 158, 461, 415, 272, 128, 350, 104, 23, 377, 105, 187, 226, 338, 303, 239, 496, 429, 490, 213, 385, 428, 59, 290, 257, 201, 364, 506, 440, 134, 339, 236, 316, 112, 497, 24, 433, 271, 326, 13, 489, 237, 120, 301, 240, 174, 253, 516, 467, 77, 140, 390, 56, 434, 375, 265, 438, 22, 324, 332, 39, 331, 349, 212, 395, 32, 85, 64, 500, 0, 1, 378, 504, 175, 448, 84, 494, 139, 151, 168, 502, 25, 409, 447, 356, 420, 422, 148, 214, 152, 188, 312, 414, 53, 300, 315, 361, 308, 161, 493, 382, 235, 246, 370, 38, 16, 48, 302, 20, 499, 352, 10, 162, 138, 169, 227, 310, 407, 403, 296, 181, 4, 305, 126, 179, 103, 209, 7, 449, 446, 465, 149, 492, 142, 474, 205, 80, 393, 35, 453, 397, 466, 137, 387, 176, 275, 340, 81, 118, 203, 196, 276, 195, 124, 182, 376, 473, 155, 476, 28, 50, 282, 178, 369, 314, 229, 79, 283, 386, 417, 27, 86, 421, 223, 184, 167, 83, 150, 26, 268, 470, 443, 52, 100, 345, 358, 164, 287, 455, 62, 256, 327, 6, 488, 31, 297, 456, 346, 117, 269, 392, 232, 157, 469, 321, 353, 198, 251, 54, 215, 133, 11, 192, 279, 372, 177, 487, 72, 219, 511, 63, 286, 404, 40, 248, 445, 509, 147, 284, 123, 430, 225, 292, 121, 221, 424, 336, 90, 351, 8, 211, 334, 144, 512, 459, 313, 267, 348, 485, 206, 464, 51, 186, 230, 285, 299, 281, 507, 398, 278, 45, 190, 451, 15, 355, 368, 141, 66, 145, 298, 479, 65, 501, 99, 273, 503, 49, 475, 73, 165, 425, 132, 76, 435, 143, 183, 36, 242, 130, 400, 89, 189, 381, 495, 471, 508, 371, 383, 9, 88, 202, 160, 146, 82, 289, 199, 58, 224, 325, 180, 204, 114, 5, 109, 442, 119, 111, 388, 234, 437, 484, 359, 263, 510, 491, 70, 374, 463, 18, 33, 217, 363, 14, 389, 462, 243, 231, 67, 129, 333, 480, 441, 410, 29, 330, 408, 216, 319, 37, 30, 3, 95, 41, 416, 259, 97, 423, 335, 360, 270, 266, 247, 68, 362, 431, 450, 406, 505, 401, 412, 91, 380, 444, 307, 87, 280, 102, 172, 185, 61, 12, 343, 245, 472, 439, 311, 163, 125, 171, 222, 17, 320, 405, 261, 457, 481, 354, 295, 210, 291, 71, 154, 322, 418, 173, 197, 294, 413, 250, 252, 254, 34, 21, 258, 60, 191, 486, 329, 365, 341, 241, 498, 396, 47, 19, 244, 483, 107, 391, 55, 78, 318, 238, 477, 419, 193, 93, 427, 249, 426, 328, 131, 514, 194, 366, 399, 458, 113, 57, 42, 170, 44, 411, 432, 208, 513, 309, 116, 373, 108, 293, 228, 317, 323, 274, 2, 515, 304, 122, 101, 482, 136, 115, 135, 46, 106, 367, 347, 75, 264]
2026-10-03 16:12:19,512 [RSIAT_adapter.py] => SSCA feature mode: paired_eval
2026-10-03 16:12:28,392 [toolkit.py] => All params: 87196160
2026-10-03 16:12:28,392 [toolkit.py] => Trainable params: 1397504
2026-10-03 16:12:30,331 [RSIAT_adapter.py] => QKSR diagnostics task=5 epoch=1 gamma=0.22178811 gradients_epoch={} kernel_epoch={'batches': 11, 'empty_batches': 0, 'pairs': 51700, 'min': 0.05268816649913788, 'mean': 0.5639945722432587, 'std': 0.21228254037474023, 'max': 1.0, 'histogram_10_bins_0_1': [124, 1883, 3685, 7094, 7900, 8330, 8939, 6533, 3439, 3773], 'self_diagonal_excluded': True} inc_weight=0.083333333
2026-10-03 16:12:32,215 [RSIAT_adapter.py] => QKSR diagnostics task=5 epoch=2 gamma=0.22178811 gradients_epoch={} kernel_epoch={'batches': 11, 'empty_batches': 0, 'pairs': 51700, 'min': 0.04723731800913811, 'mean': 0.5732271266400064, 'std': 0.21228630255688716, 'max': 1.0, 'histogram_10_bins_0_1': [95, 1693, 3481, 6840, 7850, 8170, 8785, 6921, 3934, 3931], 'self_diagonal_excluded': True} inc_weight=0.16666667
2026-10-03 16:12:34,125 [RSIAT_adapter.py] => QKSR diagnostics task=5 epoch=3 gamma=0.22178811 gradients_epoch={} kernel_epoch={'batches': 11, 'empty_batches': 0, 'pairs': 51700, 'min': 0.047905083745718, 'mean': 0.5672006297892597, 'std': 0.20982339821169635, 'max': 1.0, 'histogram_10_bins_0_1': [94, 1683, 3811, 6836, 7810, 8467, 8820, 6977, 3636, 3566], 'self_diagonal_excluded': True} inc_weight=0.25
2026-10-03 16:12:36,035 [RSIAT_adapter.py] => QKSR diagnostics task=5 epoch=4 gamma=0.22178811 gradients_epoch={} kernel_epoch={'batches': 11, 'empty_batches': 0, 'pairs': 51700, 'min': 0.06643719971179962, 'mean': 0.5657217615878847, 'std': 0.21293384151094386, 'max': 1.0, 'histogram_10_bins_0_1': [85, 1779, 3726, 7152, 8004, 8341, 8547, 6712, 3365, 3989], 'self_diagonal_excluded': True} inc_weight=0.25
2026-10-03 16:12:37,915 [RSIAT_adapter.py] => QKSR diagnostics task=5 epoch=5 gamma=0.22178811 gradients_epoch={} kernel_epoch={'batches': 11, 'empty_batches': 0, 'pairs': 51700, 'min': 0.06842023134231567, 'mean': 0.5700530545554723, 'std': 0.21412412066585643, 'max': 1.0, 'histogram_10_bins_0_1': [221, 1679, 3635, 7078, 7575, 8308, 8509, 6861, 3904, 3930], 'self_diagonal_excluded': True} inc_weight=0.25
2026-10-03 16:12:39,809 [RSIAT_adapter.py] => QKSR diagnostics task=5 epoch=6 gamma=0.22178811 gradients_epoch={} kernel_epoch={'batches': 11, 'empty_batches': 0, 'pairs': 51700, 'min': 0.07012426108121872, 'mean': 0.5661151166309241, 'std': 0.21585442065367208, 'max': 1.0, 'histogram_10_bins_0_1': [140, 1839, 3865, 7251, 7633, 8118, 8622, 6699, 3457, 4076], 'self_diagonal_excluded': True} inc_weight=0.25
2026-10-03 16:12:41,688 [RSIAT_adapter.py] => QKSR diagnostics task=5 epoch=7 gamma=0.22178811 gradients_epoch={} kernel_epoch={'batches': 11, 'empty_batches': 0, 'pairs': 51700, 'min': 0.07017207890748978, 'mean': 0.5614752300788344, 'std': 0.21779933987889094, 'max': 1.0, 'histogram_10_bins_0_1': [218, 1999, 3992, 7172, 7893, 8109, 8402, 6383, 3402, 4130], 'self_diagonal_excluded': True} inc_weight=0.25
2026-10-03 16:12:43,567 [RSIAT_adapter.py] => QKSR diagnostics task=5 epoch=8 gamma=0.22178811 gradients_epoch={} kernel_epoch={'batches': 11, 'empty_batches': 0, 'pairs': 51700, 'min': 0.049746688455343246, 'mean': 0.5669320222822593, 'std': 0.2140243847491464, 'max': 1.0, 'histogram_10_bins_0_1': [149, 1806, 3769, 7113, 7703, 8086, 8631, 6921, 3627, 3895], 'self_diagonal_excluded': True} inc_weight=0.25
2026-10-03 16:12:45,454 [RSIAT_adapter.py] => QKSR diagnostics task=5 epoch=9 gamma=0.22178811 gradients_epoch={} kernel_epoch={'batches': 11, 'empty_batches': 0, 'pairs': 51700, 'min': 0.0566510446369648, 'mean': 0.5662245133125027, 'std': 0.21354612650298757, 'max': 1.0, 'histogram_10_bins_0_1': [146, 1772, 3818, 7054, 7729, 8321, 8551, 6778, 3753, 3778], 'self_diagonal_excluded': True} inc_weight=0.25
2026-10-03 16:12:47,332 [RSIAT_adapter.py] => QKSR diagnostics task=5 epoch=10 gamma=0.22178811 gradients_epoch={} kernel_epoch={'batches': 11, 'empty_batches': 0, 'pairs': 51700, 'min': 0.07056321203708649, 'mean': 0.566164775913873, 'std': 0.21154065973801073, 'max': 1.0, 'histogram_10_bins_0_1': [241, 1695, 3642, 6957, 7912, 8175, 8916, 6895, 3698, 3569], 'self_diagonal_excluded': True} inc_weight=0.25
2026-10-03 16:12:49,219 [RSIAT_adapter.py] => QKSR diagnostics task=5 epoch=11 gamma=0.22178811 gradients_epoch={} kernel_epoch={'batches': 11, 'empty_batches': 0, 'pairs': 51700, 'min': 0.06379384547472, 'mean': 0.5658647950474943, 'std': 0.21417386504991165, 'max': 1.0, 'histogram_10_bins_0_1': [101, 1770, 3769, 7246, 7909, 8213, 8706, 6506, 3347, 4133], 'self_diagonal_excluded': True} inc_weight=0.25
2026-10-03 16:12:51,113 [RSIAT_adapter.py] => QKSR diagnostics task=5 epoch=12 gamma=0.22178811 gradients_epoch={} kernel_epoch={'batches': 11, 'empty_batches': 0, 'pairs': 51700, 'min': 0.07025961577892303, 'mean': 0.5640614298246872, 'std': 0.2117787247267677, 'max': 1.0, 'histogram_10_bins_0_1': [135, 1883, 3612, 7162, 7966, 8341, 8588, 6745, 3599, 3669], 'self_diagonal_excluded': True} inc_weight=0.25
2026-10-03 16:12:52,995 [RSIAT_adapter.py] => QKSR diagnostics task=5 epoch=13 gamma=0.22178811 gradients_epoch={} kernel_epoch={'batches': 11, 'empty_batches': 0, 'pairs': 51700, 'min': 0.07331740111112595, 'mean': 0.5636659667495372, 'std': 0.213691315193736, 'max': 1.0, 'histogram_10_bins_0_1': [114, 1883, 3947, 7102, 7728, 8280, 8719, 6685, 3435, 3807], 'self_diagonal_excluded': True} inc_weight=0.25
2026-10-03 16:12:54,876 [RSIAT_adapter.py] => QKSR diagnostics task=5 epoch=14 gamma=0.22178811 gradients_epoch={} kernel_epoch={'batches': 11, 'empty_batches': 0, 'pairs': 51700, 'min': 0.04872326925396919, 'mean': 0.5651402257832498, 'std': 0.210064843565654, 'max': 1.0, 'histogram_10_bins_0_1': [114, 1866, 3578, 6924, 7891, 8457, 8970, 6825, 3608, 3467], 'self_diagonal_excluded': True} inc_weight=0.25
2026-10-03 16:13:00,189 [RSIAT_adapter.py] => QKSR diagnostics task=5 epoch=15 gamma=0.22178811 gradients_epoch={} kernel_epoch={'batches': 11, 'empty_batches': 0, 'pairs': 51700, 'min': 0.05786501616239548, 'mean': 0.5636752529329182, 'std': 0.20902903551290808, 'max': 1.0, 'histogram_10_bins_0_1': [136, 1693, 3839, 6793, 7981, 8592, 8988, 6785, 3452, 3441], 'self_diagonal_excluded': True} inc_weight=0.25
2026-10-03 16:13:00,189 [RSIAT_adapter.py] => Task 5, Epoch 15/15 => Loss 3.373, Loss_c 2.130, Losses_rt 1.243, Train_accy 87.23, Test_accy 70.96, Time 1.90s
2026-10-03 16:13:00,190 [RSIAT_adapter.py] => Task 5 peak GPU memory: 4878.08 MiB
2026-10-03 16:13:14,400 [base.py] => Stage metrics task=5 stage=pre_ca split=test accuracy={'total': 70.96, '00-09': 57.5, '10-19': 70.87, '20-29': 66.33, '30-39': 66.0, '40-49': 70.0, '50-59': 80.95, '60-69': 75.44, '70-79': 66.67, '80-89': 76.92, '90-99': 74.6, '100-109': 74.24, '110-119': 77.03, 'old': 70.19, 'new': 75.71}
2026-10-03 16:13:14,683 [base.py] => CA Task 5 => Loss 0.102, Test_accy skipped
2026-10-03 16:13:14,950 [base.py] => CA Task 5 => Loss 0.086, Test_accy skipped
2026-10-03 16:13:15,216 [base.py] => CA Task 5 => Loss 0.079, Test_accy skipped
2026-10-03 16:13:15,481 [base.py] => CA Task 5 => Loss 0.076, Test_accy skipped
2026-10-03 16:13:15,747 [base.py] => CA Task 5 => Loss 0.075, Test_accy skipped
2026-10-03 16:13:16,013 [base.py] => CA Task 5 => Loss 0.071, Test_accy skipped
2026-10-03 16:13:16,279 [base.py] => CA Task 5 => Loss 0.073, Test_accy skipped
2026-10-03 16:13:16,545 [base.py] => CA Task 5 => Loss 0.070, Test_accy skipped
2026-10-03 16:13:16,811 [base.py] => CA Task 5 => Loss 0.070, Test_accy skipped
2026-10-03 16:13:19,233 [base.py] => CA Task 5 => Loss 0.069, Test_accy 72.850
2026-10-03 16:13:24,316 [base.py] => Stage metrics task=5 stage=post_ca split=test accuracy={'total': 72.85, '00-09': 57.5, '10-19': 76.7, '20-29': 69.39, '30-39': 70.0, '40-49': 71.43, '50-59': 87.3, '60-69': 78.95, '70-79': 67.74, '80-89': 75.64, '90-99': 76.19, '100-109': 69.7, '110-119': 75.68, 'old': 72.85, 'new': 72.86}
2026-10-03 16:13:24,316 [RSIAT_adapter.py] => CA accuracy delta task=5 total=1.8900 old=2.6600 new=-2.8500
2026-10-03 16:13:24,316 [trainer.py] => Evaluation split: test
2026-10-03 16:13:26,565 [trainer.py] => CNN: {'total': 72.85, '00-09': 57.5, '10-19': 76.7, '20-29': 69.39, '30-39': 70.0, '40-49': 71.43, '50-59': 87.3, '60-69': 78.95, '70-79': 67.74, '80-89': 75.64, '90-99': 76.19, '100-109': 69.7, '110-119': 75.68, 'old': 72.85, 'new': 72.86}
2026-10-03 16:13:26,565 [trainer.py] => Continual metrics after task 5: BWT=-8.4100, forgetting=8.4100, task_acc=[68.31, 69.7, 78.95, 73.91, 75.89, 72.86]
2026-10-03 16:13:26,803 [base.py] => Saved checkpoint: /kaggle/working/qksr_ablation_runs/ckpt/imageneta_G0_paired_current_margin_full/imageneta/20_20/seed_1993/task_5.pkl
2026-10-03 16:13:26,804 [trainer.py] => CNN top1 curve: [87.43, 82.15, 80.35, 75.87, 74.48, 72.85]
2026-10-03 16:13:26,804 [trainer.py] => CNN top5 curve: [98.36, 95.54, 94.36, 93.07, 92.11, 91.52]
2026-10-03 16:13:26,804 [trainer.py] => Average Accuracy (CNN): 78.855
2026-10-03 16:13:26,804 [trainer.py] => All params: 87080448
2026-10-03 16:13:26,805 [trainer.py] => Trainable params: 1281792
2026-10-03 16:13:26,806 [RSIAT_adapter.py] => Learning on 120-140
2026-10-03 16:13:26,883 [RSIAT_adapter.py] => QKSR calibration task=6 samples=512 indices=[319, 422, 79, 423, 233, 219, 301, 250, 87, 80, 335, 283, 350, 522, 503, 398, 290, 66, 305, 520, 53, 346, 418, 268, 352, 253, 99, 208, 127, 446, 238, 288, 224, 343, 364, 7, 57, 42, 404, 214, 338, 457, 325, 49, 72, 391, 157, 256, 458, 83, 90, 52, 134, 365, 526, 498, 415, 155, 524, 491, 452, 308, 417, 337, 143, 307, 44, 6, 468, 261, 277, 382, 279, 37, 188, 386, 445, 133, 3, 433, 232, 240, 461, 123, 230, 327, 501, 70, 429, 397, 150, 444, 209, 413, 269, 339, 178, 440, 15, 177, 141, 122, 441, 317, 529, 527, 231, 243, 225, 265, 442, 74, 46, 344, 85, 434, 213, 436, 450, 532, 294, 518, 194, 125, 528, 347, 484, 2, 448, 367, 203, 315, 215, 287, 191, 207, 124, 340, 148, 291, 331, 138, 170, 137, 348, 355, 459, 199, 515, 162, 16, 318, 31, 273, 342, 197, 96, 492, 390, 392, 510, 449, 93, 506, 21, 435, 222, 359, 300, 91, 401, 296, 182, 419, 118, 410, 295, 408, 507, 0, 406, 280, 117, 512, 147, 372, 246, 20, 371, 216, 354, 9, 17, 299, 69, 276, 39, 159, 443, 456, 183, 5, 103, 488, 4, 84, 144, 478, 212, 453, 254, 244, 341, 516, 486, 34, 530, 25, 536, 172, 281, 26, 249, 121, 130, 537, 167, 521, 47, 356, 12, 275, 60, 312, 129, 369, 438, 409, 149, 270, 424, 158, 334, 394, 227, 329, 309, 56, 380, 202, 480, 465, 226, 483, 387, 241, 479, 179, 376, 414, 43, 451, 186, 29, 38, 160, 505, 447, 105, 471, 403, 104, 427, 32, 116, 94, 497, 110, 50, 76, 67, 384, 258, 303, 353, 252, 140, 455, 171, 293, 508, 126, 78, 361, 146, 97, 180, 77, 247, 54, 59, 221, 385, 396, 467, 153, 8, 474, 236, 260, 323, 192, 14, 82, 395, 485, 316, 55, 18, 362, 383, 272, 534, 81, 463, 237, 113, 64, 175, 181, 324, 533, 360, 173, 517, 142, 63, 196, 119, 107, 274, 402, 112, 139, 267, 217, 75, 135, 368, 201, 425, 40, 373, 432, 19, 431, 108, 73, 475, 176, 320, 89, 298, 509, 370, 379, 205, 235, 33, 211, 114, 328, 161, 71, 333, 489, 98, 23, 302, 195, 245, 426, 286, 407, 145, 48, 313, 187, 375, 35, 487, 513, 322, 132, 120, 332, 377, 248, 400, 464, 310, 381, 51, 271, 22, 218, 472, 389, 184, 500, 460, 101, 239, 462, 358, 62, 421, 326, 234, 304, 154, 36, 24, 204, 357, 95, 106, 30, 439, 165, 336, 163, 263, 128, 282, 131, 345, 28, 100, 476, 156, 41, 228, 511, 102, 223, 198, 88, 388, 306, 264, 189, 168, 490, 535, 166, 65, 493, 257, 58, 92, 151, 200, 514, 416, 278, 10, 314, 174, 190, 504, 430, 255, 525, 420, 229, 164, 399, 115, 311, 374, 13, 266, 473, 378, 251, 111, 284, 61, 437, 523, 11, 411, 259, 193, 45, 366, 262, 454, 502, 531, 1, 297, 206, 466, 185, 27, 169, 494, 495, 499, 152]
2026-10-03 16:13:26,884 [RSIAT_adapter.py] => SSCA feature mode: paired_eval
2026-10-03 16:13:36,030 [toolkit.py] => All params: 87211520
2026-10-03 16:13:36,030 [toolkit.py] => Trainable params: 1412864
2026-10-03 16:13:38,074 [RSIAT_adapter.py] => QKSR diagnostics task=6 epoch=1 gamma=0.22178811 gradients_epoch={} kernel_epoch={'batches': 12, 'empty_batches': 0, 'pairs': 64560, 'min': 0.07077242434024811, 'mean': 0.5726986781721692, 'std': 0.20454938728024658, 'max': 1.0, 'histogram_10_bins_0_1': [221, 1519, 4596, 8497, 9297, 10910, 11376, 9170, 4947, 4027], 'self_diagonal_excluded': True} inc_weight=0.083333333
2026-10-03 16:13:40,054 [RSIAT_adapter.py] => QKSR diagnostics task=6 epoch=2 gamma=0.22178811 gradients_epoch={} kernel_epoch={'batches': 12, 'empty_batches': 0, 'pairs': 64560, 'min': 0.07289259880781174, 'mean': 0.5744811818766485, 'std': 0.20161611221952264, 'max': 1.0, 'histogram_10_bins_0_1': [114, 1666, 4317, 8250, 9165, 11009, 11794, 9617, 4836, 3792], 'self_diagonal_excluded': True} inc_weight=0.16666667
2026-10-03 16:13:42,052 [RSIAT_adapter.py] => QKSR diagnostics task=6 epoch=3 gamma=0.22178811 gradients_epoch={} kernel_epoch={'batches': 12, 'empty_batches': 0, 'pairs': 64560, 'min': 0.060435254126787186, 'mean': 0.5742215757801796, 'std': 0.20343934099794864, 'max': 1.0, 'histogram_10_bins_0_1': [168, 1521, 4658, 8205, 8947, 11068, 11752, 9429, 4880, 3932], 'self_diagonal_excluded': True} inc_weight=0.25
2026-10-03 16:13:44,018 [RSIAT_adapter.py] => QKSR diagnostics task=6 epoch=4 gamma=0.22178811 gradients_epoch={} kernel_epoch={'batches': 12, 'empty_batches': 0, 'pairs': 64560, 'min': 0.06602030247449875, 'mean': 0.5757621208859015, 'std': 0.20591189726966821, 'max': 1.0, 'histogram_10_bins_0_1': [157, 1332, 4633, 8535, 9294, 11005, 11105, 9293, 4617, 4589], 'self_diagonal_excluded': True} inc_weight=0.25
2026-10-03 16:13:46,000 [RSIAT_adapter.py] => QKSR diagnostics task=6 epoch=5 gamma=0.22178811 gradients_epoch={} kernel_epoch={'batches': 12, 'empty_batches': 0, 'pairs': 64560, 'min': 0.04631916061043739, 'mean': 0.5792374570487596, 'std': 0.20140627218361018, 'max': 1.0, 'histogram_10_bins_0_1': [119, 1507, 3900, 8268, 9179, 11138, 11811, 9637, 4942, 4059], 'self_diagonal_excluded': True} inc_weight=0.25
2026-10-03 16:13:47,965 [RSIAT_adapter.py] => QKSR diagnostics task=6 epoch=6 gamma=0.22178811 gradients_epoch={} kernel_epoch={'batches': 12, 'empty_batches': 0, 'pairs': 64560, 'min': 0.06880516558885574, 'mean': 0.5758069226850642, 'std': 0.20178224471143377, 'max': 1.0, 'histogram_10_bins_0_1': [214, 1329, 4329, 8424, 9198, 11046, 11663, 9424, 5068, 3865], 'self_diagonal_excluded': True} inc_weight=0.25
2026-10-03 16:13:49,949 [RSIAT_adapter.py] => QKSR diagnostics task=6 epoch=7 gamma=0.22178811 gradients_epoch={} kernel_epoch={'batches': 12, 'empty_batches': 0, 'pairs': 64560, 'min': 0.05447712913155556, 'mean': 0.5789909153958596, 'std': 0.20184175602485366, 'max': 1.0, 'histogram_10_bins_0_1': [204, 1413, 4407, 7785, 9069, 10960, 11850, 10025, 5004, 3843], 'self_diagonal_excluded': True} inc_weight=0.25
2026-10-03 16:13:51,930 [RSIAT_adapter.py] => QKSR diagnostics task=6 epoch=8 gamma=0.22178811 gradients_epoch={} kernel_epoch={'batches': 12, 'empty_batches': 0, 'pairs': 64560, 'min': 0.04849810525774956, 'mean': 0.5734743083248439, 'std': 0.20136025302811125, 'max': 1.0, 'histogram_10_bins_0_1': [236, 1556, 4316, 8175, 9265, 11076, 11660, 9653, 5116, 3507], 'self_diagonal_excluded': True} inc_weight=0.25
2026-10-03 16:13:53,887 [RSIAT_adapter.py] => QKSR diagnostics task=6 epoch=9 gamma=0.22178811 gradients_epoch={} kernel_epoch={'batches': 12, 'empty_batches': 0, 'pairs': 64560, 'min': 0.052538804709911346, 'mean': 0.5713322381104102, 'std': 0.20458714490093108, 'max': 1.0, 'histogram_10_bins_0_1': [283, 1587, 4487, 8351, 9571, 10875, 11251, 9322, 4876, 3957], 'self_diagonal_excluded': True} inc_weight=0.25
2026-10-03 16:13:55,852 [RSIAT_adapter.py] => QKSR diagnostics task=6 epoch=10 gamma=0.22178811 gradients_epoch={} kernel_epoch={'batches': 12, 'empty_batches': 0, 'pairs': 64560, 'min': 0.04711957275867462, 'mean': 0.5673619691188455, 'std': 0.2040819240535219, 'max': 1.0, 'histogram_10_bins_0_1': [169, 1659, 4758, 8561, 9453, 11230, 11341, 8979, 4475, 3935], 'self_diagonal_excluded': True} inc_weight=0.25
2026-10-03 16:13:57,835 [RSIAT_adapter.py] => QKSR diagnostics task=6 epoch=11 gamma=0.22178811 gradients_epoch={} kernel_epoch={'batches': 12, 'empty_batches': 0, 'pairs': 64560, 'min': 0.04588858410716057, 'mean': 0.5703806717667147, 'std': 0.2055787804445106, 'max': 1.0, 'histogram_10_bins_0_1': [228, 1683, 4607, 8447, 9346, 10962, 11438, 9168, 4538, 4143], 'self_diagonal_excluded': True} inc_weight=0.25
2026-10-03 16:13:59,828 [RSIAT_adapter.py] => QKSR diagnostics task=6 epoch=12 gamma=0.22178811 gradients_epoch={} kernel_epoch={'batches': 12, 'empty_batches': 0, 'pairs': 64560, 'min': 0.05975161865353584, 'mean': 0.5782054792374691, 'std': 0.20405190622323235, 'max': 1.0, 'histogram_10_bins_0_1': [239, 1388, 4321, 8233, 9278, 10852, 11503, 9625, 4924, 4197], 'self_diagonal_excluded': True} inc_weight=0.25
2026-10-03 16:14:01,810 [RSIAT_adapter.py] => QKSR diagnostics task=6 epoch=13 gamma=0.22178811 gradients_epoch={} kernel_epoch={'batches': 12, 'empty_batches': 0, 'pairs': 64560, 'min': 0.0520184300839901, 'mean': 0.5730608339921734, 'std': 0.2028710516358087, 'max': 1.0, 'histogram_10_bins_0_1': [222, 1550, 4491, 8192, 9279, 11063, 11600, 9463, 4897, 3803], 'self_diagonal_excluded': True} inc_weight=0.25
2026-10-03 16:14:03,766 [RSIAT_adapter.py] => QKSR diagnostics task=6 epoch=14 gamma=0.22178811 gradients_epoch={} kernel_epoch={'batches': 12, 'empty_batches': 0, 'pairs': 64560, 'min': 0.060699835419654846, 'mean': 0.5717501347846452, 'std': 0.20380284643447905, 'max': 1.0, 'histogram_10_bins_0_1': [200, 1437, 4685, 8347, 9598, 10860, 11563, 9104, 4609, 4157], 'self_diagonal_excluded': True} inc_weight=0.25
2026-10-03 16:14:09,575 [RSIAT_adapter.py] => QKSR diagnostics task=6 epoch=15 gamma=0.22178811 gradients_epoch={} kernel_epoch={'batches': 12, 'empty_batches': 0, 'pairs': 64560, 'min': 0.060378704220056534, 'mean': 0.5759282608980445, 'std': 0.20173707956494105, 'max': 1.0, 'histogram_10_bins_0_1': [148, 1342, 4336, 8519, 9251, 10907, 11746, 9348, 4961, 4002], 'self_diagonal_excluded': True} inc_weight=0.25
2026-10-03 16:14:09,575 [RSIAT_adapter.py] => Task 6, Epoch 15/15 => Loss 4.211, Loss_c 2.958, Losses_rt 1.254, Train_accy 80.48, Test_accy 69.54, Time 1.96s
2026-10-03 16:14:09,576 [RSIAT_adapter.py] => Task 6 peak GPU memory: 4873.41 MiB
2026-10-03 16:14:25,268 [base.py] => Stage metrics task=6 stage=pre_ca split=test accuracy={'total': 69.54, '00-09': 56.25, '10-19': 69.9, '20-29': 67.35, '30-39': 68.0, '40-49': 71.43, '50-59': 77.78, '60-69': 74.56, '70-79': 65.59, '80-89': 75.64, '90-99': 76.19, '100-109': 71.21, '110-119': 72.97, '120-129': 42.86, '130-139': 80.95, 'old': 70.26, 'new': 64.63}
2026-10-03 16:14:25,635 [base.py] => CA Task 6 => Loss 0.116, Test_accy skipped
2026-10-03 16:14:25,992 [base.py] => CA Task 6 => Loss 0.093, Test_accy skipped
2026-10-03 16:14:26,349 [base.py] => CA Task 6 => Loss 0.090, Test_accy skipped
2026-10-03 16:14:26,706 [base.py] => CA Task 6 => Loss 0.083, Test_accy skipped
2026-10-03 16:14:27,062 [base.py] => CA Task 6 => Loss 0.082, Test_accy skipped
2026-10-03 16:14:27,417 [base.py] => CA Task 6 => Loss 0.080, Test_accy skipped
2026-10-03 16:14:27,775 [base.py] => CA Task 6 => Loss 0.079, Test_accy skipped
2026-10-03 16:14:28,132 [base.py] => CA Task 6 => Loss 0.077, Test_accy skipped
2026-10-03 16:14:28,489 [base.py] => CA Task 6 => Loss 0.078, Test_accy skipped
2026-10-03 16:14:31,276 [base.py] => CA Task 6 => Loss 0.078, Test_accy 70.840
2026-10-03 16:14:37,158 [base.py] => Stage metrics task=6 stage=post_ca split=test accuracy={'total': 70.84, '00-09': 57.5, '10-19': 72.82, '20-29': 72.45, '30-39': 70.0, '40-49': 71.43, '50-59': 82.54, '60-69': 76.32, '70-79': 65.59, '80-89': 75.64, '90-99': 76.19, '100-109': 69.7, '110-119': 74.32, '120-129': 47.62, '130-139': 76.19, 'old': 71.86, 'new': 63.95}
2026-10-03 16:14:37,158 [RSIAT_adapter.py] => CA accuracy delta task=6 total=1.3000 old=1.6000 new=-0.6800
2026-10-03 16:14:37,158 [trainer.py] => Evaluation split: test
2026-10-03 16:14:39,675 [trainer.py] => CNN: {'total': 70.84, '00-09': 57.5, '10-19': 72.82, '20-29': 72.45, '30-39': 70.0, '40-49': 71.43, '50-59': 82.54, '60-69': 76.32, '70-79': 65.59, '80-89': 75.64, '90-99': 76.19, '100-109': 69.7, '110-119': 74.32, '120-129': 47.62, '130-139': 76.19, 'old': 71.86, 'new': 63.95}
2026-10-03 16:14:39,675 [trainer.py] => Continual metrics after task 6: BWT=-8.0200, forgetting=8.0200, task_acc=[66.12, 71.21, 76.69, 71.5, 75.89, 72.14, 63.95]
2026-10-03 16:14:39,903 [base.py] => Saved checkpoint: /kaggle/working/qksr_ablation_runs/ckpt/imageneta_G0_paired_current_margin_full/imageneta/20_20/seed_1993/task_6.pkl
2026-10-03 16:14:39,904 [trainer.py] => CNN top1 curve: [87.43, 82.15, 80.35, 75.87, 74.48, 72.85, 70.84]
2026-10-03 16:14:39,904 [trainer.py] => CNN top5 curve: [98.36, 95.54, 94.36, 93.07, 92.11, 91.52, 90.34]
2026-10-03 16:14:39,904 [trainer.py] => Average Accuracy (CNN): 77.71000000000001
2026-10-03 16:14:39,904 [trainer.py] => All params: 87095808
2026-10-03 16:14:39,905 [trainer.py] => Trainable params: 1297152
2026-10-03 16:14:39,905 [RSIAT_adapter.py] => Learning on 140-160
2026-10-03 16:14:40,003 [RSIAT_adapter.py] => QKSR calibration task=7 samples=512 indices=[373, 36, 173, 403, 232, 424, 145, 250, 433, 291, 374, 51, 96, 441, 170, 350, 518, 245, 64, 274, 110, 300, 13, 33, 225, 382, 404, 72, 140, 136, 510, 49, 299, 516, 42, 386, 309, 312, 336, 77, 62, 132, 23, 313, 361, 421, 172, 341, 55, 68, 18, 473, 1, 496, 37, 470, 506, 199, 46, 440, 388, 192, 365, 198, 396, 53, 271, 129, 507, 422, 343, 131, 19, 497, 236, 295, 74, 202, 196, 168, 391, 282, 124, 457, 118, 346, 407, 323, 296, 137, 182, 101, 178, 408, 489, 514, 289, 277, 423, 5, 503, 327, 149, 108, 39, 425, 512, 325, 93, 40, 179, 91, 399, 256, 3, 495, 272, 337, 6, 258, 103, 417, 267, 458, 345, 259, 17, 82, 252, 517, 474, 449, 139, 41, 307, 435, 142, 338, 171, 203, 454, 150, 219, 224, 147, 207, 210, 362, 353, 445, 186, 349, 254, 99, 189, 238, 249, 477, 509, 468, 426, 246, 226, 52, 502, 181, 123, 281, 348, 127, 469, 69, 248, 146, 151, 229, 24, 107, 306, 169, 11, 223, 175, 2, 364, 513, 104, 141, 461, 155, 344, 208, 50, 230, 165, 284, 95, 376, 73, 22, 206, 480, 133, 409, 138, 71, 193, 400, 286, 65, 239, 14, 134, 290, 324, 106, 204, 32, 183, 4, 185, 213, 420, 242, 355, 438, 442, 490, 195, 452, 436, 444, 453, 78, 493, 116, 221, 125, 505, 448, 462, 166, 197, 357, 128, 460, 491, 148, 121, 322, 270, 180, 9, 89, 94, 115, 316, 154, 485, 383, 342, 105, 234, 120, 70, 298, 97, 317, 401, 439, 209, 367, 334, 100, 429, 285, 294, 54, 67, 114, 413, 79, 351, 251, 167, 451, 273, 111, 465, 112, 184, 287, 88, 301, 406, 57, 366, 276, 486, 347, 360, 268, 157, 30, 20, 478, 191, 397, 162, 31, 235, 380, 314, 488, 237, 483, 48, 387, 262, 390, 332, 188, 352, 98, 278, 12, 153, 7, 412, 205, 431, 76, 297, 26, 394, 492, 43, 161, 80, 498, 81, 363, 471, 402, 194, 122, 66, 499, 411, 378, 305, 200, 164, 328, 456, 375, 159, 255, 176, 308, 331, 10, 304, 466, 467, 126, 214, 280, 58, 218, 143, 303, 428, 310, 86, 241, 292, 190, 369, 265, 61, 392, 393, 379, 315, 410, 0, 227, 450, 427, 75, 418, 275, 177, 370, 261, 487, 432, 459, 320, 90, 152, 56, 220, 38, 319, 135, 419, 329, 28, 354, 333, 257, 318, 311, 389, 371, 335, 283, 59, 92, 479, 385, 269, 288, 102, 27, 481, 475, 87, 84, 340, 443, 447, 464, 358, 504, 279, 293, 34, 85, 463, 233, 119, 434, 482, 395, 356, 511, 231, 109, 501, 44, 476, 253, 228, 215, 377, 83, 381, 216, 500, 212, 339, 302, 405, 217, 60, 472, 494, 266, 117, 368, 326, 247, 35, 45, 484, 163, 174, 144, 21, 398, 260, 264, 515, 384, 222, 416, 16, 25, 243, 8, 330, 437, 29, 63, 201, 47, 187, 244, 240, 359, 263, 113, 321, 455, 430, 130, 446, 158, 508]
2026-10-03 16:14:40,005 [RSIAT_adapter.py] => SSCA feature mode: paired_eval
2026-10-03 16:14:48,558 [toolkit.py] => All params: 87226880
2026-10-03 16:14:48,558 [toolkit.py] => Trainable params: 1428224
2026-10-03 16:14:50,488 [RSIAT_adapter.py] => QKSR diagnostics task=7 epoch=1 gamma=0.22178811 gradients_epoch={} kernel_epoch={'batches': 11, 'empty_batches': 0, 'pairs': 72660, 'min': 0.05209628865122795, 'mean': 0.584085201942499, 'std': 0.19383535924385506, 'max': 1.0, 'histogram_10_bins_0_1': [88, 1218, 4340, 8738, 10517, 12403, 13828, 11503, 6344, 3681], 'self_diagonal_excluded': True} inc_weight=0.083333333
2026-10-03 16:14:52,350 [RSIAT_adapter.py] => QKSR diagnostics task=7 epoch=2 gamma=0.22178811 gradients_epoch={} kernel_epoch={'batches': 11, 'empty_batches': 0, 'pairs': 72660, 'min': 0.06103510409593582, 'mean': 0.5856456561198629, 'std': 0.1937009032404028, 'max': 1.0, 'histogram_10_bins_0_1': [85, 1196, 4102, 8792, 10594, 12473, 13672, 11534, 6447, 3765], 'self_diagonal_excluded': True} inc_weight=0.16666667
2026-10-03 16:14:54,212 [RSIAT_adapter.py] => QKSR diagnostics task=7 epoch=3 gamma=0.22178811 gradients_epoch={} kernel_epoch={'batches': 11, 'empty_batches': 0, 'pairs': 72660, 'min': 0.07133521884679794, 'mean': 0.5827778323984428, 'std': 0.19822987698962785, 'max': 1.0, 'histogram_10_bins_0_1': [167, 1379, 4673, 8655, 10426, 12295, 13442, 11444, 6044, 4135], 'self_diagonal_excluded': True} inc_weight=0.25
2026-10-03 16:14:56,088 [RSIAT_adapter.py] => QKSR diagnostics task=7 epoch=4 gamma=0.22178811 gradients_epoch={} kernel_epoch={'batches': 11, 'empty_batches': 0, 'pairs': 72660, 'min': 0.04249906167387962, 'mean': 0.5835243354117492, 'std': 0.19607527801348829, 'max': 1.0, 'histogram_10_bins_0_1': [29, 1392, 4543, 8572, 10472, 12694, 13723, 11132, 5960, 4143], 'self_diagonal_excluded': True} inc_weight=0.25
2026-10-03 16:14:57,951 [RSIAT_adapter.py] => QKSR diagnostics task=7 epoch=5 gamma=0.22178811 gradients_epoch={} kernel_epoch={'batches': 11, 'empty_batches': 0, 'pairs': 72660, 'min': 0.06393208354711533, 'mean': 0.5880677972792833, 'std': 0.19361047905816844, 'max': 1.0, 'histogram_10_bins_0_1': [121, 1097, 4042, 8654, 10356, 12750, 13764, 11476, 6445, 3955], 'self_diagonal_excluded': True} inc_weight=0.25
2026-10-03 16:14:59,818 [RSIAT_adapter.py] => QKSR diagnostics task=7 epoch=6 gamma=0.22178811 gradients_epoch={} kernel_epoch={'batches': 11, 'empty_batches': 0, 'pairs': 72660, 'min': 0.045876506716012955, 'mean': 0.588825573899342, 'std': 0.1979565647940461, 'max': 1.0, 'histogram_10_bins_0_1': [115, 1154, 4210, 9141, 10297, 11817, 13544, 11416, 6503, 4463], 'self_diagonal_excluded': True} inc_weight=0.25
2026-10-03 16:15:01,687 [RSIAT_adapter.py] => QKSR diagnostics task=7 epoch=7 gamma=0.22178811 gradients_epoch={} kernel_epoch={'batches': 11, 'empty_batches': 0, 'pairs': 72660, 'min': 0.04284759610891342, 'mean': 0.5752142895394031, 'std': 0.1976046333584497, 'max': 1.0, 'histogram_10_bins_0_1': [134, 1664, 4673, 9018, 10576, 12469, 13718, 10910, 5738, 3760], 'self_diagonal_excluded': True} inc_weight=0.25
2026-10-03 16:15:03,558 [RSIAT_adapter.py] => QKSR diagnostics task=7 epoch=8 gamma=0.22178811 gradients_epoch={} kernel_epoch={'batches': 11, 'empty_batches': 0, 'pairs': 72660, 'min': 0.04338229447603226, 'mean': 0.5841048593977156, 'std': 0.19468988156858014, 'max': 1.0, 'histogram_10_bins_0_1': [92, 1326, 4200, 8545, 10955, 12293, 13708, 11508, 6240, 3793], 'self_diagonal_excluded': True} inc_weight=0.25
2026-10-03 16:15:05,423 [RSIAT_adapter.py] => QKSR diagnostics task=7 epoch=9 gamma=0.22178811 gradients_epoch={} kernel_epoch={'batches': 11, 'empty_batches': 0, 'pairs': 72660, 'min': 0.05468858778476715, 'mean': 0.5831094945176714, 'std': 0.19483807381235607, 'max': 1.0, 'histogram_10_bins_0_1': [127, 1411, 4162, 8501, 10700, 12742, 13902, 11358, 5832, 3925], 'self_diagonal_excluded': True} inc_weight=0.25
2026-10-03 16:15:07,344 [RSIAT_adapter.py] => QKSR diagnostics task=7 epoch=10 gamma=0.22178811 gradients_epoch={} kernel_epoch={'batches': 11, 'empty_batches': 0, 'pairs': 72660, 'min': 0.04399843513965607, 'mean': 0.5753773530637561, 'std': 0.19698987515043834, 'max': 1.0, 'histogram_10_bins_0_1': [127, 1485, 4927, 8973, 10643, 12575, 13439, 11071, 5619, 3801], 'self_diagonal_excluded': True} inc_weight=0.25
2026-10-03 16:15:09,243 [RSIAT_adapter.py] => QKSR diagnostics task=7 epoch=11 gamma=0.22178811 gradients_epoch={} kernel_epoch={'batches': 11, 'empty_batches': 0, 'pairs': 72660, 'min': 0.04643503949046135, 'mean': 0.5781073791467878, 'std': 0.19764451652017473, 'max': 1.0, 'histogram_10_bins_0_1': [106, 1549, 4473, 9006, 10912, 12418, 13462, 10905, 5798, 4031], 'self_diagonal_excluded': True} inc_weight=0.25
2026-10-03 16:15:11,133 [RSIAT_adapter.py] => QKSR diagnostics task=7 epoch=12 gamma=0.22178811 gradients_epoch={} kernel_epoch={'batches': 11, 'empty_batches': 0, 'pairs': 72660, 'min': 0.049479153007268906, 'mean': 0.5800402704357154, 'std': 0.19573903752329497, 'max': 1.0, 'histogram_10_bins_0_1': [70, 1312, 4461, 9189, 10905, 12242, 13691, 10894, 5860, 4036], 'self_diagonal_excluded': True} inc_weight=0.25
2026-10-03 16:15:13,024 [RSIAT_adapter.py] => QKSR diagnostics task=7 epoch=13 gamma=0.22178811 gradients_epoch={} kernel_epoch={'batches': 11, 'empty_batches': 0, 'pairs': 72660, 'min': 0.04378047212958336, 'mean': 0.5752857243384322, 'std': 0.19483213534004226, 'max': 1.0, 'histogram_10_bins_0_1': [150, 1417, 4696, 8870, 10872, 12768, 13729, 10901, 5653, 3604], 'self_diagonal_excluded': True} inc_weight=0.25
2026-10-03 16:15:14,923 [RSIAT_adapter.py] => QKSR diagnostics task=7 epoch=14 gamma=0.22178811 gradients_epoch={} kernel_epoch={'batches': 11, 'empty_batches': 0, 'pairs': 72660, 'min': 0.06419159471988678, 'mean': 0.5827383619263263, 'std': 0.19770695719149023, 'max': 1.0, 'histogram_10_bins_0_1': [74, 1550, 4641, 8386, 10539, 12478, 13439, 11389, 6112, 4052], 'self_diagonal_excluded': True} inc_weight=0.25
2026-10-03 16:15:20,583 [RSIAT_adapter.py] => QKSR diagnostics task=7 epoch=15 gamma=0.22178811 gradients_epoch={} kernel_epoch={'batches': 11, 'empty_batches': 0, 'pairs': 72660, 'min': 0.060221392661333084, 'mean': 0.5839810223394772, 'std': 0.1953124928366782, 'max': 1.0, 'histogram_10_bins_0_1': [65, 1118, 4575, 8745, 10684, 12511, 13741, 10933, 6196, 4092], 'self_diagonal_excluded': True} inc_weight=0.25
2026-10-03 16:15:20,583 [RSIAT_adapter.py] => Task 7, Epoch 15/15 => Loss 4.205, Loss_c 2.949, Losses_rt 1.256, Train_accy 81.70, Test_accy 67.62, Time 1.91s
2026-10-03 16:15:20,584 [RSIAT_adapter.py] => Task 7 peak GPU memory: 4879.47 MiB
2026-10-03 16:15:36,604 [base.py] => Stage metrics task=7 stage=pre_ca split=test accuracy={'total': 67.62, '00-09': 53.75, '10-19': 72.82, '20-29': 67.35, '30-39': 69.0, '40-49': 72.86, '50-59': 79.37, '60-69': 71.05, '70-79': 58.06, '80-89': 70.51, '90-99': 66.67, '100-109': 63.64, '110-119': 72.97, '120-129': 44.44, '130-139': 75.0, '140-149': 75.0, '150-159': 63.64, 'old': 67.28, 'new': 70.5}
2026-10-03 16:15:37,044 [base.py] => CA Task 7 => Loss 0.111, Test_accy skipped
2026-10-03 16:15:37,475 [base.py] => CA Task 7 => Loss 0.097, Test_accy skipped
2026-10-03 16:15:37,906 [base.py] => CA Task 7 => Loss 0.092, Test_accy skipped
2026-10-03 16:15:38,336 [base.py] => CA Task 7 => Loss 0.088, Test_accy skipped
2026-10-03 16:15:38,767 [base.py] => CA Task 7 => Loss 0.086, Test_accy skipped
2026-10-03 16:15:39,197 [base.py] => CA Task 7 => Loss 0.083, Test_accy skipped
2026-10-03 16:15:39,599 [base.py] => CA Task 7 => Loss 0.083, Test_accy skipped
2026-10-03 16:15:40,000 [base.py] => CA Task 7 => Loss 0.083, Test_accy skipped
2026-10-03 16:15:40,401 [base.py] => CA Task 7 => Loss 0.081, Test_accy skipped
2026-10-03 16:15:43,554 [base.py] => CA Task 7 => Loss 0.083, Test_accy 68.320
2026-10-03 16:15:50,171 [base.py] => Stage metrics task=7 stage=post_ca split=test accuracy={'total': 68.32, '00-09': 52.5, '10-19': 72.82, '20-29': 67.35, '30-39': 70.0, '40-49': 71.43, '50-59': 79.37, '60-69': 72.81, '70-79': 60.22, '80-89': 75.64, '90-99': 69.84, '100-109': 63.64, '110-119': 74.32, '120-129': 46.03, '130-139': 75.0, '140-149': 76.19, '150-159': 58.18, 'old': 68.23, 'new': 69.06}
2026-10-03 16:15:50,171 [RSIAT_adapter.py] => CA accuracy delta task=7 total=0.7000 old=0.9500 new=-1.4400
2026-10-03 16:15:50,171 [trainer.py] => Evaluation split: test
2026-10-03 16:15:53,003 [trainer.py] => CNN: {'total': 68.32, '00-09': 52.5, '10-19': 72.82, '20-29': 67.35, '30-39': 70.0, '40-49': 71.43, '50-59': 79.37, '60-69': 72.81, '70-79': 60.22, '80-89': 75.64, '90-99': 69.84, '100-109': 63.64, '110-119': 74.32, '120-129': 46.03, '130-139': 75.0, '140-149': 76.19, '150-159': 58.18, 'old': 68.23, 'new': 69.06}
2026-10-03 16:15:53,003 [trainer.py] => Continual metrics after task 7: BWT=-9.3900, forgetting=9.3900, task_acc=[63.93, 68.69, 75.19, 67.15, 73.05, 69.29, 62.59, 69.06]
2026-10-03 16:15:53,235 [base.py] => Saved checkpoint: /kaggle/working/qksr_ablation_runs/ckpt/imageneta_G0_paired_current_margin_full/imageneta/20_20/seed_1993/task_7.pkl
2026-10-03 16:15:53,235 [trainer.py] => CNN top1 curve: [87.43, 82.15, 80.35, 75.87, 74.48, 72.85, 70.84, 68.32]
2026-10-03 16:15:53,235 [trainer.py] => CNN top5 curve: [98.36, 95.54, 94.36, 93.07, 92.11, 91.52, 90.34, 88.82]
2026-10-03 16:15:53,235 [trainer.py] => Average Accuracy (CNN): 76.53625
2026-10-03 16:15:53,235 [trainer.py] => All params: 87111168
2026-10-03 16:15:53,236 [trainer.py] => Trainable params: 1312512
2026-10-03 16:15:53,237 [RSIAT_adapter.py] => Learning on 160-180
2026-10-03 16:15:53,329 [RSIAT_adapter.py] => QKSR calibration task=8 samples=512 indices=[492, 353, 420, 410, 224, 55, 186, 141, 349, 2, 254, 461, 554, 448, 325, 51, 455, 170, 188, 396, 290, 92, 238, 179, 458, 155, 32, 60, 264, 86, 143, 106, 313, 404, 393, 35, 309, 505, 265, 88, 481, 280, 374, 403, 217, 352, 122, 229, 52, 512, 470, 68, 1, 218, 77, 336, 235, 296, 299, 418, 258, 547, 250, 13, 372, 535, 3, 210, 346, 247, 316, 157, 269, 16, 497, 432, 332, 6, 358, 479, 206, 12, 429, 153, 486, 41, 342, 437, 128, 145, 390, 125, 276, 311, 30, 387, 333, 329, 49, 541, 227, 171, 521, 529, 417, 109, 477, 557, 257, 241, 268, 482, 31, 205, 111, 178, 295, 439, 286, 369, 42, 539, 191, 136, 83, 45, 499, 266, 430, 319, 102, 79, 95, 14, 24, 231, 133, 237, 121, 132, 154, 18, 147, 249, 46, 447, 545, 398, 488, 367, 335, 303, 98, 244, 58, 137, 496, 465, 364, 23, 177, 423, 395, 185, 38, 537, 228, 75, 347, 431, 138, 87, 151, 131, 543, 190, 173, 485, 43, 234, 362, 553, 36, 100, 413, 271, 284, 270, 124, 123, 459, 343, 555, 84, 328, 338, 104, 445, 324, 468, 182, 160, 278, 255, 162, 96, 116, 180, 548, 464, 451, 392, 8, 422, 108, 440, 90, 503, 252, 471, 528, 120, 135, 175, 285, 386, 318, 172, 40, 242, 144, 498, 7, 76, 53, 534, 63, 192, 389, 298, 9, 466, 216, 320, 297, 523, 533, 380, 20, 78, 164, 302, 308, 207, 524, 469, 277, 61, 307, 310, 562, 551, 117, 115, 399, 167, 112, 323, 427, 226, 550, 5, 44, 134, 107, 363, 208, 287, 337, 382, 139, 165, 187, 518, 510, 161, 272, 330, 444, 47, 105, 385, 516, 82, 559, 530, 452, 354, 348, 273, 345, 517, 101, 260, 542, 176, 436, 15, 37, 322, 467, 150, 11, 456, 225, 193, 331, 522, 476, 419, 288, 460, 256, 472, 391, 251, 230, 289, 85, 279, 219, 441, 370, 214, 378, 433, 300, 48, 462, 425, 327, 211, 57, 371, 233, 493, 39, 174, 426, 239, 74, 527, 274, 435, 532, 314, 480, 72, 519, 215, 97, 449, 360, 514, 301, 489, 351, 415, 194, 317, 59, 4, 34, 129, 428, 169, 198, 558, 127, 196, 368, 564, 94, 421, 315, 64, 544, 438, 221, 373, 475, 245, 546, 463, 240, 246, 400, 195, 500, 501, 526, 513, 502, 411, 17, 383, 158, 166, 406, 305, 110, 306, 81, 50, 25, 213, 361, 483, 243, 397, 381, 446, 355, 212, 62, 339, 282, 450, 405, 357, 65, 401, 509, 19, 484, 294, 261, 91, 490, 376, 359, 538, 549, 66, 159, 531, 507, 292, 184, 409, 259, 504, 253, 494, 263, 379, 209, 204, 140, 262, 556, 384, 93, 152, 163, 377, 89, 21, 356, 149, 334, 156, 473, 29, 146, 552, 402, 511, 168, 350, 560, 28, 202, 408, 365, 80, 126, 232, 293, 520, 275, 291, 304, 454, 70, 281, 495, 267, 99, 416, 515, 283, 222, 340, 388, 26, 442, 148, 189, 375, 73, 119]
2026-10-03 16:15:53,331 [RSIAT_adapter.py] => SSCA feature mode: paired_eval
2026-10-03 16:16:03,736 [toolkit.py] => All params: 87242240
2026-10-03 16:16:03,737 [toolkit.py] => Trainable params: 1443584
2026-10-03 16:16:05,857 [RSIAT_adapter.py] => QKSR diagnostics task=8 epoch=1 gamma=0.22178811 gradients_epoch={} kernel_epoch={'batches': 12, 'empty_batches': 0, 'pairs': 90400, 'min': 0.053801488131284714, 'mean': 0.5871971166426877, 'std': 0.18738186525217704, 'max': 1.0, 'histogram_10_bins_0_1': [125, 1670, 5033, 9900, 12235, 16019, 17983, 15646, 8843, 2946], 'self_diagonal_excluded': True} inc_weight=0.083333333
2026-10-03 16:16:07,881 [RSIAT_adapter.py] => QKSR diagnostics task=8 epoch=2 gamma=0.22178811 gradients_epoch={} kernel_epoch={'batches': 12, 'empty_batches': 0, 'pairs': 90400, 'min': 0.07876688241958618, 'mean': 0.5897569808259244, 'std': 0.1858949537623739, 'max': 0.9999957084655762, 'histogram_10_bins_0_1': [74, 1647, 4604, 9934, 12429, 15852, 17632, 16370, 8938, 2920], 'self_diagonal_excluded': True} inc_weight=0.16666667
2026-10-03 16:16:09,921 [RSIAT_adapter.py] => QKSR diagnostics task=8 epoch=3 gamma=0.22178811 gradients_epoch={} kernel_epoch={'batches': 12, 'empty_batches': 0, 'pairs': 90400, 'min': 0.05105205252766609, 'mean': 0.5861848034935105, 'std': 0.18500792311489295, 'max': 0.9999306201934814, 'histogram_10_bins_0_1': [210, 1624, 4826, 9755, 12444, 16123, 18169, 16041, 8664, 2544], 'self_diagonal_excluded': True} inc_weight=0.25
2026-10-03 16:16:11,966 [RSIAT_adapter.py] => QKSR diagnostics task=8 epoch=4 gamma=0.22178811 gradients_epoch={} kernel_epoch={'batches': 12, 'empty_batches': 0, 'pairs': 90400, 'min': 0.05553515627980232, 'mean': 0.5891418863245311, 'std': 0.18719903597020043, 'max': 0.9999973773956299, 'histogram_10_bins_0_1': [64, 1562, 5046, 9803, 12611, 15589, 17412, 16364, 8959, 2990], 'self_diagonal_excluded': True} inc_weight=0.25
2026-10-03 16:16:14,015 [RSIAT_adapter.py] => QKSR diagnostics task=8 epoch=5 gamma=0.22178811 gradients_epoch={} kernel_epoch={'batches': 12, 'empty_batches': 0, 'pairs': 90400, 'min': 0.07847288250923157, 'mean': 0.5879326345021548, 'std': 0.18399849544779318, 'max': 0.9999744892120361, 'histogram_10_bins_0_1': [91, 1455, 4708, 9730, 12958, 16321, 17999, 15508, 8741, 2889], 'self_diagonal_excluded': True} inc_weight=0.25
2026-10-03 16:16:16,071 [RSIAT_adapter.py] => QKSR diagnostics task=8 epoch=6 gamma=0.22178811 gradients_epoch={} kernel_epoch={'batches': 12, 'empty_batches': 0, 'pairs': 90400, 'min': 0.06483981013298035, 'mean': 0.5844227486242235, 'std': 0.1873400763811982, 'max': 0.9999953508377075, 'histogram_10_bins_0_1': [185, 1767, 5035, 9818, 12615, 16061, 17915, 15799, 8338, 2867], 'self_diagonal_excluded': True} inc_weight=0.25
2026-10-03 16:16:18,126 [RSIAT_adapter.py] => QKSR diagnostics task=8 epoch=7 gamma=0.22178811 gradients_epoch={} kernel_epoch={'batches': 12, 'empty_batches': 0, 'pairs': 90400, 'min': 0.0470784492790699, 'mean': 0.5835421770305859, 'std': 0.1884306616948844, 'max': 0.9999997019767761, 'histogram_10_bins_0_1': [189, 1794, 5152, 10226, 12208, 16204, 17389, 15714, 8625, 2899], 'self_diagonal_excluded': True} inc_weight=0.25
2026-10-03 16:16:20,176 [RSIAT_adapter.py] => QKSR diagnostics task=8 epoch=8 gamma=0.22178811 gradients_epoch={} kernel_epoch={'batches': 12, 'empty_batches': 0, 'pairs': 90400, 'min': 0.08503256738185883, 'mean': 0.5851552537788299, 'std': 0.18394734731769388, 'max': 1.0, 'histogram_10_bins_0_1': [74, 1613, 4881, 9997, 12604, 16176, 18214, 15776, 8503, 2562], 'self_diagonal_excluded': True} inc_weight=0.25
2026-10-03 16:16:22,223 [RSIAT_adapter.py] => QKSR diagnostics task=8 epoch=9 gamma=0.22178811 gradients_epoch={} kernel_epoch={'batches': 12, 'empty_batches': 0, 'pairs': 90400, 'min': 0.06859380006790161, 'mean': 0.5908373767184506, 'std': 0.18561340988360805, 'max': 0.9999802112579346, 'histogram_10_bins_0_1': [45, 1398, 5242, 9448, 12225, 16002, 17712, 16359, 9107, 2862], 'self_diagonal_excluded': True} inc_weight=0.25
2026-10-03 16:16:24,290 [RSIAT_adapter.py] => QKSR diagnostics task=8 epoch=10 gamma=0.22178811 gradients_epoch={} kernel_epoch={'batches': 12, 'empty_batches': 0, 'pairs': 90400, 'min': 0.046078041195869446, 'mean': 0.5815469361420111, 'std': 0.18802858546109538, 'max': 0.9999997615814209, 'histogram_10_bins_0_1': [124, 1991, 5309, 9887, 12733, 16000, 17402, 15790, 8574, 2590], 'self_diagonal_excluded': True} inc_weight=0.25
2026-10-03 16:16:26,339 [RSIAT_adapter.py] => QKSR diagnostics task=8 epoch=11 gamma=0.22178811 gradients_epoch={} kernel_epoch={'batches': 12, 'empty_batches': 0, 'pairs': 90400, 'min': 0.058933939784765244, 'mean': 0.584540793216062, 'std': 0.18790589360545798, 'max': 0.9999943971633911, 'histogram_10_bins_0_1': [215, 1544, 5183, 10144, 12521, 15925, 17300, 16044, 8756, 2768], 'self_diagonal_excluded': True} inc_weight=0.25
2026-10-03 16:16:28,384 [RSIAT_adapter.py] => QKSR diagnostics task=8 epoch=12 gamma=0.22178811 gradients_epoch={} kernel_epoch={'batches': 12, 'empty_batches': 0, 'pairs': 90400, 'min': 0.0554225817322731, 'mean': 0.5855499903124188, 'std': 0.187397146207584, 'max': 0.999995231628418, 'histogram_10_bins_0_1': [91, 1740, 4888, 10107, 12691, 16030, 17493, 15772, 8628, 2960], 'self_diagonal_excluded': True} inc_weight=0.25
2026-10-03 16:16:30,418 [RSIAT_adapter.py] => QKSR diagnostics task=8 epoch=13 gamma=0.22178811 gradients_epoch={} kernel_epoch={'batches': 12, 'empty_batches': 0, 'pairs': 90400, 'min': 0.057699959725141525, 'mean': 0.5886687963103167, 'std': 0.18760136560362842, 'max': 1.0, 'histogram_10_bins_0_1': [66, 1790, 4665, 10086, 12497, 15501, 17537, 16341, 9009, 2908], 'self_diagonal_excluded': True} inc_weight=0.25
2026-10-03 16:16:32,465 [RSIAT_adapter.py] => QKSR diagnostics task=8 epoch=14 gamma=0.22178811 gradients_epoch={} kernel_epoch={'batches': 12, 'empty_batches': 0, 'pairs': 90400, 'min': 0.0817577913403511, 'mean': 0.5850623584863425, 'std': 0.18635201992769657, 'max': 0.9999998807907104, 'histogram_10_bins_0_1': [20, 1791, 4928, 10252, 12443, 15895, 18003, 15603, 8616, 2849], 'self_diagonal_excluded': True} inc_weight=0.25
2026-10-03 16:16:39,114 [RSIAT_adapter.py] => QKSR diagnostics task=8 epoch=15 gamma=0.22178811 gradients_epoch={} kernel_epoch={'batches': 12, 'empty_batches': 0, 'pairs': 90400, 'min': 0.05712626129388809, 'mean': 0.5866649659633209, 'std': 0.1872778201888009, 'max': 0.9999828338623047, 'histogram_10_bins_0_1': [114, 1608, 4949, 10093, 12487, 16012, 17542, 15896, 8613, 3086], 'self_diagonal_excluded': True} inc_weight=0.25
2026-10-03 16:16:39,114 [RSIAT_adapter.py] => Task 8, Epoch 15/15 => Loss 4.960, Loss_c 3.676, Losses_rt 1.284, Train_accy 73.45, Test_accy 64.54, Time 2.03s
2026-10-03 16:16:39,114 [RSIAT_adapter.py] => Task 8 peak GPU memory: 4873.49 MiB
2026-10-03 16:16:56,402 [base.py] => Stage metrics task=8 stage=pre_ca split=test accuracy={'total': 64.54, '00-09': 52.5, '10-19': 71.84, '20-29': 67.35, '30-39': 69.0, '40-49': 67.14, '50-59': 68.25, '60-69': 70.18, '70-79': 59.14, '80-89': 73.08, '90-99': 66.67, '100-109': 60.61, '110-119': 72.97, '120-129': 41.27, '130-139': 75.0, '140-149': 75.0, '150-159': 54.55, '160-169': 55.68, '170-179': 46.15, 'old': 66.07, 'new': 51.63}
2026-10-03 16:16:56,925 [base.py] => CA Task 8 => Loss 0.125, Test_accy skipped
2026-10-03 16:16:57,439 [base.py] => CA Task 8 => Loss 0.114, Test_accy skipped
2026-10-03 16:16:57,952 [base.py] => CA Task 8 => Loss 0.107, Test_accy skipped
2026-10-03 16:16:58,465 [base.py] => CA Task 8 => Loss 0.102, Test_accy skipped
2026-10-03 16:16:58,979 [base.py] => CA Task 8 => Loss 0.099, Test_accy skipped
2026-10-03 16:16:59,491 [base.py] => CA Task 8 => Loss 0.096, Test_accy skipped
2026-10-03 16:17:00,004 [base.py] => CA Task 8 => Loss 0.095, Test_accy skipped
2026-10-03 16:17:00,516 [base.py] => CA Task 8 => Loss 0.092, Test_accy skipped
2026-10-03 16:17:01,028 [base.py] => CA Task 8 => Loss 0.095, Test_accy skipped
2026-10-03 16:17:04,857 [base.py] => CA Task 8 => Loss 0.093, Test_accy 65.090
2026-10-03 16:17:12,792 [base.py] => Stage metrics task=8 stage=post_ca split=test accuracy={'total': 65.09, '00-09': 51.25, '10-19': 72.82, '20-29': 66.33, '30-39': 69.0, '40-49': 67.14, '50-59': 73.02, '60-69': 71.05, '70-79': 58.06, '80-89': 73.08, '90-99': 69.84, '100-109': 62.12, '110-119': 72.97, '120-129': 41.27, '130-139': 76.19, '140-149': 76.19, '150-159': 56.36, '160-169': 53.41, '170-179': 49.23, 'old': 66.69, 'new': 51.63}
2026-10-03 16:17:12,792 [RSIAT_adapter.py] => CA accuracy delta task=8 total=0.5500 old=0.6200 new=0.0000
2026-10-03 16:17:12,792 [trainer.py] => Evaluation split: test
2026-10-03 16:17:15,956 [trainer.py] => CNN: {'total': 65.09, '00-09': 51.25, '10-19': 72.82, '20-29': 66.33, '30-39': 69.0, '40-49': 67.14, '50-59': 73.02, '60-69': 71.05, '70-79': 58.06, '80-89': 73.08, '90-99': 69.84, '100-109': 62.12, '110-119': 72.97, '120-129': 41.27, '130-139': 76.19, '140-149': 76.19, '150-159': 56.36, '160-169': 53.41, '170-179': 49.23, 'old': 66.69, 'new': 51.63}
2026-10-03 16:17:15,956 [trainer.py] => Continual metrics after task 8: BWT=-9.9262, forgetting=9.9262, task_acc=[63.39, 67.68, 69.92, 65.22, 71.63, 67.86, 61.22, 68.35, 51.63]
2026-10-03 16:17:16,185 [base.py] => Saved checkpoint: /kaggle/working/qksr_ablation_runs/ckpt/imageneta_G0_paired_current_margin_full/imageneta/20_20/seed_1993/task_8.pkl
2026-10-03 16:17:16,186 [trainer.py] => CNN top1 curve: [87.43, 82.15, 80.35, 75.87, 74.48, 72.85, 70.84, 68.32, 65.09]
2026-10-03 16:17:16,186 [trainer.py] => CNN top5 curve: [98.36, 95.54, 94.36, 93.07, 92.11, 91.52, 90.34, 88.82, 87.02]
2026-10-03 16:17:16,186 [trainer.py] => Average Accuracy (CNN): 75.26444444444445
2026-10-03 16:17:16,186 [trainer.py] => All params: 87126528
2026-10-03 16:17:16,187 [trainer.py] => Trainable params: 1327872
2026-10-03 16:17:16,188 [RSIAT_adapter.py] => Learning on 180-200
2026-10-03 16:17:16,302 [RSIAT_adapter.py] => QKSR calibration task=9 samples=512 indices=[245, 115, 9, 202, 43, 513, 447, 109, 403, 473, 107, 56, 87, 402, 355, 497, 177, 286, 183, 303, 431, 512, 163, 382, 337, 406, 464, 37, 41, 485, 70, 133, 161, 124, 328, 307, 79, 22, 492, 8, 338, 24, 195, 395, 326, 336, 463, 388, 335, 465, 90, 12, 428, 330, 137, 209, 493, 121, 462, 174, 510, 396, 101, 162, 443, 185, 353, 506, 85, 482, 227, 28, 322, 102, 67, 274, 352, 30, 83, 182, 194, 231, 300, 172, 317, 501, 495, 192, 265, 2, 75, 193, 255, 51, 130, 439, 238, 108, 166, 323, 211, 341, 458, 171, 44, 275, 26, 264, 505, 224, 438, 53, 272, 351, 256, 13, 120, 504, 489, 196, 412, 296, 397, 19, 236, 371, 411, 23, 65, 16, 496, 325, 418, 159, 400, 155, 189, 167, 470, 450, 232, 222, 369, 311, 125, 198, 277, 421, 511, 481, 187, 208, 282, 226, 55, 385, 45, 394, 287, 440, 100, 468, 235, 339, 157, 446, 281, 321, 302, 507, 284, 494, 315, 502, 354, 99, 362, 429, 436, 97, 38, 460, 478, 251, 47, 80, 451, 291, 260, 1, 0, 197, 419, 499, 145, 119, 333, 176, 422, 94, 118, 479, 331, 304, 110, 46, 389, 72, 480, 141, 95, 152, 135, 404, 346, 420, 444, 10, 134, 78, 219, 184, 381, 452, 34, 82, 500, 414, 268, 295, 40, 29, 35, 316, 413, 151, 126, 62, 214, 93, 461, 332, 368, 91, 250, 146, 243, 60, 39, 230, 471, 415, 229, 89, 143, 407, 344, 349, 319, 387, 373, 254, 165, 364, 288, 57, 154, 345, 283, 380, 73, 310, 123, 139, 253, 299, 105, 374, 223, 356, 508, 142, 392, 81, 7, 21, 178, 92, 247, 491, 386, 111, 27, 117, 96, 212, 456, 103, 32, 343, 476, 487, 263, 71, 252, 342, 290, 340, 36, 308, 312, 164, 210, 220, 203, 370, 426, 127, 15, 417, 150, 437, 114, 366, 423, 54, 363, 131, 309, 334, 88, 409, 466, 136, 484, 425, 179, 306, 289, 244, 424, 391, 63, 474, 271, 367, 4, 61, 305, 432, 398, 190, 186, 449, 201, 454, 84, 279, 408, 448, 25, 191, 128, 207, 430, 294, 122, 112, 215, 49, 399, 156, 347, 58, 298, 173, 138, 257, 301, 365, 204, 469, 213, 169, 64, 18, 153, 225, 233, 3, 129, 393, 132, 5, 329, 20, 239, 410, 358, 6, 378, 248, 498, 488, 48, 200, 205, 361, 278, 435, 216, 240, 228, 98, 259, 384, 350, 280, 405, 434, 246, 441, 445, 175, 168, 33, 170, 148, 218, 427, 486, 490, 158, 237, 285, 483, 69, 318, 221, 292, 297, 144, 459, 59, 327, 273, 206, 147, 113, 293, 188, 401, 68, 357, 266, 320, 17, 66, 314, 11, 375, 472, 86, 234, 348, 453, 269, 383, 42, 379, 416, 467, 149, 267, 106, 475, 181, 160, 262, 324, 455, 313, 76, 258, 433, 77, 390, 31, 261, 217, 199, 241, 14, 359, 74, 270, 360, 376, 140, 276, 477, 249, 116, 180, 457, 377, 503, 509, 372, 50, 52, 104]
2026-10-03 16:17:16,304 [RSIAT_adapter.py] => SSCA feature mode: paired_eval
2026-10-03 16:17:25,003 [toolkit.py] => All params: 87257600
2026-10-03 16:17:25,003 [toolkit.py] => Trainable params: 1458944
2026-10-03 16:17:26,969 [RSIAT_adapter.py] => QKSR diagnostics task=9 epoch=1 gamma=0.22178811 gradients_epoch={} kernel_epoch={'batches': 11, 'empty_batches': 0, 'pairs': 92520, 'min': 0.0504785031080246, 'mean': 0.5853559821428972, 'std': 0.19780579696631295, 'max': 1.0, 'histogram_10_bins_0_1': [127, 2213, 5017, 11231, 13290, 15164, 17101, 15046, 8381, 4950], 'self_diagonal_excluded': True} inc_weight=0.083333333
2026-10-03 16:17:28,858 [RSIAT_adapter.py] => QKSR diagnostics task=9 epoch=2 gamma=0.22178811 gradients_epoch={} kernel_epoch={'batches': 11, 'empty_batches': 0, 'pairs': 92520, 'min': 0.0537608303129673, 'mean': 0.5803931854851705, 'std': 0.1977393294635608, 'max': 1.0, 'histogram_10_bins_0_1': [151, 2337, 5718, 10771, 13281, 15431, 17524, 14901, 7646, 4760], 'self_diagonal_excluded': True} inc_weight=0.16666667
2026-10-03 16:17:30,766 [RSIAT_adapter.py] => QKSR diagnostics task=9 epoch=3 gamma=0.22178811 gradients_epoch={} kernel_epoch={'batches': 11, 'empty_batches': 0, 'pairs': 92520, 'min': 0.03440669924020767, 'mean': 0.5808521475603058, 'std': 0.19891350329170737, 'max': 0.9999998807907104, 'histogram_10_bins_0_1': [356, 2204, 5342, 11180, 13361, 15333, 17183, 14731, 8035, 4795], 'self_diagonal_excluded': True} inc_weight=0.25
2026-10-03 16:17:32,659 [RSIAT_adapter.py] => QKSR diagnostics task=9 epoch=4 gamma=0.22178811 gradients_epoch={} kernel_epoch={'batches': 11, 'empty_batches': 0, 'pairs': 92520, 'min': 0.06165839359164238, 'mean': 0.5812306523075029, 'std': 0.19535660267530855, 'max': 1.0, 'histogram_10_bins_0_1': [228, 2250, 5112, 11074, 13074, 15919, 17549, 15137, 7975, 4202], 'self_diagonal_excluded': True} inc_weight=0.25
2026-10-03 16:17:34,566 [RSIAT_adapter.py] => QKSR diagnostics task=9 epoch=5 gamma=0.22178811 gradients_epoch={} kernel_epoch={'batches': 11, 'empty_batches': 0, 'pairs': 92520, 'min': 0.056460004299879074, 'mean': 0.5753813186101938, 'std': 0.19668646844400484, 'max': 0.9999998807907104, 'histogram_10_bins_0_1': [178, 2436, 5784, 11097, 13418, 15691, 17633, 14505, 7465, 4313], 'self_diagonal_excluded': True} inc_weight=0.25
2026-10-03 16:17:36,448 [RSIAT_adapter.py] => QKSR diagnostics task=9 epoch=6 gamma=0.22178811 gradients_epoch={} kernel_epoch={'batches': 11, 'empty_batches': 0, 'pairs': 92520, 'min': 0.044314391911029816, 'mean': 0.5787631515135294, 'std': 0.19858165352072324, 'max': 1.0, 'histogram_10_bins_0_1': [170, 2338, 5495, 11326, 13634, 15538, 17072, 14609, 7328, 5010], 'self_diagonal_excluded': True} inc_weight=0.25
2026-10-03 16:17:38,329 [RSIAT_adapter.py] => QKSR diagnostics task=9 epoch=7 gamma=0.22178811 gradients_epoch={} kernel_epoch={'batches': 11, 'empty_batches': 0, 'pairs': 92520, 'min': 0.05089610442519188, 'mean': 0.580248033086227, 'std': 0.1996236260196393, 'max': 1.0, 'histogram_10_bins_0_1': [254, 2314, 5521, 11188, 13409, 15353, 16859, 14705, 8069, 4848], 'self_diagonal_excluded': True} inc_weight=0.25
2026-10-03 16:17:40,206 [RSIAT_adapter.py] => QKSR diagnostics task=9 epoch=8 gamma=0.22178811 gradients_epoch={} kernel_epoch={'batches': 11, 'empty_batches': 0, 'pairs': 92520, 'min': 0.05739126354455948, 'mean': 0.5755085120520764, 'std': 0.2018983445656439, 'max': 1.0, 'histogram_10_bins_0_1': [269, 2727, 5637, 11817, 13182, 15175, 16782, 14242, 7743, 4946], 'self_diagonal_excluded': True} inc_weight=0.25
2026-10-03 16:17:42,103 [RSIAT_adapter.py] => QKSR diagnostics task=9 epoch=9 gamma=0.22178811 gradients_epoch={} kernel_epoch={'batches': 11, 'empty_batches': 0, 'pairs': 92520, 'min': 0.032746464014053345, 'mean': 0.5804905371123605, 'std': 0.1981790503196418, 'max': 1.0, 'histogram_10_bins_0_1': [176, 2260, 5656, 11249, 13020, 15341, 17369, 14820, 7958, 4671], 'self_diagonal_excluded': True} inc_weight=0.25
2026-10-03 16:17:44,045 [RSIAT_adapter.py] => QKSR diagnostics task=9 epoch=10 gamma=0.22178811 gradients_epoch={} kernel_epoch={'batches': 11, 'empty_batches': 0, 'pairs': 92520, 'min': 0.06564072519540787, 'mean': 0.5741008148266512, 'std': 0.1978104790431014, 'max': 1.0, 'histogram_10_bins_0_1': [86, 2778, 5614, 11462, 13163, 15769, 17423, 14408, 7518, 4299], 'self_diagonal_excluded': True} inc_weight=0.25
2026-10-03 16:17:45,932 [RSIAT_adapter.py] => QKSR diagnostics task=9 epoch=11 gamma=0.22178811 gradients_epoch={} kernel_epoch={'batches': 11, 'empty_batches': 0, 'pairs': 92520, 'min': 0.03857407346367836, 'mean': 0.5841453366687822, 'std': 0.19558864057845488, 'max': 1.0, 'histogram_10_bins_0_1': [138, 2189, 5257, 10719, 12851, 15764, 17970, 14815, 8295, 4522], 'self_diagonal_excluded': True} inc_weight=0.25
2026-10-03 16:17:47,820 [RSIAT_adapter.py] => QKSR diagnostics task=9 epoch=12 gamma=0.22178811 gradients_epoch={} kernel_epoch={'batches': 11, 'empty_batches': 0, 'pairs': 92520, 'min': 0.04854445904493332, 'mean': 0.5800945212413472, 'std': 0.19805155642220806, 'max': 1.0, 'histogram_10_bins_0_1': [275, 2368, 5337, 10934, 13508, 15489, 17391, 14755, 7699, 4764], 'self_diagonal_excluded': True} inc_weight=0.25
2026-10-03 16:17:49,723 [RSIAT_adapter.py] => QKSR diagnostics task=9 epoch=13 gamma=0.22178811 gradients_epoch={} kernel_epoch={'batches': 11, 'empty_batches': 0, 'pairs': 92520, 'min': 0.05778444930911064, 'mean': 0.5809847931953376, 'std': 0.19615790569621502, 'max': 1.0, 'histogram_10_bins_0_1': [118, 2145, 5519, 10994, 13507, 15463, 17619, 14765, 7843, 4547], 'self_diagonal_excluded': True} inc_weight=0.25
2026-10-03 16:17:51,622 [RSIAT_adapter.py] => QKSR diagnostics task=9 epoch=14 gamma=0.22178811 gradients_epoch={} kernel_epoch={'batches': 11, 'empty_batches': 0, 'pairs': 92520, 'min': 0.06050852686166763, 'mean': 0.5844370765927205, 'std': 0.19711683686267908, 'max': 1.0, 'histogram_10_bins_0_1': [247, 2366, 4742, 10877, 13372, 15490, 17633, 14949, 8003, 4841], 'self_diagonal_excluded': True} inc_weight=0.25
2026-10-03 16:17:57,861 [RSIAT_adapter.py] => QKSR diagnostics task=9 epoch=15 gamma=0.22178811 gradients_epoch={} kernel_epoch={'batches': 11, 'empty_batches': 0, 'pairs': 92520, 'min': 0.04581848904490471, 'mean': 0.583090853682565, 'std': 0.19693692428700008, 'max': 1.0, 'histogram_10_bins_0_1': [139, 2212, 5441, 10655, 13504, 15296, 17758, 14746, 7936, 4833], 'self_diagonal_excluded': True} inc_weight=0.25
2026-10-03 16:17:57,862 [RSIAT_adapter.py] => Task 9, Epoch 15/15 => Loss 3.935, Loss_c 2.677, Losses_rt 1.258, Train_accy 82.68, Test_accy 62.86, Time 1.87s
2026-10-03 16:17:57,862 [RSIAT_adapter.py] => Task 9 peak GPU memory: 4880.45 MiB
2026-10-03 16:18:15,155 [base.py] => Stage metrics task=9 stage=pre_ca split=test accuracy={'total': 62.86, '00-09': 48.75, '10-19': 70.87, '20-29': 65.31, '30-39': 67.0, '40-49': 65.71, '50-59': 68.25, '60-69': 67.54, '70-79': 50.54, '80-89': 71.79, '90-99': 66.67, '100-109': 56.06, '110-119': 64.86, '120-129': 41.27, '130-139': 71.43, '140-149': 75.0, '150-159': 52.73, '160-169': 53.41, '170-179': 43.08, '180-189': 68.0, '190-199': 75.86, 'old': 61.9, 'new': 72.99}
2026-10-03 16:18:15,766 [base.py] => CA Task 9 => Loss 0.126, Test_accy skipped
2026-10-03 16:18:16,370 [base.py] => CA Task 9 => Loss 0.110, Test_accy skipped
2026-10-03 16:18:16,972 [base.py] => CA Task 9 => Loss 0.106, Test_accy skipped
2026-10-03 16:18:17,573 [base.py] => CA Task 9 => Loss 0.101, Test_accy skipped
2026-10-03 16:18:18,176 [base.py] => CA Task 9 => Loss 0.100, Test_accy skipped
2026-10-03 16:18:18,777 [base.py] => CA Task 9 => Loss 0.098, Test_accy skipped
2026-10-03 16:18:19,379 [base.py] => CA Task 9 => Loss 0.097, Test_accy skipped
2026-10-03 16:18:19,981 [base.py] => CA Task 9 => Loss 0.096, Test_accy skipped
2026-10-03 16:18:20,583 [base.py] => CA Task 9 => Loss 0.096, Test_accy skipped
2026-10-03 16:18:24,571 [base.py] => CA Task 9 => Loss 0.095, Test_accy 65.020
2026-10-03 16:18:32,583 [base.py] => Stage metrics task=9 stage=post_ca split=test accuracy={'total': 65.02, '00-09': 51.25, '10-19': 71.84, '20-29': 66.33, '30-39': 67.0, '40-49': 67.14, '50-59': 71.43, '60-69': 70.18, '70-79': 56.99, '80-89': 73.08, '90-99': 66.67, '100-109': 62.12, '110-119': 67.57, '120-129': 42.86, '130-139': 75.0, '140-149': 76.19, '150-159': 56.36, '160-169': 55.68, '170-179': 44.62, '180-189': 66.0, '190-199': 78.16, 'old': 64.19, 'new': 73.72}
2026-10-03 16:18:32,583 [RSIAT_adapter.py] => CA accuracy delta task=9 total=2.1600 old=2.2900 new=0.7300
2026-10-03 16:18:32,583 [trainer.py] => Evaluation split: test
2026-10-03 16:18:35,993 [trainer.py] => CNN: {'total': 65.02, '00-09': 51.25, '10-19': 71.84, '20-29': 66.33, '30-39': 67.0, '40-49': 67.14, '50-59': 71.43, '60-69': 70.18, '70-79': 56.99, '80-89': 73.08, '90-99': 66.67, '100-109': 62.12, '110-119': 67.57, '120-129': 42.86, '130-139': 75.0, '140-149': 76.19, '150-159': 56.36, '160-169': 55.68, '170-179': 44.62, '180-189': 66.0, '190-199': 78.16, 'old': 64.19, 'new': 73.72}
2026-10-03 16:18:35,993 [trainer.py] => Continual metrics after task 9: BWT=-9.7356, forgetting=9.7356, task_acc=[62.84, 66.67, 69.17, 64.25, 70.21, 65.0, 61.22, 68.35, 50.98, 73.72]
2026-10-03 16:18:36,239 [base.py] => Saved checkpoint: /kaggle/working/qksr_ablation_runs/ckpt/imageneta_G0_paired_current_margin_full/imageneta/20_20/seed_1993/task_9.pkl
2026-10-03 16:18:36,240 [trainer.py] => CNN top1 curve: [87.43, 82.15, 80.35, 75.87, 74.48, 72.85, 70.84, 68.32, 65.09, 65.02]
2026-10-03 16:18:36,240 [trainer.py] => CNN top5 curve: [98.36, 95.54, 94.36, 93.07, 92.11, 91.52, 90.34, 88.82, 87.02, 85.99]
2026-10-03 16:18:36,240 [trainer.py] => Average Accuracy (CNN): 74.24
2026-10-03 16:18:36,349 [trainer.py] => Average Seed Accuracy (CNN): 74.24
